{
  "confusion_matrix": [
    [
      103,
      131
    ],
    [
      229,
      161
    ]
  ],
  "total_samples": 624,
  "correct_predictions": 264,
  "accuracy": 0.4230769230769231,
  "loss": 0.7057850911067083,
  "classification_report": {
    "NORMAL": {
      "precision": 0.3102409638554217,
      "recall": 0.44017094017094016,
      "f1_score": 0.36395759717314485,
      "specificity": 0.4128205128205128,
      "TP": 103,
      "TN": 161,
      "FP": 229,
      "FN": 131
    },
    "PNEUMONIA": {
      "precision": 0.5513698630136986,
      "recall": 0.4128205128205128,
      "f1_score": 0.4721407624633431,
      "specificity": 0.44017094017094016,
      "TP": 161,
      "TN": 103,
      "FP": 131,
      "FN": 229
    },
    "macro_avg": {
      "precision": 0.43080541343456014,
      "recall": 0.4264957264957265,
      "f1_score": 0.41804917981824397
    },
    "accuracy": 0.4230769230769231
  },
  "test_config": {
    "model_path": "results/densenet/CXR8/layers_5/batch_size_32/loss_focal_loss/sampler_weighted/epochs_100/",
    "cross_dataset_path": "../../datasets/chest_xray",
    "pretrained_model": "densenet",
    "batch_size": 32,
    "device": "cuda"
  }
}