{
  "confusion_matrix": [
    [
      150,
      84
    ],
    [
      154,
      236
    ]
  ],
  "total_samples": 624,
  "correct_predictions": 386,
  "accuracy": 0.6185897435897436,
  "loss": 0.6410571672977545,
  "classification_report": {
    "NORMAL": {
      "precision": 0.4934210526315789,
      "recall": 0.6410256410256411,
      "f1_score": 0.5576203263088039,
      "specificity": 0.6051282051282051,
      "TP": 150,
      "TN": 236,
      "FP": 154,
      "FN": 84
    },
    "PNEUMONIA": {
      "precision": 0.7375,
      "recall": 0.6051282051282051,
      "f1_score": 0.6647882372548819,
      "specificity": 0.6410256410256411,
      "TP": 236,
      "TN": 150,
      "FP": 84,
      "FN": 154
    },
    "macro_avg": {
      "precision": 0.6154605263157895,
      "recall": 0.6230769230769231,
      "f1_score": 0.6112042817818428
    },
    "accuracy": 0.6185897435897436
  },
  "test_config": {
    "model_path": "results/efficientnet/CXR8/layers_2/batch_size_32/epochs_500/timestamp_11122025_150702/",
    "cross_dataset_path": "../../datasets/chest_xray",
    "pretrained_model": "efficientnet",
    "batch_size": 32,
    "device": "cuda"
  }
}