{
  "confusion_matrix": [
    [
      160,
      74
    ],
    [
      192,
      198
    ]
  ],
  "total_samples": 624,
  "correct_predictions": 358,
  "accuracy": 0.5737179487179487,
  "loss": 0.677817952938569,
  "classification_report": {
    "NORMAL": {
      "precision": 0.45454545454545453,
      "recall": 0.6837606837606838,
      "f1_score": 0.546075085324232,
      "specificity": 0.5076923076923077,
      "TP": 160,
      "TN": 198,
      "FP": 192,
      "FN": 74
    },
    "PNEUMONIA": {
      "precision": 0.7279411764705882,
      "recall": 0.5076923076923077,
      "f1_score": 0.5981873111782476,
      "specificity": 0.6837606837606838,
      "TP": 198,
      "TN": 160,
      "FP": 74,
      "FN": 192
    },
    "macro_avg": {
      "precision": 0.5912433155080213,
      "recall": 0.5957264957264957,
      "f1_score": 0.5721311982512398
    },
    "accuracy": 0.5737179487179487
  },
  "test_config": {
    "model_path": "results/resnet/CXR8/layers_None/batch_size_32/loss_cross_entropy/sampler_balanced/epochs_500/",
    "cross_dataset_path": "../../datasets/chest_xray",
    "pretrained_model": "resnet",
    "batch_size": 32,
    "device": "cuda"
  }
}