{
  "confusion_matrix": [
    [
      8537,
      3536
    ],
    [
      88,
      198
    ]
  ],
  "total_samples": 12359,
  "correct_predictions": 8735,
  "accuracy": 0.7067723925883971,
  "loss": 0.5986563877164667,
  "classification_report": {
    "NORMAL": {
      "precision": 0.9897971014492754,
      "recall": 0.7071150501118197,
      "f1_score": 0.8249106193835154,
      "specificity": 0.6923076923076923,
      "TP": 8537,
      "TN": 198,
      "FP": 88,
      "FN": 3536
    },
    "PNEUMONIA": {
      "precision": 0.053026245313336905,
      "recall": 0.6923076923076923,
      "f1_score": 0.09850746268656717,
      "specificity": 0.7071150501118197,
      "TP": 198,
      "TN": 8537,
      "FP": 3536,
      "FN": 88
    },
    "macro_avg": {
      "precision": 0.5214116733813061,
      "recall": 0.699711371209756,
      "f1_score": 0.4617090410350413
    },
    "accuracy": 0.7067723925883971
  },
  "test_config": {
    "model_path": "results/resnet/CXR8/layers_None/batch_size_32/loss_cross_entropy/sampler_balanced/epochs_500/",
    "cross_dataset_path": "../../datasets/CXR8",
    "pretrained_model": "resnet",
    "batch_size": 32,
    "device": "cuda"
  }
}