{
  "confusion_matrix": [
    [
      227,
      7
    ],
    [
      308,
      82
    ]
  ],
  "total_samples": 624,
  "correct_predictions": 309,
  "accuracy": 0.4951923076923077,
  "loss": 0.8314099617493458,
  "classification_report": {
    "NORMAL": {
      "precision": 0.42429906542056073,
      "recall": 0.9700854700854701,
      "f1_score": 0.5903766897380442,
      "specificity": 0.21025641025641026,
      "TP": 227,
      "TN": 82,
      "FP": 308,
      "FN": 7
    },
    "PNEUMONIA": {
      "precision": 0.9213483146067416,
      "recall": 0.21025641025641026,
      "f1_score": 0.34237965568517115,
      "specificity": 0.9700854700854701,
      "TP": 82,
      "TN": 227,
      "FP": 7,
      "FN": 308
    },
    "macro_avg": {
      "precision": 0.6728236900136512,
      "recall": 0.5901709401709402,
      "f1_score": 0.4663781727116077
    },
    "accuracy": 0.4951923076923077
  },
  "test_config": {
    "model_path": "results/densenet/rsna/layers_5/batch_size_32/epochs_500/timestamp_11122025_012901/",
    "cross_dataset_path": "../../datasets/chest_xray",
    "pretrained_model": "densenet",
    "batch_size": 32,
    "device": "cuda"
  }
}