{
  "confusion_matrix": [
    [
      9828,
      2245
    ],
    [
      132,
      154
    ]
  ],
  "total_samples": 12359,
  "correct_predictions": 9982,
  "accuracy": 0.8076705235051379,
  "loss": 0.42045791882538414,
  "classification_report": {
    "NORMAL": {
      "precision": 0.9867469879518073,
      "recall": 0.814047875424501,
      "f1_score": 0.892115875497032,
      "specificity": 0.5384615384615384,
      "TP": 9828,
      "TN": 154,
      "FP": 132,
      "FN": 2245
    },
    "PNEUMONIA": {
      "precision": 0.06419341392246769,
      "recall": 0.5384615384615384,
      "f1_score": 0.11471116906106785,
      "specificity": 0.814047875424501,
      "TP": 154,
      "TN": 9828,
      "FP": 2245,
      "FN": 132
    },
    "macro_avg": {
      "precision": 0.5254702009371375,
      "recall": 0.6762547069430197,
      "f1_score": 0.5034135222790499
    },
    "accuracy": 0.8076705235051379
  },
  "test_config": {
    "model_path": "results/densenet/rsna/layers_None/batch_size_32/epochs_10/timestamp_11122025_091009/",
    "cross_dataset_path": "../../datasets/CXR8",
    "pretrained_model": "densenet",
    "batch_size": 32,
    "device": "cuda"
  }
}