{
  "confusion_matrix": [
    [
      205,
      29
    ],
    [
      63,
      327
    ]
  ],
  "total_samples": 624,
  "correct_predictions": 532,
  "accuracy": 0.8525641025641025,
  "loss": 0.4793127630001459,
  "classification_report": {
    "NORMAL": {
      "precision": 0.7649253731343284,
      "recall": 0.8760683760683761,
      "f1_score": 0.8167330677290837,
      "specificity": 0.8384615384615385,
      "TP": 205,
      "TN": 327,
      "FP": 63,
      "FN": 29
    },
    "PNEUMONIA": {
      "precision": 0.9185393258426966,
      "recall": 0.8384615384615385,
      "f1_score": 0.8766756032171582,
      "specificity": 0.8760683760683761,
      "TP": 327,
      "TN": 205,
      "FP": 29,
      "FN": 63
    },
    "macro_avg": {
      "precision": 0.8417323494885125,
      "recall": 0.8572649572649573,
      "f1_score": 0.846704335473121
    },
    "accuracy": 0.8525641025641025
  },
  "test_config": {
    "model_path": "results/densenet/chest_xray/layers_5/batch_size_32/loss_focal_loss/sampler_weighted/epochs_100/",
    "cross_dataset_path": "../../datasets/chest_xray",
    "pretrained_model": "densenet",
    "batch_size": 32,
    "device": "cuda"
  }
}