{
  "confusion_matrix": [
    [
      224,
      10
    ],
    [
      209,
      181
    ]
  ],
  "total_samples": 624,
  "correct_predictions": 405,
  "accuracy": 0.6490384615384616,
  "loss": 0.6316565878880329,
  "classification_report": {
    "NORMAL": {
      "precision": 0.5173210161662818,
      "recall": 0.9572649572649573,
      "f1_score": 0.6716637124229583,
      "specificity": 0.4641025641025641,
      "TP": 224,
      "TN": 181,
      "FP": 209,
      "FN": 10
    },
    "PNEUMONIA": {
      "precision": 0.9476439790575916,
      "recall": 0.4641025641025641,
      "f1_score": 0.6230632419625062,
      "specificity": 0.9572649572649573,
      "TP": 181,
      "TN": 224,
      "FP": 10,
      "FN": 209
    },
    "macro_avg": {
      "precision": 0.7324824976119366,
      "recall": 0.7106837606837607,
      "f1_score": 0.6473634771927322
    },
    "accuracy": 0.6490384615384616
  },
  "test_config": {
    "model_path": "results/resnet/rsna/layers_5/batch_size_32/epochs_500/timestamp_11122025_012843/",
    "cross_dataset_path": "../../datasets/chest_xray",
    "pretrained_model": "resnet",
    "batch_size": 32,
    "device": "cuda"
  }
}