{
  "confusion_matrix": [
    [
      535,
      3600
    ],
    [
      25,
      1750
    ]
  ],
  "total_samples": 5910,
  "correct_predictions": 2285,
  "accuracy": 0.3866328257191201,
  "loss": 2.5965968131187,
  "classification_report": {
    "NORMAL": {
      "precision": 0.9553571428571429,
      "recall": 0.1293833131801693,
      "f1_score": 0.22790181333116802,
      "specificity": 0.9859154929577465,
      "TP": 535,
      "TN": 1750,
      "FP": 25,
      "FN": 3600
    },
    "PNEUMONIA": {
      "precision": 0.32710280373831774,
      "recall": 0.9859154929577465,
      "f1_score": 0.49122769605445543,
      "specificity": 0.1293833131801693,
      "TP": 1750,
      "TN": 535,
      "FP": 3600,
      "FN": 25
    },
    "macro_avg": {
      "precision": 0.6412299732977303,
      "recall": 0.5576494030689579,
      "f1_score": 0.35956475469281174
    },
    "accuracy": 0.3866328257191201
  },
  "test_config": {
    "model_path": "results/densenet/chest_xray/layers_2/batch_size_32/epochs_500/timestamp_11122025_172541/",
    "cross_dataset_path": "../../datasets/rsna",
    "pretrained_model": "densenet",
    "batch_size": 32,
    "device": "cuda"
  }
}