{
  "confusion_matrix": [
    [
      3715,
      8358
    ],
    [
      34,
      252
    ]
  ],
  "total_samples": 12359,
  "correct_predictions": 3967,
  "accuracy": 0.32098066186584673,
  "loss": 3.443800392848445,
  "classification_report": {
    "NORMAL": {
      "precision": 0.9909309149106429,
      "recall": 0.3077114221817278,
      "f1_score": 0.4695989305172958,
      "specificity": 0.8811188811188811,
      "TP": 3715,
      "TN": 252,
      "FP": 34,
      "FN": 8358
    },
    "PNEUMONIA": {
      "precision": 0.02926829268292683,
      "recall": 0.8811188811188811,
      "f1_score": 0.0566546140276525,
      "specificity": 0.3077114221817278,
      "TP": 252,
      "TN": 3715,
      "FP": 8358,
      "FN": 34
    },
    "macro_avg": {
      "precision": 0.5100996037967849,
      "recall": 0.5944151516503045,
      "f1_score": 0.26312677227247416
    },
    "accuracy": 0.32098066186584673
  },
  "test_config": {
    "model_path": "results/densenet/chest_xray/layers_2/batch_size_32/epochs_500/",
    "cross_dataset_path": "../../datasets/CXR8",
    "pretrained_model": "densenet",
    "batch_size": 32,
    "device": "cuda"
  }
}