{
  "confusion_matrix": [
    [
      4414,
      7659
    ],
    [
      41,
      245
    ]
  ],
  "total_samples": 12359,
  "correct_predictions": 4659,
  "accuracy": 0.37697224694554576,
  "loss": 2.3285079846847827,
  "classification_report": {
    "NORMAL": {
      "precision": 0.9907968574635241,
      "recall": 0.36560921063530194,
      "f1_score": 0.5341235171605346,
      "specificity": 0.8566433566433567,
      "TP": 4414,
      "TN": 245,
      "FP": 41,
      "FN": 7659
    },
    "PNEUMONIA": {
      "precision": 0.030996963562753038,
      "recall": 0.8566433566433567,
      "f1_score": 0.05982899242676741,
      "specificity": 0.36560921063530194,
      "TP": 245,
      "TN": 4414,
      "FP": 7659,
      "FN": 41
    },
    "macro_avg": {
      "precision": 0.5108969105131386,
      "recall": 0.6111262836393293,
      "f1_score": 0.29697625479365103
    },
    "accuracy": 0.37697224694554576
  },
  "test_config": {
    "model_path": "results/densenet/chest_xray/layers_2/batch_size_32/epochs_500/",
    "cross_dataset_path": "../../datasets/CXR8",
    "pretrained_model": "densenet",
    "batch_size": 32,
    "device": "cuda"
  }
}