{
  "confusion_matrix": [
    [
      5211,
      6862
    ],
    [
      45,
      241
    ]
  ],
  "total_samples": 12359,
  "correct_predictions": 5452,
  "accuracy": 0.44113601424063437,
  "loss": 2.162927605561989,
  "classification_report": {
    "NORMAL": {
      "precision": 0.9914383561643836,
      "recall": 0.43162428559595795,
      "f1_score": 0.6014191630425346,
      "specificity": 0.8426573426573427,
      "TP": 5211,
      "TN": 241,
      "FP": 45,
      "FN": 6862
    },
    "PNEUMONIA": {
      "precision": 0.033929325637054766,
      "recall": 0.8426573426573427,
      "f1_score": 0.06523202735695832,
      "specificity": 0.43162428559595795,
      "TP": 241,
      "TN": 5211,
      "FP": 6862,
      "FN": 45
    },
    "macro_avg": {
      "precision": 0.5126838409007192,
      "recall": 0.6371408141266504,
      "f1_score": 0.33332559519974647
    },
    "accuracy": 0.44113601424063437
  },
  "test_config": {
    "model_path": "results/densenet/chest_xray/layers_2/batch_size_32/epochs_500/",
    "cross_dataset_path": "../../datasets/CXR8",
    "pretrained_model": "densenet",
    "batch_size": 32,
    "device": "cuda"
  }
}