{
  "confusion_matrix": [
    [
      181,
      53
    ],
    [
      15,
      375
    ]
  ],
  "total_samples": 624,
  "correct_predictions": 556,
  "accuracy": 0.8910256410256411,
  "loss": 0.3167214278991406,
  "classification_report": {
    "NORMAL": {
      "precision": 0.923469387755102,
      "recall": 0.7735042735042735,
      "f1_score": 0.8418599690213848,
      "specificity": 0.9615384615384616,
      "TP": 181,
      "TN": 375,
      "FP": 15,
      "FN": 53
    },
    "PNEUMONIA": {
      "precision": 0.8761682242990654,
      "recall": 0.9615384615384616,
      "f1_score": 0.916869916727216,
      "specificity": 0.7735042735042735,
      "TP": 375,
      "TN": 181,
      "FP": 53,
      "FN": 15
    },
    "macro_avg": {
      "precision": 0.8998188060270838,
      "recall": 0.8675213675213675,
      "f1_score": 0.8793649428743004
    },
    "accuracy": 0.8910256410256411
  },
  "test_config": {
    "model_path": "results/densenet/chest_xray/layers_2/batch_size_32/epochs_500/",
    "cross_dataset_path": "../../datasets/chest_xray",
    "pretrained_model": "densenet",
    "batch_size": 32,
    "device": "cuda"
  }
}