{
  "confusion_matrix": [
    [
      169,
      65
    ],
    [
      12,
      378
    ]
  ],
  "total_samples": 624,
  "correct_predictions": 547,
  "accuracy": 0.8766025641025641,
  "loss": 0.37354493943544537,
  "classification_report": {
    "NORMAL": {
      "precision": 0.9337016574585635,
      "recall": 0.7222222222222222,
      "f1_score": 0.8144573394806282,
      "specificity": 0.9692307692307692,
      "TP": 169,
      "TN": 378,
      "FP": 12,
      "FN": 65
    },
    "PNEUMONIA": {
      "precision": 0.8532731376975169,
      "recall": 0.9692307692307692,
      "f1_score": 0.9075625272344563,
      "specificity": 0.7222222222222222,
      "TP": 378,
      "TN": 169,
      "FP": 65,
      "FN": 12
    },
    "macro_avg": {
      "precision": 0.8934873975780402,
      "recall": 0.8457264957264957,
      "f1_score": 0.8610099333575423
    },
    "accuracy": 0.8766025641025641
  },
  "test_config": {
    "model_path": "results/densenet/chest_xray/layers_2/batch_size_32/epochs_500/",
    "cross_dataset_path": "../../datasets/chest_xray",
    "pretrained_model": "densenet",
    "batch_size": 32,
    "device": "cuda"
  }
}