{
  "confusion_matrix": [
    [
      205,
      29
    ],
    [
      215,
      175
    ]
  ],
  "total_samples": 624,
  "correct_predictions": 380,
  "accuracy": 0.6089743589743589,
  "loss": 0.6792246775749402,
  "classification_report": {
    "NORMAL": {
      "precision": 0.4880952380952381,
      "recall": 0.8760683760683761,
      "f1_score": 0.62691085542777,
      "specificity": 0.44871794871794873,
      "TP": 205,
      "TN": 175,
      "FP": 215,
      "FN": 29
    },
    "PNEUMONIA": {
      "precision": 0.8578431372549019,
      "recall": 0.44871794871794873,
      "f1_score": 0.589225138251544,
      "specificity": 0.8760683760683761,
      "TP": 175,
      "TN": 205,
      "FP": 29,
      "FN": 215
    },
    "macro_avg": {
      "precision": 0.67296918767507,
      "recall": 0.6623931623931624,
      "f1_score": 0.608067996839657
    },
    "accuracy": 0.6089743589743589
  },
  "test_config": {
    "model_path": "results/densenet/rsna/layers_None/batch_size_32/epochs_10/timestamp_11122025_084654/",
    "cross_dataset_path": "../../datasets/chest_xray",
    "pretrained_model": "densenet",
    "batch_size": 32,
    "device": "cuda"
  }
}