{
  "confusion_matrix": [
    [
      9750,
      2323
    ],
    [
      124,
      162
    ]
  ],
  "total_samples": 12359,
  "correct_predictions": 9912,
  "accuracy": 0.8020066348410065,
  "loss": 0.43952846081957714,
  "classification_report": {
    "NORMAL": {
      "precision": 0.9874417662548106,
      "recall": 0.807587178000497,
      "f1_score": 0.8885036285903073,
      "specificity": 0.5664335664335665,
      "TP": 9750,
      "TN": 162,
      "FP": 124,
      "FN": 2323
    },
    "PNEUMONIA": {
      "precision": 0.06519114688128773,
      "recall": 0.5664335664335665,
      "f1_score": 0.11692511260843842,
      "specificity": 0.807587178000497,
      "TP": 162,
      "TN": 9750,
      "FP": 2323,
      "FN": 124
    },
    "macro_avg": {
      "precision": 0.5263164565680492,
      "recall": 0.6870103722170318,
      "f1_score": 0.5027143705993729
    },
    "accuracy": 0.8020066348410065
  },
  "test_config": {
    "model_path": "results/densenet/rsna/layers_None/batch_size_32/epochs_10/timestamp_11122025_084654/",
    "cross_dataset_path": "../../datasets/CXR8",
    "pretrained_model": "densenet",
    "batch_size": 32,
    "device": "cuda"
  }
}