{
  "confusion_matrix": [
    [
      226,
      8
    ],
    [
      355,
      35
    ]
  ],
  "total_samples": 624,
  "correct_predictions": 261,
  "accuracy": 0.4182692307692308,
  "loss": 4.399041506127478,
  "classification_report": {
    "NORMAL": {
      "precision": 0.3889845094664372,
      "recall": 0.9658119658119658,
      "f1_score": 0.554601226993865,
      "specificity": 0.08974358974358974,
      "TP": 226,
      "TN": 35,
      "FP": 355,
      "FN": 8
    },
    "PNEUMONIA": {
      "precision": 0.813953488372093,
      "recall": 0.08974358974358974,
      "f1_score": 0.16166281755196305,
      "specificity": 0.9658119658119658,
      "TP": 35,
      "TN": 226,
      "FP": 8,
      "FN": 355
    },
    "macro_avg": {
      "precision": 0.6014689989192651,
      "recall": 0.5277777777777778,
      "f1_score": 0.3581320222729141
    },
    "accuracy": 0.4182692307692308
  },
  "test_config": {
    "model_path": "results/densenet/layers_2/batch_size_32/epochs_100/model.pt",
    "cross_dataset_path": "../../datasets/chest_xray",
    "pretrained_model": "densenet",
    "batch_size": 32,
    "device": "cuda"
  }
}