{
  "confusion_matrix": [
    [
      11707,
      366
    ],
    [
      239,
      47
    ]
  ],
  "total_samples": 12359,
  "correct_predictions": 11754,
  "accuracy": 0.9510478194028643,
  "loss": 0.2347928036124111,
  "classification_report": {
    "NORMAL": {
      "precision": 0.979993303197723,
      "recall": 0.9696844197796737,
      "f1_score": 0.9748116074774137,
      "specificity": 0.16433566433566432,
      "TP": 11707,
      "TN": 47,
      "FP": 239,
      "FN": 366
    },
    "PNEUMONIA": {
      "precision": 0.11380145278450363,
      "recall": 0.16433566433566432,
      "f1_score": 0.1344778254649499,
      "specificity": 0.9696844197796737,
      "TP": 47,
      "TN": 11707,
      "FP": 366,
      "FN": 239
    },
    "macro_avg": {
      "precision": 0.5468973779911134,
      "recall": 0.567010042057669,
      "f1_score": 0.5546447164711819
    },
    "accuracy": 0.9510478194028643
  },
  "test_config": {
    "model_path": "results/densenet/layers_2/batch_size_32/epochs_100/model.pt",
    "cross_dataset_path": "../../datasets/CXR8",
    "pretrained_model": "densenet",
    "batch_size": 32,
    "device": "cuda"
  }
}