{
  "confusion_matrix": [
    [
      2397,
      1738
    ],
    [
      217,
      1558
    ]
  ],
  "total_samples": 5910,
  "correct_predictions": 3955,
  "accuracy": 0.6692047377326565,
  "loss": 0.6209502872880138,
  "classification_report": {
    "NORMAL": {
      "precision": 0.9169854628921194,
      "recall": 0.5796856106408707,
      "f1_score": 0.7103269813147922,
      "specificity": 0.8777464788732394,
      "TP": 2397,
      "TN": 1558,
      "FP": 217,
      "FN": 1738
    },
    "PNEUMONIA": {
      "precision": 0.47269417475728154,
      "recall": 0.8777464788732394,
      "f1_score": 0.6144740076132356,
      "specificity": 0.5796856106408707,
      "TP": 1558,
      "TN": 2397,
      "FP": 1738,
      "FN": 217
    },
    "macro_avg": {
      "precision": 0.6948398188247005,
      "recall": 0.7287160447570551,
      "f1_score": 0.6624004944640138
    },
    "accuracy": 0.6692047377326565
  },
  "test_config": {
    "model_path": "results/mobilenet/CXR8/layers_5/batch_size_32/epochs_500/timestamp_11122025_160247/",
    "cross_dataset_path": "../../datasets/rsna",
    "pretrained_model": "mobilenet",
    "batch_size": 32,
    "device": "cuda"
  }
}