{
  "confusion_matrix": [
    [
      184,
      50
    ],
    [
      292,
      98
    ]
  ],
  "total_samples": 624,
  "correct_predictions": 282,
  "accuracy": 0.4519230769230769,
  "loss": 0.7017527253199847,
  "classification_report": {
    "NORMAL": {
      "precision": 0.3865546218487395,
      "recall": 0.7863247863247863,
      "f1_score": 0.5183098591549296,
      "specificity": 0.2512820512820513,
      "TP": 184,
      "TN": 98,
      "FP": 292,
      "FN": 50
    },
    "PNEUMONIA": {
      "precision": 0.6621621621621622,
      "recall": 0.2512820512820513,
      "f1_score": 0.3643122676579926,
      "specificity": 0.7863247863247863,
      "TP": 98,
      "TN": 184,
      "FP": 50,
      "FN": 292
    },
    "macro_avg": {
      "precision": 0.5243583920054509,
      "recall": 0.5188034188034187,
      "f1_score": 0.4413110634064611
    },
    "accuracy": 0.4519230769230769
  },
  "test_config": {
    "model_path": "results/resnet/CXR8/layers_5/batch_size_32/loss_focal_loss/sampler_weighted/epochs_100/",
    "cross_dataset_path": "../../datasets/chest_xray",
    "pretrained_model": "resnet",
    "batch_size": 32,
    "device": "cuda"
  }
}