{
  "train_loss": [
    0.057531761240971424
  ],
  "val_loss": [
    0.03895993385551617
  ]
}