{
  "confusion_matrix": [
    [
      188,
      46
    ],
    [
      18,
      372
    ]
  ],
  "total_samples": 624,
  "correct_predictions": 560,
  "accuracy": 0.8974358974358975,
  "loss": 0.27396820332759464,
  "classification_report": {
    "NORMAL": {
      "precision": 0.912621359223301,
      "recall": 0.8034188034188035,
      "f1_score": 0.8545449565705382,
      "specificity": 0.9538461538461539,
      "TP": 188,
      "TN": 372,
      "FP": 18,
      "FN": 46
    },
    "PNEUMONIA": {
      "precision": 0.8899521531100478,
      "recall": 0.9538461538461539,
      "f1_score": 0.920791579808623,
      "specificity": 0.8034188034188035,
      "TP": 372,
      "TN": 188,
      "FP": 46,
      "FN": 18
    },
    "macro_avg": {
      "precision": 0.9012867561666744,
      "recall": 0.8786324786324786,
      "f1_score": 0.8876682681895807
    },
    "accuracy": 0.8974358974358975
  },
  "test_config": {
    "model_path": "results/densenet/chest_xray/layers_None/batch_size_32/epochs_1/data_aug_False/seed_42/timestamp_13122025_152400/",
    "cross_dataset_path": "../../datasets/chest_xray",
    "pretrained_model": "densenet",
    "batch_size": 32,
    "device": "cuda"
  }
}