{
  "total_time_seconds": 0.14958882331848145,
  "epoch_times": [
    {
      "epoch": 0,
      "time_seconds": 0.14809489250183105
    }
  ],
  "batch_times": {
    "train": [
      {
        "epoch": 0,
        "avg_batch_time_seconds": 0.0007113791604078453,
        "total_batches": 131,
        "total_time_seconds": 0.13451886177062988
      }
    ],
    "val": [
      {
        "epoch": 0,
        "avg_batch_time_seconds": 0.00014075365933504972,
        "total_batches": 33,
        "total_time_seconds": 0.011972188949584961
      }
    ]
  },
  "throughput": {
    "train": [
      {
        "epoch": 0,
        "total_samples": 4185,
        "total_time_seconds": 0.13451886177062988
      }
    ],
    "val": [
      {
        "epoch": 0,
        "total_samples": 1047,
        "total_time_seconds": 0.011972188949584961
      }
    ]
  },
  "memory_usage": [
    {
      "epoch": 0,
      "cpu_memory_mb": 1650.125,
      "gpu_memory_allocated_mb": 30.58154296875,
      "gpu_memory_reserved_mb": 86.0,
      "gpu_memory_max_allocated_mb": 403.1240234375,
      "gpu_utilization": 94
    }
  ],
  "model_info": {
    "total_params": 83008,
    "trainable_params": 83008,
    "model_size_mb": 0.3186187744140625
  },
  "initial_memory": {
    "cpu_memory_mb": 1624.625,
    "gpu_memory_allocated_mb": 29.52587890625,
    "gpu_memory_reserved_mb": 586.0,
    "gpu_memory_max_allocated_mb": 403.1240234375,
    "gpu_utilization": 94
  },
  "final_memory": {
    "cpu_memory_mb": 1650.125,
    "gpu_memory_allocated_mb": 30.58154296875,
    "gpu_memory_reserved_mb": 86.0,
    "gpu_memory_max_allocated_mb": 403.1240234375,
    "gpu_utilization": 94
  }
}