{
  "confusion_matrix": [
    [
      4072,
      63
    ],
    [
      1589,
      186
    ]
  ],
  "total_samples": 5910,
  "correct_predictions": 4258,
  "accuracy": 0.7204737732656514,
  "loss": 0.5363434394553631,
  "classification_report": {
    "NORMAL": {
      "precision": 0.7193075428369546,
      "recall": 0.984764207980653,
      "f1_score": 0.8313592508025031,
      "specificity": 0.1047887323943662,
      "TP": 4072,
      "TN": 186,
      "FP": 1589,
      "FN": 63
    },
    "PNEUMONIA": {
      "precision": 0.7469879518072289,
      "recall": 0.1047887323943662,
      "f1_score": 0.1837942506256537,
      "specificity": 0.984764207980653,
      "TP": 186,
      "TN": 4072,
      "FP": 63,
      "FN": 1589
    },
    "macro_avg": {
      "precision": 0.7331477473220918,
      "recall": 0.5447764701875096,
      "f1_score": 0.5075767507140784
    },
    "accuracy": 0.7204737732656514
  },
  "training_history": {
    "train_loss": [
      0.057531761240971424
    ],
    "val_loss": [
      0.03895993385551617
    ]
  },
  "computational_metrics": {
    "total_time_seconds": 0.5180020332336426,
    "epoch_times": [
      {
        "epoch": 0,
        "time_seconds": 0.5165998935699463
      }
    ],
    "batch_times": {
      "train": [
        {
          "epoch": 0,
          "avg_batch_time_seconds": 0.0006043684743616703,
          "total_batches": 548,
          "total_time_seconds": 0.4669957160949707
        }
      ],
      "val": [
        {
          "epoch": 0,
          "avg_batch_time_seconds": 0.00013766323562956203,
          "total_batches": 137,
          "total_time_seconds": 0.04803347587585449
        }
      ]
    },
    "throughput": {
      "train": [
        {
          "epoch": 0,
          "total_samples": 17507,
          "total_time_seconds": 0.4669957160949707
        }
      ],
      "val": [
        {
          "epoch": 0,
          "total_samples": 4377,
          "total_time_seconds": 0.04803347587585449
        }
      ]
    },
    "memory_usage": [
      {
        "epoch": 0,
        "cpu_memory_mb": 1741.6640625,
        "gpu_memory_allocated_mb": 62.5146484375,
        "gpu_memory_reserved_mb": 136.0,
        "gpu_memory_max_allocated_mb": 372.94921875,
        "gpu_utilization": 20
      }
    ],
    "model_info": {
      "total_params": 83008,
      "trainable_params": 83008,
      "model_size_mb": 0.3186187744140625
    },
    "initial_memory": {
      "cpu_memory_mb": 1741.6640625,
      "gpu_memory_allocated_mb": 61.48779296875,
      "gpu_memory_reserved_mb": 540.0,
      "gpu_memory_max_allocated_mb": 372.94921875,
      "gpu_utilization": 0
    },
    "final_memory": {
      "cpu_memory_mb": 1741.6640625,
      "gpu_memory_allocated_mb": 62.5146484375,
      "gpu_memory_reserved_mb": 136.0,
      "gpu_memory_max_allocated_mb": 372.94921875,
      "gpu_utilization": 20
    }
  },
  "training_config": {
    "source_name": "chest_xray",
    "target_name": "rsna",
    "pretrained_model": "densenet",
    "epochs": 1,
    "batch_size": 32,
    "early_stopping_patience": 100,
    "device": "cuda"
  }
}