{
  "train_loss": [
    0.06242923763499394
  ],
  "val_loss": [
    0.013085058909852445
  ]
}