{
  "confusion_matrix": [
    [
      203,
      3932
    ],
    [
      14,
      1761
    ]
  ],
  "total_samples": 5910,
  "correct_predictions": 1964,
  "accuracy": 0.3323181049069374,
  "loss": 1.758543339820481,
  "classification_report": {
    "NORMAL": {
      "precision": 0.9354838709677419,
      "recall": 0.04909310761789601,
      "f1_score": 0.09329034642476661,
      "specificity": 0.992112676056338,
      "TP": 203,
      "TN": 1761,
      "FP": 14,
      "FN": 3932
    },
    "PNEUMONIA": {
      "precision": 0.3093272439838398,
      "recall": 0.992112676056338,
      "f1_score": 0.47161184972801523,
      "specificity": 0.04909310761789601,
      "TP": 1761,
      "TN": 203,
      "FP": 3932,
      "FN": 14
    },
    "macro_avg": {
      "precision": 0.6224055574757908,
      "recall": 0.520602891837117,
      "f1_score": 0.2824510980763909
    },
    "accuracy": 0.3323181049069374
  },
  "test_config": {
    "model_path": "results/densenet/chest_xray/layers_None/batch_size_32/epochs_1/data_aug_False/seed_42/timestamp_13122025_152400/",
    "cross_dataset_path": "../../datasets/rsna",
    "pretrained_model": "densenet",
    "batch_size": 32,
    "device": "cuda"
  }
}