{
  "confusion_matrix": [
    [
      1281,
      10792
    ],
    [
      15,
      271
    ]
  ],
  "total_samples": 12359,
  "correct_predictions": 1552,
  "accuracy": 0.12557650295331338,
  "loss": 2.1029285962686384,
  "classification_report": {
    "NORMAL": {
      "precision": 0.9884259259259259,
      "recall": 0.10610453077114222,
      "f1_score": 0.1916371949489409,
      "specificity": 0.9475524475524476,
      "TP": 1281,
      "TN": 271,
      "FP": 15,
      "FN": 10792
    },
    "PNEUMONIA": {
      "precision": 0.024496067974328843,
      "recall": 0.9475524475524476,
      "f1_score": 0.0477574625442978,
      "specificity": 0.10610453077114222,
      "TP": 271,
      "TN": 1281,
      "FP": 10792,
      "FN": 15
    },
    "macro_avg": {
      "precision": 0.5064609969501274,
      "recall": 0.5268284891617949,
      "f1_score": 0.11969732874661936
    },
    "accuracy": 0.12557650295331338
  },
  "test_config": {
    "model_path": "results/densenet/chest_xray/layers_None/batch_size_32/epochs_1/",
    "cross_dataset_path": "../../datasets/CXR8",
    "pretrained_model": "densenet",
    "batch_size": 32,
    "device": "cuda"
  }
}