{
  "confusion_matrix": [
    [
      178,
      56
    ],
    [
      28,
      362
    ]
  ],
  "total_samples": 624,
  "correct_predictions": 540,
  "accuracy": 0.8653846153846154,
  "loss": 0.32780191455131924,
  "classification_report": {
    "NORMAL": {
      "precision": 0.8640776699029126,
      "recall": 0.7606837606837606,
      "f1_score": 0.809090411116009,
      "specificity": 0.9282051282051282,
      "TP": 178,
      "TN": 362,
      "FP": 28,
      "FN": 56
    },
    "PNEUMONIA": {
      "precision": 0.8660287081339713,
      "recall": 0.9282051282051282,
      "f1_score": 0.8960391045611058,
      "specificity": 0.7606837606837606,
      "TP": 362,
      "TN": 178,
      "FP": 56,
      "FN": 28
    },
    "macro_avg": {
      "precision": 0.8650531890184419,
      "recall": 0.8444444444444444,
      "f1_score": 0.8525647578385573
    },
    "accuracy": 0.8653846153846154
  },
  "test_config": {
    "model_path": "results/densenet/chest_xray/layers_None/batch_size_32/epochs_1/",
    "cross_dataset_path": "../../datasets/chest_xray",
    "pretrained_model": "densenet",
    "batch_size": 32,
    "device": "cuda"
  }
}