{
  "confusion_matrix": [
    [
      147,
      87
    ],
    [
      16,
      374
    ]
  ],
  "total_samples": 624,
  "correct_predictions": 521,
  "accuracy": 0.8349358974358975,
  "loss": 0.505293242346782,
  "classification_report": {
    "NORMAL": {
      "precision": 0.901840490797546,
      "recall": 0.6282051282051282,
      "f1_score": 0.740553672163708,
      "specificity": 0.958974358974359,
      "TP": 147,
      "TN": 374,
      "FP": 16,
      "FN": 87
    },
    "PNEUMONIA": {
      "precision": 0.8112798264642083,
      "recall": 0.958974358974359,
      "f1_score": 0.8789654259248513,
      "specificity": 0.6282051282051282,
      "TP": 374,
      "TN": 147,
      "FP": 87,
      "FN": 16
    },
    "macro_avg": {
      "precision": 0.8565601586308771,
      "recall": 0.7935897435897437,
      "f1_score": 0.8097595490442797
    },
    "accuracy": 0.8349358974358975
  },
  "test_config": {
    "model_path": "results/densenet/chest_xray/layers_None/batch_size_32/epochs_1/",
    "cross_dataset_path": "../../datasets/chest_xray",
    "pretrained_model": "densenet",
    "batch_size": 32,
    "device": "cuda"
  }
}