{
  "confusion_matrix": [
    [
      12035,
      38
    ],
    [
      286,
      0
    ]
  ],
  "total_samples": 12359,
  "correct_predictions": 12035,
  "accuracy": 0.9737842867545918,
  "loss": 0.13675920838944222,
  "classification_report": {
    "NORMAL": {
      "precision": 0.97678759840922,
      "recall": 0.9968524807421519,
      "f1_score": 0.9867175454729368,
      "specificity": 0.0,
      "TP": 12035,
      "TN": 0,
      "FP": 286,
      "FN": 38
    },
    "PNEUMONIA": {
      "precision": 0.0,
      "recall": 0.0,
      "f1_score": 0.0,
      "specificity": 0.9968524807421519,
      "TP": 0,
      "TN": 12035,
      "FP": 38,
      "FN": 286
    },
    "macro_avg": {
      "precision": 0.48839379920461,
      "recall": 0.49842624037107597,
      "f1_score": 0.4933587727364684
    },
    "accuracy": 0.9737842867545918
  }
}