{
  "confusion_matrix": [
    [
      225,
      9
    ],
    [
      379,
      11
    ]
  ],
  "total_samples": 624,
  "correct_predictions": 236,
  "accuracy": 0.3782051282051282,
  "loss": 1.5567096393459883,
  "classification_report": {
    "NORMAL": {
      "precision": 0.37251655629139074,
      "recall": 0.9615384615384616,
      "f1_score": 0.5369928400954654,
      "specificity": 0.028205128205128206,
      "TP": 225,
      "TN": 11,
      "FP": 379,
      "FN": 9
    },
    "PNEUMONIA": {
      "precision": 0.55,
      "recall": 0.028205128205128206,
      "f1_score": 0.05365853658536585,
      "specificity": 0.9615384615384616,
      "TP": 11,
      "TN": 225,
      "FP": 9,
      "FN": 379
    },
    "macro_avg": {
      "precision": 0.4612582781456954,
      "recall": 0.4948717948717949,
      "f1_score": 0.29532568834041567
    },
    "accuracy": 0.3782051282051282
  },
  "test_config": {
    "model_path": "results/densenet/CXR8/layers_5/batch_size_16/loss_cross_entropy/sampler_balanced/epochs_500/",
    "cross_dataset_path": "../../datasets/chest_xray",
    "pretrained_model": "densenet",
    "batch_size": 16,
    "device": "cuda"
  }
}