{
  "confusion_matrix": [
    [
      232,
      2
    ],
    [
      388,
      2
    ]
  ],
  "total_samples": 624,
  "correct_predictions": 234,
  "accuracy": 0.375,
  "loss": 4.698133407638241,
  "classification_report": {
    "NORMAL": {
      "precision": 0.3741935483870968,
      "recall": 0.9914529914529915,
      "f1_score": 0.5433255269320844,
      "specificity": 0.005128205128205128,
      "TP": 232,
      "TN": 2,
      "FP": 388,
      "FN": 2
    },
    "PNEUMONIA": {
      "precision": 0.5,
      "recall": 0.005128205128205128,
      "f1_score": 0.010152284263959392,
      "specificity": 0.9914529914529915,
      "TP": 2,
      "TN": 232,
      "FP": 2,
      "FN": 388
    },
    "macro_avg": {
      "precision": 0.4370967741935484,
      "recall": 0.4982905982905983,
      "f1_score": 0.2767389055980219
    },
    "accuracy": 0.375
  },
  "test_config": {
    "model_path": "results/densenet/layers_3/kfolds_None/batch_size_64/epochs_100/fold_0.pt",
    "cross_dataset_path": "../../datasets/chest_xray",
    "pretrained_model": "densenet",
    "batch_size": 64,
    "device": "cuda"
  }
}