{
  "confusion_matrix": [
    [
      11964,
      109
    ],
    [
      274,
      12
    ]
  ],
  "total_samples": 12359,
  "correct_predictions": 11976,
  "accuracy": 0.969010437737681,
  "loss": 0.1995032363500764,
  "classification_report": {
    "NORMAL": {
      "precision": 0.9776107207059977,
      "recall": 0.9909715894972252,
      "f1_score": 0.9842458146518037,
      "specificity": 0.04195804195804196,
      "TP": 11964,
      "TN": 12,
      "FP": 274,
      "FN": 109
    },
    "PNEUMONIA": {
      "precision": 0.09917355371900827,
      "recall": 0.04195804195804196,
      "f1_score": 0.05896805896805898,
      "specificity": 0.9909715894972252,
      "TP": 12,
      "TN": 11964,
      "FP": 109,
      "FN": 274
    },
    "macro_avg": {
      "precision": 0.538392137212503,
      "recall": 0.5164648157276336,
      "f1_score": 0.5216069368099313
    },
    "accuracy": 0.969010437737681
  },
  "test_config": {
    "model_path": "results/densenet/layers_3/kfolds_None/batch_size_64/epochs_100/fold_0.pt",
    "cross_dataset_path": "../../datasets/CXR8",
    "pretrained_model": "densenet",
    "batch_size": 64,
    "device": "cuda"
  }
}