{
  "confusion_matrix": [
    [
      111,
      123
    ],
    [
      5,
      385
    ]
  ],
  "total_samples": 624,
  "correct_predictions": 496,
  "accuracy": 0.7948717948717948,
  "loss": 0.4528731058041255,
  "classification_report": {
    "NORMAL": {
      "precision": 0.9568965517241379,
      "recall": 0.47435897435897434,
      "f1_score": 0.6342857142857142,
      "specificity": 0.9871794871794872,
      "TP": 111,
      "TN": 385,
      "FP": 5,
      "FN": 123
    },
    "PNEUMONIA": {
      "precision": 0.7578740157480315,
      "recall": 0.9871794871794872,
      "f1_score": 0.8574610244988864,
      "specificity": 0.47435897435897434,
      "TP": 385,
      "TN": 111,
      "FP": 123,
      "FN": 5
    },
    "macro_avg": {
      "precision": 0.8573852837360847,
      "recall": 0.7307692307692308,
      "f1_score": 0.7458733693923003
    },
    "accuracy": 0.7948717948717948
  },
  "test_config": {
    "model_path": "results/densenet/chest_xray/layers_None/batch_size_64/loss_cross_entropy/sampler_balanced/epochs_500/",
    "cross_dataset_path": "../../datasets/chest_xray",
    "pretrained_model": "densenet",
    "batch_size": 64,
    "device": "cuda"
  }
}