{
  "confusion_matrix": [
    [
      181,
      53
    ],
    [
      235,
      155
    ]
  ],
  "total_samples": 624,
  "correct_predictions": 336,
  "accuracy": 0.5384615384615384,
  "loss": 0.682759824471596,
  "classification_report": {
    "NORMAL": {
      "precision": 0.43509615384615385,
      "recall": 0.7735042735042735,
      "f1_score": 0.556923076923077,
      "specificity": 0.3974358974358974,
      "TP": 181,
      "TN": 155,
      "FP": 235,
      "FN": 53
    },
    "PNEUMONIA": {
      "precision": 0.7451923076923077,
      "recall": 0.3974358974358974,
      "f1_score": 0.5183946488294314,
      "specificity": 0.7735042735042735,
      "TP": 155,
      "TN": 181,
      "FP": 53,
      "FN": 235
    },
    "macro_avg": {
      "precision": 0.5901442307692308,
      "recall": 0.5854700854700855,
      "f1_score": 0.5376588628762542
    },
    "accuracy": 0.5384615384615384
  },
  "test_config": {
    "model_path": "results/resnet/CXR8/layers_2/batch_size_64/loss_cross_entropy/sampler_balanced/epochs_500/",
    "cross_dataset_path": "../../datasets/chest_xray",
    "pretrained_model": "resnet",
    "batch_size": 64,
    "device": "cuda"
  }
}