{
  "confusion_matrix": [
    [
      161,
      73
    ],
    [
      154,
      236
    ]
  ],
  "total_samples": 624,
  "correct_predictions": 397,
  "accuracy": 0.6362179487179487,
  "loss": 0.6286338246785678,
  "classification_report": {
    "NORMAL": {
      "precision": 0.5111111111111111,
      "recall": 0.688034188034188,
      "f1_score": 0.5865204580612637,
      "specificity": 0.6051282051282051,
      "TP": 161,
      "TN": 236,
      "FP": 154,
      "FN": 73
    },
    "PNEUMONIA": {
      "precision": 0.7637540453074434,
      "recall": 0.6051282051282051,
      "f1_score": 0.6752498643682189,
      "specificity": 0.688034188034188,
      "TP": 236,
      "TN": 161,
      "FP": 73,
      "FN": 154
    },
    "macro_avg": {
      "precision": 0.6374325782092772,
      "recall": 0.6465811965811965,
      "f1_score": 0.6308851612147413
    },
    "accuracy": 0.6362179487179487
  },
  "test_config": {
    "model_path": "results/efficientnet/CXR8/layers_5/batch_size_32/epochs_500/timestamp_11122025_161403/",
    "cross_dataset_path": "../../datasets/chest_xray",
    "pretrained_model": "efficientnet",
    "batch_size": 32,
    "device": "cuda"
  }
}