{
  "confusion_matrix": [
    [
      233,
      1
    ],
    [
      384,
      6
    ]
  ],
  "total_samples": 624,
  "correct_predictions": 239,
  "accuracy": 0.38301282051282054,
  "loss": 0.707707227804722,
  "classification_report": {
    "NORMAL": {
      "precision": 0.37763371150729336,
      "recall": 0.9957264957264957,
      "f1_score": 0.5475910693301997,
      "specificity": 0.015384615384615385,
      "TP": 233,
      "TN": 6,
      "FP": 384,
      "FN": 1
    },
    "PNEUMONIA": {
      "precision": 0.8571428571428571,
      "recall": 0.015384615384615385,
      "f1_score": 0.030226700251889168,
      "specificity": 0.9957264957264957,
      "TP": 6,
      "TN": 233,
      "FP": 1,
      "FN": 384
    },
    "macro_avg": {
      "precision": 0.6173882843250752,
      "recall": 0.5055555555555555,
      "f1_score": 0.28890888479104443
    },
    "accuracy": 0.38301282051282054
  },
  "test_config": {
    "model_path": "results/efficientnet/CXR8/layers_5/batch_size_32/loss_cross_entropy/sampler_weighted/epochs_100/",
    "cross_dataset_path": "../../datasets/chest_xray",
    "pretrained_model": "efficientnet",
    "batch_size": 32,
    "device": "cuda"
  }
}