{
  "confusion_matrix": [
    [
      132,
      102
    ],
    [
      129,
      261
    ]
  ],
  "total_samples": 624,
  "correct_predictions": 393,
  "accuracy": 0.6298076923076923,
  "loss": 0.6345654175831721,
  "classification_report": {
    "NORMAL": {
      "precision": 0.5057471264367817,
      "recall": 0.5641025641025641,
      "f1_score": 0.5333328348214027,
      "specificity": 0.6692307692307692,
      "TP": 132,
      "TN": 261,
      "FP": 129,
      "FN": 102
    },
    "PNEUMONIA": {
      "precision": 0.71900826446281,
      "recall": 0.6692307692307692,
      "f1_score": 0.6932265922766728,
      "specificity": 0.5641025641025641,
      "TP": 261,
      "TN": 132,
      "FP": 102,
      "FN": 129
    },
    "macro_avg": {
      "precision": 0.6123776954497958,
      "recall": 0.6166666666666667,
      "f1_score": 0.6132797135490378
    },
    "accuracy": 0.6298076923076923
  },
  "test_config": {
    "model_path": "results/efficientnet/CXR8/layers_2/batch_size_32/epochs_500/timestamp_11122025_033230/",
    "cross_dataset_path": "../../datasets/chest_xray",
    "pretrained_model": "efficientnet",
    "batch_size": 32,
    "device": "cuda"
  }
}