{
  "confusion_matrix": [
    [
      967,
      11106
    ],
    [
      8,
      278
    ]
  ],
  "total_samples": 12359,
  "correct_predictions": 1245,
  "accuracy": 0.10073630552633708,
  "loss": 1.1347275126644956,
  "classification_report": {
    "NORMAL": {
      "precision": 0.9917948717948718,
      "recall": 0.08009608216681852,
      "f1_score": 0.14822194972409564,
      "specificity": 0.972027972027972,
      "TP": 967,
      "TN": 278,
      "FP": 8,
      "FN": 11106
    },
    "PNEUMONIA": {
      "precision": 0.024420238931834152,
      "recall": 0.972027972027972,
      "f1_score": 0.04764353041988003,
      "specificity": 0.08009608216681852,
      "TP": 278,
      "TN": 967,
      "FP": 11106,
      "FN": 8
    },
    "macro_avg": {
      "precision": 0.508107555363353,
      "recall": 0.5260620270973952,
      "f1_score": 0.09793274007198784
    },
    "accuracy": 0.10073630552633708
  },
  "test_config": {
    "model_path": "results/densenet/chest_xray/layers_5/batch_size_32/loss_focal_loss/sampler_balanced/epochs_100/",
    "cross_dataset_path": "../../datasets/CXR8",
    "pretrained_model": "densenet",
    "batch_size": 32,
    "device": "cuda"
  }
}