{
  "confusion_matrix": [
    [
      197,
      37
    ],
    [
      49,
      341
    ]
  ],
  "total_samples": 624,
  "correct_predictions": 538,
  "accuracy": 0.8621794871794872,
  "loss": 0.44347297228299654,
  "classification_report": {
    "NORMAL": {
      "precision": 0.8008130081300813,
      "recall": 0.8418803418803419,
      "f1_score": 0.8208333333333333,
      "specificity": 0.8743589743589744,
      "TP": 197,
      "TN": 341,
      "FP": 49,
      "FN": 37
    },
    "PNEUMONIA": {
      "precision": 0.9021164021164021,
      "recall": 0.8743589743589744,
      "f1_score": 0.8880208333333334,
      "specificity": 0.8418803418803419,
      "TP": 341,
      "TN": 197,
      "FP": 37,
      "FN": 49
    },
    "macro_avg": {
      "precision": 0.8514647051232417,
      "recall": 0.8581196581196582,
      "f1_score": 0.8544270833333334
    },
    "accuracy": 0.8621794871794872
  },
  "test_config": {
    "model_path": "results/densenet/chest_xray/layers_5/batch_size_32/loss_focal_loss/sampler_balanced/epochs_100/",
    "cross_dataset_path": "../../datasets/chest_xray",
    "pretrained_model": "densenet",
    "batch_size": 32,
    "device": "cuda"
  }
}