{
  "confusion_matrix": [
    [
      9851,
      2222
    ],
    [
      193,
      93
    ]
  ],
  "total_samples": 12359,
  "correct_predictions": 9944,
  "accuracy": 0.8045958410874666,
  "loss": 0.5783265046060968,
  "classification_report": {
    "NORMAL": {
      "precision": 0.9807845479888491,
      "recall": 0.8159529528700405,
      "f1_score": 0.8908079757652484,
      "specificity": 0.32517482517482516,
      "TP": 9851,
      "TN": 93,
      "FP": 193,
      "FN": 2222
    },
    "PNEUMONIA": {
      "precision": 0.04017278617710583,
      "recall": 0.32517482517482516,
      "f1_score": 0.0715109573241061,
      "specificity": 0.8159529528700405,
      "TP": 93,
      "TN": 9851,
      "FP": 2222,
      "FN": 193
    },
    "macro_avg": {
      "precision": 0.5104786670829774,
      "recall": 0.5705638890224328,
      "f1_score": 0.48115946654467723
    },
    "accuracy": 0.8045958410874666
  },
  "test_config": {
    "model_path": "results/resnet/chest_xray/layers_5/batch_size_32/loss_cross_entropy/sampler_weighted/epochs_100/",
    "cross_dataset_path": "../../datasets/CXR8",
    "pretrained_model": "resnet",
    "batch_size": 32,
    "device": "cuda"
  }
}