{
  "confusion_matrix": [
    [
      203,
      31
    ],
    [
      287,
      103
    ]
  ],
  "total_samples": 624,
  "correct_predictions": 306,
  "accuracy": 0.49038461538461536,
  "loss": 0.750202571734404,
  "classification_report": {
    "NORMAL": {
      "precision": 0.4142857142857143,
      "recall": 0.8675213675213675,
      "f1_score": 0.5607734806629835,
      "specificity": 0.2641025641025641,
      "TP": 203,
      "TN": 103,
      "FP": 287,
      "FN": 31
    },
    "PNEUMONIA": {
      "precision": 0.7686567164179104,
      "recall": 0.2641025641025641,
      "f1_score": 0.3931297709923664,
      "specificity": 0.8675213675213675,
      "TP": 103,
      "TN": 203,
      "FP": 31,
      "FN": 287
    },
    "macro_avg": {
      "precision": 0.5914712153518124,
      "recall": 0.5658119658119658,
      "f1_score": 0.4769516258276749
    },
    "accuracy": 0.49038461538461536
  },
  "test_config": {
    "model_path": "results/resnet/CXR8/layers_None/batch_size_16/loss_cross_entropy/sampler_balanced/epochs_500/",
    "cross_dataset_path": "../../datasets/chest_xray",
    "pretrained_model": "resnet",
    "batch_size": 16,
    "device": "cuda"
  }
}