{
  "confusion_matrix": [
    [
      8971,
      3102
    ],
    [
      96,
      190
    ]
  ],
  "total_samples": 12359,
  "correct_predictions": 9161,
  "accuracy": 0.7412412007443968,
  "loss": 0.517596417894081,
  "classification_report": {
    "NORMAL": {
      "precision": 0.9894121539649278,
      "recall": 0.7430630332146111,
      "f1_score": 0.8487228003784294,
      "specificity": 0.6643356643356644,
      "TP": 8971,
      "TN": 190,
      "FP": 96,
      "FN": 3102
    },
    "PNEUMONIA": {
      "precision": 0.057715674362089915,
      "recall": 0.6643356643356644,
      "f1_score": 0.10620458356623812,
      "specificity": 0.7430630332146111,
      "TP": 190,
      "TN": 8971,
      "FP": 3102,
      "FN": 96
    },
    "macro_avg": {
      "precision": 0.5235639141635089,
      "recall": 0.7036993487751377,
      "f1_score": 0.47746369197233374
    },
    "accuracy": 0.7412412007443968
  },
  "test_config": {
    "model_path": "results/resnet/CXR8/layers_None/batch_size_16/loss_cross_entropy/sampler_balanced/epochs_500/",
    "cross_dataset_path": "../../datasets/CXR8",
    "pretrained_model": "resnet",
    "batch_size": 16,
    "device": "cuda"
  }
}