{
  "confusion_matrix": [
    [
      174,
      60
    ],
    [
      195,
      195
    ]
  ],
  "total_samples": 624,
  "correct_predictions": 369,
  "accuracy": 0.5913461538461539,
  "loss": 0.7391879428655673,
  "classification_report": {
    "NORMAL": {
      "precision": 0.4715447154471545,
      "recall": 0.7435897435897436,
      "f1_score": 0.5771139529223482,
      "specificity": 0.5,
      "TP": 174,
      "TN": 195,
      "FP": 195,
      "FN": 60
    },
    "PNEUMONIA": {
      "precision": 0.7647058823529411,
      "recall": 0.5,
      "f1_score": 0.6046506846948074,
      "specificity": 0.7435897435897436,
      "TP": 195,
      "TN": 174,
      "FP": 60,
      "FN": 195
    },
    "macro_avg": {
      "precision": 0.6181252989000479,
      "recall": 0.6217948717948718,
      "f1_score": 0.5908823188085779
    },
    "accuracy": 0.5913461538461539
  },
  "test_config": {
    "model_path": "results/resnet/CXR8/layers_5/batch_size_32/epochs_500/",
    "cross_dataset_path": "../../datasets/chest_xray",
    "pretrained_model": "resnet",
    "batch_size": 32,
    "device": "cuda"
  }
}