{
  "confusion_matrix": [
    [
      10184,
      1889
    ],
    [
      124,
      162
    ]
  ],
  "total_samples": 12359,
  "correct_predictions": 10346,
  "accuracy": 0.8371227445586212,
  "loss": 0.3585347462584454,
  "classification_report": {
    "NORMAL": {
      "precision": 0.9879705083430346,
      "recall": 0.8435351611032883,
      "f1_score": 0.9100571412850802,
      "specificity": 0.5664335664335665,
      "TP": 10184,
      "TN": 162,
      "FP": 124,
      "FN": 1889
    },
    "PNEUMONIA": {
      "precision": 0.07898586055582643,
      "recall": 0.5664335664335665,
      "f1_score": 0.13863906632504647,
      "specificity": 0.8435351611032883,
      "TP": 162,
      "TN": 10184,
      "FP": 1889,
      "FN": 124
    },
    "macro_avg": {
      "precision": 0.5334781844494305,
      "recall": 0.7049843637684274,
      "f1_score": 0.5243481038050634
    },
    "accuracy": 0.8371227445586212
  },
  "test_config": {
    "model_path": "results/resnet/CXR8/layers_5/batch_size_32/epochs_500/",
    "cross_dataset_path": "../../datasets/CXR8",
    "pretrained_model": "resnet",
    "batch_size": 32,
    "device": "cuda"
  }
}