{
  "confusion_matrix": [
    [
      9731,
      2342
    ],
    [
      100,
      186
    ]
  ],
  "total_samples": 12359,
  "correct_predictions": 9917,
  "accuracy": 0.8024111983170159,
  "loss": 0.41880497421871277,
  "classification_report": {
    "NORMAL": {
      "precision": 0.9898280948021564,
      "recall": 0.8060134183715729,
      "f1_score": 0.8885130187521373,
      "specificity": 0.6503496503496503,
      "TP": 9731,
      "TN": 186,
      "FP": 100,
      "FN": 2342
    },
    "PNEUMONIA": {
      "precision": 0.07357594936708861,
      "recall": 0.6503496503496503,
      "f1_score": 0.132195979437011,
      "specificity": 0.8060134183715729,
      "TP": 186,
      "TN": 9731,
      "FP": 2342,
      "FN": 100
    },
    "macro_avg": {
      "precision": 0.5317020220846225,
      "recall": 0.7281815343606116,
      "f1_score": 0.5103544990945741
    },
    "accuracy": 0.8024111983170159
  },
  "test_config": {
    "model_path": "results/resnet/CXR8/layers_5/batch_size_32/epochs_500/",
    "cross_dataset_path": "../../datasets/CXR8",
    "pretrained_model": "resnet",
    "batch_size": 32,
    "device": "cuda"
  }
}