{
  "confusion_matrix": [
    [
      12033,
      40
    ],
    [
      285,
      1
    ]
  ],
  "total_samples": 12359,
  "correct_predictions": 12034,
  "accuracy": 0.9737033740593899,
  "loss": 0.2834514211433657,
  "classification_report": {
    "NORMAL": {
      "precision": 0.9768631271310277,
      "recall": 0.9966868218338442,
      "f1_score": 0.9866749131128963,
      "specificity": 0.0034965034965034965,
      "TP": 12033,
      "TN": 1,
      "FP": 285,
      "FN": 40
    },
    "PNEUMONIA": {
      "precision": 0.024390243902439025,
      "recall": 0.0034965034965034965,
      "f1_score": 0.006115988635832587,
      "specificity": 0.9966868218338442,
      "TP": 1,
      "TN": 12033,
      "FP": 40,
      "FN": 285
    },
    "macro_avg": {
      "precision": 0.5006266855167334,
      "recall": 0.5000916626651738,
      "f1_score": 0.4963954508743645
    },
    "accuracy": 0.9737033740593899
  },
  "test_config": {
    "model_path": "results/resnet/CXR8/layers_5/batch_size_32/epochs_500/",
    "cross_dataset_path": "../../datasets/CXR8",
    "pretrained_model": "resnet",
    "batch_size": 32,
    "device": "cuda"
  }
}