{
  "confusion_matrix": [
    [
      213,
      21
    ],
    [
      335,
      55
    ]
  ],
  "total_samples": 624,
  "correct_predictions": 268,
  "accuracy": 0.42948717948717946,
  "loss": 0.7068397525029305,
  "classification_report": {
    "NORMAL": {
      "precision": 0.3886861313868613,
      "recall": 0.9102564102564102,
      "f1_score": 0.5447570332480818,
      "specificity": 0.14102564102564102,
      "TP": 213,
      "TN": 55,
      "FP": 335,
      "FN": 21
    },
    "PNEUMONIA": {
      "precision": 0.7236842105263158,
      "recall": 0.14102564102564102,
      "f1_score": 0.23605150214592274,
      "specificity": 0.9102564102564102,
      "TP": 55,
      "TN": 213,
      "FP": 21,
      "FN": 335
    },
    "macro_avg": {
      "precision": 0.5561851709565886,
      "recall": 0.5256410256410257,
      "f1_score": 0.39040426769700226
    },
    "accuracy": 0.42948717948717946
  },
  "test_config": {
    "model_path": "results/mobilenet/CXR8/layers_5/batch_size_32/loss_focal_loss/sampler_balanced/epochs_100/",
    "cross_dataset_path": "../../datasets/chest_xray",
    "pretrained_model": "mobilenet",
    "batch_size": 32,
    "device": "cuda"
  }
}