{
  "confusion_matrix": [
    [
      205,
      29
    ],
    [
      313,
      77
    ]
  ],
  "total_samples": 624,
  "correct_predictions": 282,
  "accuracy": 0.4519230769230769,
  "loss": 1.069097359211017,
  "classification_report": {
    "NORMAL": {
      "precision": 0.39575289575289574,
      "recall": 0.8760683760683761,
      "f1_score": 0.5452127659574468,
      "specificity": 0.19743589743589743,
      "TP": 205,
      "TN": 77,
      "FP": 313,
      "FN": 29
    },
    "PNEUMONIA": {
      "precision": 0.7264150943396226,
      "recall": 0.19743589743589743,
      "f1_score": 0.31048387096774194,
      "specificity": 0.8760683760683761,
      "TP": 77,
      "TN": 205,
      "FP": 29,
      "FN": 313
    },
    "macro_avg": {
      "precision": 0.5610839950462592,
      "recall": 0.5367521367521367,
      "f1_score": 0.4278483184625944
    },
    "accuracy": 0.4519230769230769
  },
  "test_config": {
    "model_path": "results/densenet/CXR8/layers_5/batch_size_32/loss_cross_entropy/sampler_balanced/epochs_100/",
    "cross_dataset_path": "../../datasets/chest_xray",
    "pretrained_model": "densenet",
    "batch_size": 32,
    "device": "cuda"
  }
}