{
  "confusion_matrix": [
    [
      9479,
      2594
    ],
    [
      104,
      182
    ]
  ],
  "total_samples": 12359,
  "correct_predictions": 9661,
  "accuracy": 0.7816975483453353,
  "loss": 0.4539043049985358,
  "classification_report": {
    "NORMAL": {
      "precision": 0.9891474486069081,
      "recall": 0.7851403959247909,
      "f1_score": 0.8754155892131511,
      "specificity": 0.6363636363636364,
      "TP": 9479,
      "TN": 182,
      "FP": 104,
      "FN": 2594
    },
    "PNEUMONIA": {
      "precision": 0.06556195965417867,
      "recall": 0.6363636363636364,
      "f1_score": 0.11887655127367734,
      "specificity": 0.7851403959247909,
      "TP": 182,
      "TN": 9479,
      "FP": 2594,
      "FN": 104
    },
    "macro_avg": {
      "precision": 0.5273547041305434,
      "recall": 0.7107520161442136,
      "f1_score": 0.49714607024341423
    },
    "accuracy": 0.7816975483453353
  },
  "test_config": {
    "model_path": "results/densenet/CXR8/layers_5/batch_size_32/loss_cross_entropy/sampler_balanced/epochs_100/",
    "cross_dataset_path": "../../datasets/CXR8",
    "pretrained_model": "densenet",
    "batch_size": 32,
    "device": "cuda"
  }
}