{
  "confusion_matrix": [
    [
      2451,
      9622
    ],
    [
      16,
      270
    ]
  ],
  "total_samples": 12359,
  "correct_predictions": 2721,
  "accuracy": 0.2201634436443078,
  "loss": 2.338987022524986,
  "classification_report": {
    "NORMAL": {
      "precision": 0.9935143899473045,
      "recall": 0.20301499213120186,
      "f1_score": 0.33713892709766163,
      "specificity": 0.9440559440559441,
      "TP": 2451,
      "TN": 270,
      "FP": 16,
      "FN": 9622
    },
    "PNEUMONIA": {
      "precision": 0.027294783663566517,
      "recall": 0.9440559440559441,
      "f1_score": 0.0530556101395166,
      "specificity": 0.20301499213120186,
      "TP": 270,
      "TN": 2451,
      "FP": 9622,
      "FN": 16
    },
    "macro_avg": {
      "precision": 0.5104045868054354,
      "recall": 0.5735354680935729,
      "f1_score": 0.19509726861858911
    },
    "accuracy": 0.2201634436443078
  },
  "test_config": {
    "model_path": "results/densenet/chest_xray/layers_5/batch_size_64/loss_cross_entropy/sampler_balanced/epochs_500/",
    "cross_dataset_path": "../../datasets/CXR8",
    "pretrained_model": "densenet",
    "batch_size": 64,
    "device": "cuda"
  }
}