{
  "confusion_matrix": [
    [
      3644,
      491
    ],
    [
      682,
      1093
    ]
  ],
  "total_samples": 5910,
  "correct_predictions": 4737,
  "accuracy": 0.801522842639594,
  "loss": 0.6662909071709703,
  "classification_report": {
    "NORMAL": {
      "precision": 0.8423485899214055,
      "recall": 0.8812575574365176,
      "f1_score": 0.8613634052308577,
      "specificity": 0.615774647887324,
      "TP": 3644,
      "TN": 1093,
      "FP": 682,
      "FN": 491
    },
    "PNEUMONIA": {
      "precision": 0.6900252525252525,
      "recall": 0.615774647887324,
      "f1_score": 0.650788426892414,
      "specificity": 0.8812575574365176,
      "TP": 1093,
      "TN": 3644,
      "FP": 491,
      "FN": 682
    },
    "macro_avg": {
      "precision": 0.766186921223329,
      "recall": 0.7485161026619207,
      "f1_score": 0.7560759160616359
    },
    "accuracy": 0.801522842639594
  }
}