{
  "confusion_matrix": [
    [
      12021,
      52
    ],
    [
      280,
      6
    ]
  ],
  "total_samples": 12359,
  "correct_predictions": 12027,
  "accuracy": 0.9731369851929768,
  "loss": 0.12743794819182164,
  "classification_report": {
    "NORMAL": {
      "precision": 0.9772376229574832,
      "recall": 0.9956928683839974,
      "f1_score": 0.9863784284102962,
      "specificity": 0.02097902097902098,
      "TP": 12021,
      "TN": 6,
      "FP": 280,
      "FN": 52
    },
    "PNEUMONIA": {
      "precision": 0.10344827586206896,
      "recall": 0.02097902097902098,
      "f1_score": 0.03488344057824016,
      "specificity": 0.9956928683839974,
      "TP": 6,
      "TN": 12021,
      "FP": 52,
      "FN": 280
    },
    "macro_avg": {
      "precision": 0.5403429494097761,
      "recall": 0.5083359446815092,
      "f1_score": 0.5106309344942682
    },
    "accuracy": 0.9731369851929768
  }
}