{
  "confusion_matrix": [
    [
      793,
      3342
    ],
    [
      66,
      1709
    ]
  ],
  "total_samples": 5910,
  "correct_predictions": 2502,
  "accuracy": 0.4233502538071066,
  "loss": 2.1728226199468783,
  "classification_report": {
    "NORMAL": {
      "precision": 0.9231664726426076,
      "recall": 0.19177750906892382,
      "f1_score": 0.31758081247662884,
      "specificity": 0.9628169014084507,
      "TP": 793,
      "TN": 1709,
      "FP": 66,
      "FN": 3342
    },
    "PNEUMONIA": {
      "precision": 0.3383488418135023,
      "recall": 0.9628169014084507,
      "f1_score": 0.5007321085741042,
      "specificity": 0.19177750906892382,
      "TP": 1709,
      "TN": 793,
      "FP": 3342,
      "FN": 66
    },
    "macro_avg": {
      "precision": 0.630757657228055,
      "recall": 0.5772972052386872,
      "f1_score": 0.4091564605253665
    },
    "accuracy": 0.4233502538071066
  },
  "test_config": {
    "model_path": "results/densenet/chest_xray/layers_None/batch_size_32/epochs_500/timestamp_11122025_015947/",
    "cross_dataset_path": "../../datasets/rsna",
    "pretrained_model": "densenet",
    "batch_size": 32,
    "device": "cuda"
  }
}