{
  "confusion_matrix": [
    [
      117,
      117
    ],
    [
      68,
      322
    ]
  ],
  "total_samples": 624,
  "correct_predictions": 439,
  "accuracy": 0.7035256410256411,
  "loss": 0.5612069719876999,
  "classification_report": {
    "NORMAL": {
      "precision": 0.6324324324324324,
      "recall": 0.5,
      "f1_score": 0.5584720605377986,
      "specificity": 0.8256410256410256,
      "TP": 117,
      "TN": 322,
      "FP": 68,
      "FN": 117
    },
    "PNEUMONIA": {
      "precision": 0.7334851936218679,
      "recall": 0.8256410256410256,
      "f1_score": 0.7768390674890171,
      "specificity": 0.5,
      "TP": 322,
      "TN": 117,
      "FP": 117,
      "FN": 68
    },
    "macro_avg": {
      "precision": 0.6829588130271502,
      "recall": 0.6628205128205128,
      "f1_score": 0.6676555640134079
    },
    "accuracy": 0.7035256410256411
  },
  "test_config": {
    "model_path": "results/resnet/rsna/layers_None/batch_size_32/epochs_500/timestamp_11122025_115832/",
    "cross_dataset_path": "../../datasets/chest_xray",
    "pretrained_model": "resnet",
    "batch_size": 32,
    "device": "cuda"
  }
}