{
  "confusion_matrix": [
    [
      2965,
      1170
    ],
    [
      344,
      1431
    ]
  ],
  "total_samples": 5910,
  "correct_predictions": 4396,
  "accuracy": 0.7438240270727581,
  "loss": 0.5135010791308989,
  "classification_report": {
    "NORMAL": {
      "precision": 0.8960411000302206,
      "recall": 0.717049576783555,
      "f1_score": 0.7966142294236328,
      "specificity": 0.8061971830985916,
      "TP": 2965,
      "TN": 1431,
      "FP": 344,
      "FN": 1170
    },
    "PNEUMONIA": {
      "precision": 0.5501730103806228,
      "recall": 0.8061971830985916,
      "f1_score": 0.6540214556577095,
      "specificity": 0.717049576783555,
      "TP": 1431,
      "TN": 2965,
      "FP": 1170,
      "FN": 344
    },
    "macro_avg": {
      "precision": 0.7231070552054217,
      "recall": 0.7616233799410732,
      "f1_score": 0.7253178425406712
    },
    "accuracy": 0.7438240270727581
  },
  "test_config": {
    "model_path": "results/resnet/rsna/layers_None/batch_size_32/epochs_500/timestamp_11122025_115832/",
    "cross_dataset_path": "../../datasets/rsna",
    "pretrained_model": "resnet",
    "batch_size": 32,
    "device": "cuda"
  }
}