{
  "confusion_matrix": [
    [
      3854,
      281
    ],
    [
      998,
      777
    ]
  ],
  "total_samples": 5910,
  "correct_predictions": 4631,
  "accuracy": 0.7835871404399323,
  "loss": 0.6632425902988099,
  "classification_report": {
    "NORMAL": {
      "precision": 0.7943116240725474,
      "recall": 0.932043530834341,
      "f1_score": 0.8576828235344831,
      "specificity": 0.4377464788732394,
      "TP": 3854,
      "TN": 777,
      "FP": 998,
      "FN": 281
    },
    "PNEUMONIA": {
      "precision": 0.7344045368620038,
      "recall": 0.4377464788732394,
      "f1_score": 0.5485346538063515,
      "specificity": 0.932043530834341,
      "TP": 777,
      "TN": 3854,
      "FP": 281,
      "FN": 998
    },
    "macro_avg": {
      "precision": 0.7643580804672756,
      "recall": 0.6848950048537902,
      "f1_score": 0.7031087386704173
    },
    "accuracy": 0.7835871404399323
  }
}