{
  "confusion_matrix": [
    [
      158,
      76
    ],
    [
      14,
      376
    ]
  ],
  "total_samples": 624,
  "correct_predictions": 534,
  "accuracy": 0.8557692307692307,
  "loss": 0.3414696976542473,
  "classification_report": {
    "NORMAL": {
      "precision": 0.9186046511627907,
      "recall": 0.6752136752136753,
      "f1_score": 0.77832463481309,
      "specificity": 0.9641025641025641,
      "TP": 158,
      "TN": 376,
      "FP": 14,
      "FN": 76
    },
    "PNEUMONIA": {
      "precision": 0.831858407079646,
      "recall": 0.9641025641025641,
      "f1_score": 0.8931111416661442,
      "specificity": 0.6752136752136753,
      "TP": 376,
      "TN": 158,
      "FP": 76,
      "FN": 14
    },
    "macro_avg": {
      "precision": 0.8752315291212183,
      "recall": 0.8196581196581196,
      "f1_score": 0.8357178882396171
    },
    "accuracy": 0.8557692307692307
  },
  "test_config": {
    "model_path": "results/mobilenet/chest_xray/layers_None/batch_size_32/epochs_500/timestamp_11122025_020540/",
    "cross_dataset_path": "../../datasets/chest_xray",
    "pretrained_model": "mobilenet",
    "batch_size": 32,
    "device": "cuda"
  }
}