{
  "confusion_matrix": [
    [
      118,
      116
    ],
    [
      3,
      387
    ]
  ],
  "total_samples": 624,
  "correct_predictions": 505,
  "accuracy": 0.8092948717948718,
  "loss": 0.6500665319319336,
  "classification_report": {
    "NORMAL": {
      "precision": 0.9752066115702479,
      "recall": 0.5042735042735043,
      "f1_score": 0.6647882830552532,
      "specificity": 0.9923076923076923,
      "TP": 118,
      "TN": 387,
      "FP": 3,
      "FN": 116
    },
    "PNEUMONIA": {
      "precision": 0.7693836978131213,
      "recall": 0.9923076923076923,
      "f1_score": 0.8667408293950117,
      "specificity": 0.5042735042735043,
      "TP": 387,
      "TN": 118,
      "FP": 116,
      "FN": 3
    },
    "macro_avg": {
      "precision": 0.8722951546916846,
      "recall": 0.7482905982905983,
      "f1_score": 0.7657645562251325
    },
    "accuracy": 0.8092948717948718
  }
}