{
  "confusion_matrix": [
    [
      5359,
      6714
    ],
    [
      69,
      217
    ]
  ],
  "total_samples": 12359,
  "correct_predictions": 5576,
  "accuracy": 0.4511691884456671,
  "loss": 1.4996031531721212,
  "classification_report": {
    "NORMAL": {
      "precision": 0.9872881355932204,
      "recall": 0.4438830448107347,
      "f1_score": 0.6124217193893984,
      "specificity": 0.7587412587412588,
      "TP": 5359,
      "TN": 217,
      "FP": 69,
      "FN": 6714
    },
    "PNEUMONIA": {
      "precision": 0.03130861347568893,
      "recall": 0.7587412587412588,
      "f1_score": 0.0601357143783131,
      "specificity": 0.4438830448107347,
      "TP": 217,
      "TN": 5359,
      "FP": 6714,
      "FN": 69
    },
    "macro_avg": {
      "precision": 0.5092983745344547,
      "recall": 0.6013121517759967,
      "f1_score": 0.33627871688385574
    },
    "accuracy": 0.4511691884456671
  },
  "test_config": {
    "model_path": "results/mobilenet/chest_xray/layers_None/batch_size_32/epochs_500/timestamp_11122025_020540/",
    "cross_dataset_path": "../../datasets/CXR8",
    "pretrained_model": "mobilenet",
    "batch_size": 32,
    "device": "cuda"
  }
}