{
  "confusion_matrix": [
    [
      1610,
      2525
    ],
    [
      228,
      1547
    ]
  ],
  "total_samples": 5910,
  "correct_predictions": 3157,
  "accuracy": 0.5341793570219966,
  "loss": 1.3180536525100217,
  "classification_report": {
    "NORMAL": {
      "precision": 0.8759521218715995,
      "recall": 0.3893591293833132,
      "f1_score": 0.5390921572365004,
      "specificity": 0.8715492957746479,
      "TP": 1610,
      "TN": 1547,
      "FP": 228,
      "FN": 2525
    },
    "PNEUMONIA": {
      "precision": 0.3799115913555992,
      "recall": 0.8715492957746479,
      "f1_score": 0.5291598302875644,
      "specificity": 0.3893591293833132,
      "TP": 1547,
      "TN": 1610,
      "FP": 2525,
      "FN": 228
    },
    "macro_avg": {
      "precision": 0.6279318566135994,
      "recall": 0.6304542125789805,
      "f1_score": 0.5341259937620324
    },
    "accuracy": 0.5341793570219966
  },
  "test_config": {
    "model_path": "results/mobilenet/chest_xray/layers_None/batch_size_32/epochs_500/timestamp_11122025_020540/",
    "cross_dataset_path": "../../datasets/rsna",
    "pretrained_model": "mobilenet",
    "batch_size": 32,
    "device": "cuda"
  }
}