{
  "confusion_matrix": [
    [
      219,
      15
    ],
    [
      267,
      123
    ]
  ],
  "total_samples": 624,
  "correct_predictions": 342,
  "accuracy": 0.5480769230769231,
  "loss": 0.7739915614708875,
  "classification_report": {
    "NORMAL": {
      "precision": 0.4506172839506173,
      "recall": 0.9358974358974359,
      "f1_score": 0.6083328945836498,
      "specificity": 0.3153846153846154,
      "TP": 219,
      "TN": 123,
      "FP": 267,
      "FN": 15
    },
    "PNEUMONIA": {
      "precision": 0.8913043478260869,
      "recall": 0.3153846153846154,
      "f1_score": 0.46590870480403895,
      "specificity": 0.9358974358974359,
      "TP": 123,
      "TN": 219,
      "FP": 15,
      "FN": 267
    },
    "macro_avg": {
      "precision": 0.6709608158883521,
      "recall": 0.6256410256410256,
      "f1_score": 0.5371207996938444
    },
    "accuracy": 0.5480769230769231
  },
  "test_config": {
    "model_path": "results/densenet/rsna/layers_5/batch_size_32/epochs_500/timestamp_11122025_131243/",
    "cross_dataset_path": "../../datasets/chest_xray",
    "pretrained_model": "densenet",
    "batch_size": 32,
    "device": "cuda"
  }
}