{
  "confusion_matrix": [
    [
      3228,
      907
    ],
    [
      326,
      1449
    ]
  ],
  "total_samples": 5910,
  "correct_predictions": 4677,
  "accuracy": 0.7913705583756345,
  "loss": 0.44072523311713424,
  "classification_report": {
    "NORMAL": {
      "precision": 0.9082723691615081,
      "recall": 0.7806529625151148,
      "f1_score": 0.8396405485047689,
      "specificity": 0.8163380281690141,
      "TP": 3228,
      "TN": 1449,
      "FP": 326,
      "FN": 907
    },
    "PNEUMONIA": {
      "precision": 0.615025466893039,
      "recall": 0.8163380281690141,
      "f1_score": 0.7015245643569283,
      "specificity": 0.7806529625151148,
      "TP": 1449,
      "TN": 3228,
      "FP": 907,
      "FN": 326
    },
    "macro_avg": {
      "precision": 0.7616489180272736,
      "recall": 0.7984954953420644,
      "f1_score": 0.7705825564308486
    },
    "accuracy": 0.7913705583756345
  },
  "test_config": {
    "model_path": "results/densenet/rsna/layers_5/batch_size_32/epochs_500/timestamp_11122025_131243/",
    "cross_dataset_path": "../../datasets/rsna",
    "pretrained_model": "densenet",
    "batch_size": 32,
    "device": "cuda"
  }
}