{
  "confusion_matrix": [
    [
      150,
      84
    ],
    [
      10,
      380
    ]
  ],
  "total_samples": 624,
  "correct_predictions": 530,
  "accuracy": 0.8493589743589743,
  "loss": 0.4805833305685948,
  "classification_report": {
    "NORMAL": {
      "precision": 0.9375,
      "recall": 0.6410256410256411,
      "f1_score": 0.7614208374349214,
      "specificity": 0.9743589743589743,
      "TP": 150,
      "TN": 380,
      "FP": 10,
      "FN": 84
    },
    "PNEUMONIA": {
      "precision": 0.8189655172413793,
      "recall": 0.9743589743589743,
      "f1_score": 0.8899292461432382,
      "specificity": 0.6410256410256411,
      "TP": 380,
      "TN": 150,
      "FP": 84,
      "FN": 10
    },
    "macro_avg": {
      "precision": 0.8782327586206897,
      "recall": 0.8076923076923077,
      "f1_score": 0.8256750417890798
    },
    "accuracy": 0.8493589743589743
  },
  "test_config": {
    "model_path": "results/efficientnet/chest_xray/layers_5/batch_size_32/epochs_500/timestamp_11122025_175140/",
    "cross_dataset_path": "../../datasets/chest_xray",
    "pretrained_model": "efficientnet",
    "batch_size": 32,
    "device": "cuda"
  }
}