{
  "confusion_matrix": [
    [
      534,
      3601
    ],
    [
      30,
      1745
    ]
  ],
  "total_samples": 5910,
  "correct_predictions": 2279,
  "accuracy": 0.3856175972927242,
  "loss": 4.576880873681729,
  "classification_report": {
    "NORMAL": {
      "precision": 0.9468085106382979,
      "recall": 0.1291414752116082,
      "f1_score": 0.22728218927212784,
      "specificity": 0.9830985915492958,
      "TP": 534,
      "TN": 1745,
      "FP": 30,
      "FN": 3601
    },
    "PNEUMONIA": {
      "precision": 0.3264122708567153,
      "recall": 0.9830985915492958,
      "f1_score": 0.49009933083622764,
      "specificity": 0.1291414752116082,
      "TP": 1745,
      "TN": 534,
      "FP": 3601,
      "FN": 30
    },
    "macro_avg": {
      "precision": 0.6366103907475066,
      "recall": 0.556120033380452,
      "f1_score": 0.35869076005417777
    },
    "accuracy": 0.3856175972927242
  },
  "test_config": {
    "model_path": "results/efficientnet/chest_xray/layers_5/batch_size_32/epochs_500/timestamp_11122025_175140/",
    "cross_dataset_path": "../../datasets/rsna",
    "pretrained_model": "efficientnet",
    "batch_size": 32,
    "device": "cuda"
  }
}