{
  "confusion_matrix": [
    [
      10321,
      1752
    ],
    [
      206,
      80
    ]
  ],
  "total_samples": 12359,
  "correct_predictions": 10401,
  "accuracy": 0.8415729427947245,
  "loss": 0.45960935829468785,
  "classification_report": {
    "NORMAL": {
      "precision": 0.9804312719673222,
      "recall": 0.8548827963223722,
      "f1_score": 0.9133628318584072,
      "specificity": 0.27972027972027974,
      "TP": 10321,
      "TN": 80,
      "FP": 206,
      "FN": 1752
    },
    "PNEUMONIA": {
      "precision": 0.043668122270742356,
      "recall": 0.27972027972027974,
      "f1_score": 0.07554296506137866,
      "specificity": 0.8548827963223722,
      "TP": 80,
      "TN": 10321,
      "FP": 1752,
      "FN": 206
    },
    "macro_avg": {
      "precision": 0.5120496971190323,
      "recall": 0.567301538021326,
      "f1_score": 0.49445289845989293
    },
    "accuracy": 0.8415729427947245
  },
  "test_config": {
    "model_path": "results/resnet/chest_xray/layers_5/batch_size_32/loss_cross_entropy/sampler_balanced/epochs_100/",
    "cross_dataset_path": "../../datasets/CXR8",
    "pretrained_model": "resnet",
    "batch_size": 32,
    "device": "cuda"
  }
}