{
  "confusion_matrix": [
    [
      98,
      136
    ],
    [
      1,
      389
    ]
  ],
  "total_samples": 624,
  "correct_predictions": 487,
  "accuracy": 0.780448717948718,
  "loss": 1.8364187805458734,
  "classification_report": {
    "NORMAL": {
      "precision": 0.98989898989899,
      "recall": 0.4188034188034188,
      "f1_score": 0.5885881707656566,
      "specificity": 0.9974358974358974,
      "TP": 98,
      "TN": 389,
      "FP": 1,
      "FN": 136
    },
    "PNEUMONIA": {
      "precision": 0.7409523809523809,
      "recall": 0.9974358974358974,
      "f1_score": 0.8502727349281682,
      "specificity": 0.4188034188034188,
      "TP": 389,
      "TN": 98,
      "FP": 136,
      "FN": 1
    },
    "macro_avg": {
      "precision": 0.8654256854256854,
      "recall": 0.7081196581196582,
      "f1_score": 0.7194304528469124
    },
    "accuracy": 0.780448717948718
  }
}