{
  "confusion_matrix": [
    [
      12061,
      12
    ],
    [
      285,
      1
    ]
  ],
  "total_samples": 12359,
  "correct_predictions": 12062,
  "accuracy": 0.9759689295250424,
  "loss": 0.14246449125659008,
  "classification_report": {
    "NORMAL": {
      "precision": 0.9769156001943949,
      "recall": 0.9990060465501532,
      "f1_score": 0.9878368398391509,
      "specificity": 0.0034965034965034965,
      "TP": 12061,
      "TN": 1,
      "FP": 285,
      "FN": 12
    },
    "PNEUMONIA": {
      "precision": 0.07692307692307693,
      "recall": 0.0034965034965034965,
      "f1_score": 0.006688880035933199,
      "specificity": 0.9990060465501532,
      "TP": 1,
      "TN": 12061,
      "FP": 12,
      "FN": 285
    },
    "macro_avg": {
      "precision": 0.526919338558736,
      "recall": 0.5012512750233283,
      "f1_score": 0.49726285993754205
    },
    "accuracy": 0.9759689295250424
  }
}