{
  "confusion_matrix": [
    [
      3664,
      471
    ],
    [
      691,
      1084
    ]
  ],
  "total_samples": 5910,
  "correct_predictions": 4748,
  "accuracy": 0.8033840947546531,
  "loss": 0.9022023320298913,
  "classification_report": {
    "NORMAL": {
      "precision": 0.8413318025258324,
      "recall": 0.8860943168077389,
      "f1_score": 0.8631325980981,
      "specificity": 0.6107042253521127,
      "TP": 3664,
      "TN": 1084,
      "FP": 691,
      "FN": 471
    },
    "PNEUMONIA": {
      "precision": 0.6971061093247588,
      "recall": 0.6107042253521127,
      "f1_score": 0.6510505532337942,
      "specificity": 0.8860943168077389,
      "TP": 1084,
      "TN": 3664,
      "FP": 471,
      "FN": 691
    },
    "macro_avg": {
      "precision": 0.7692189559252955,
      "recall": 0.7483992710799258,
      "f1_score": 0.7570915756659471
    },
    "accuracy": 0.8033840947546531
  }
}