{
  "confusion_matrix": [
    [
      1206,
      2929
    ],
    [
      69,
      1706
    ]
  ],
  "total_samples": 5910,
  "correct_predictions": 2912,
  "accuracy": 0.49272419627749575,
  "loss": 2.4715910917081807,
  "classification_report": {
    "NORMAL": {
      "precision": 0.9458823529411765,
      "recall": 0.2916565900846433,
      "f1_score": 0.4458406748561923,
      "specificity": 0.9611267605633803,
      "TP": 1206,
      "TN": 1706,
      "FP": 69,
      "FN": 2929
    },
    "PNEUMONIA": {
      "precision": 0.3680690399137001,
      "recall": 0.9611267605633803,
      "f1_score": 0.5322928912693062,
      "specificity": 0.2916565900846433,
      "TP": 1706,
      "TN": 1206,
      "FP": 2929,
      "FN": 69
    },
    "macro_avg": {
      "precision": 0.6569756964274382,
      "recall": 0.6263916753240117,
      "f1_score": 0.48906678306274926
    },
    "accuracy": 0.49272419627749575
  },
  "test_config": {
    "model_path": "results/resnet/chest_xray/layers_5/batch_size_32/epochs_500/timestamp_11122025_023536/",
    "cross_dataset_path": "../../datasets/rsna",
    "pretrained_model": "resnet",
    "batch_size": 32,
    "device": "cuda"
  }
}