{
  "confusion_matrix": [
    [
      99,
      135
    ],
    [
      140,
      250
    ]
  ],
  "total_samples": 624,
  "correct_predictions": 349,
  "accuracy": 0.5592948717948718,
  "loss": 0.6837332951716888,
  "classification_report": {
    "NORMAL": {
      "precision": 0.41422594142259417,
      "recall": 0.4230769230769231,
      "f1_score": 0.41860465116279066,
      "specificity": 0.6410256410256411,
      "TP": 99,
      "TN": 250,
      "FP": 140,
      "FN": 135
    },
    "PNEUMONIA": {
      "precision": 0.6493506493506493,
      "recall": 0.6410256410256411,
      "f1_score": 0.6451612903225807,
      "specificity": 0.4230769230769231,
      "TP": 250,
      "TN": 99,
      "FP": 135,
      "FN": 140
    },
    "macro_avg": {
      "precision": 0.5317882953866218,
      "recall": 0.532051282051282,
      "f1_score": 0.5318829707426858
    },
    "accuracy": 0.5592948717948718
  },
  "test_config": {
    "model_path": "results/densenet/CXR8/layers_5/batch_size_32/loss_focal_loss/sampler_weighted/epochs_2/",
    "cross_dataset_path": "../../datasets/chest_xray",
    "pretrained_model": "densenet",
    "batch_size": 32,
    "device": "cuda"
  }
}