{
  "confusion_matrix": [
    [
      3961,
      8112
    ],
    [
      79,
      207
    ]
  ],
  "total_samples": 12359,
  "correct_predictions": 4168,
  "accuracy": 0.3372441136014241,
  "loss": 0.7184748631367088,
  "classification_report": {
    "NORMAL": {
      "precision": 0.9804455445544554,
      "recall": 0.3280874679035865,
      "f1_score": 0.49165270278656986,
      "specificity": 0.7237762237762237,
      "TP": 3961,
      "TN": 207,
      "FP": 79,
      "FN": 8112
    },
    "PNEUMONIA": {
      "precision": 0.024882798413270825,
      "recall": 0.7237762237762237,
      "f1_score": 0.04811156304474143,
      "specificity": 0.3280874679035865,
      "TP": 207,
      "TN": 3961,
      "FP": 8112,
      "FN": 79
    },
    "macro_avg": {
      "precision": 0.5026641714838631,
      "recall": 0.5259318458399052,
      "f1_score": 0.26988213291565566
    },
    "accuracy": 0.3372441136014241
  },
  "test_config": {
    "model_path": "results/densenet/CXR8/layers_5/batch_size_32/loss_focal_loss/sampler_weighted/epochs_2/",
    "cross_dataset_path": "../../datasets/CXR8",
    "pretrained_model": "densenet",
    "batch_size": 32,
    "device": "cuda"
  }
}