{
  "confusion_matrix": [
    [
      189,
      45
    ],
    [
      42,
      348
    ]
  ],
  "total_samples": 624,
  "correct_predictions": 537,
  "accuracy": 0.8605769230769231,
  "loss": 0.340777630225206,
  "classification_report": {
    "NORMAL": {
      "precision": 0.8181818181818182,
      "recall": 0.8076923076923077,
      "f1_score": 0.812902725827571,
      "specificity": 0.8923076923076924,
      "TP": 189,
      "TN": 348,
      "FP": 42,
      "FN": 45
    },
    "PNEUMONIA": {
      "precision": 0.8854961832061069,
      "recall": 0.8923076923076924,
      "f1_score": 0.8888883888965101,
      "specificity": 0.8076923076923077,
      "TP": 348,
      "TN": 189,
      "FP": 45,
      "FN": 42
    },
    "macro_avg": {
      "precision": 0.8518390006939626,
      "recall": 0.8500000000000001,
      "f1_score": 0.8508955573620405
    },
    "accuracy": 0.8605769230769231
  },
  "test_config": {
    "model_path": "results/densenet/chest_xray/layers_None/batch_size_32/epochs_1/timestamp_10122025_214820/",
    "cross_dataset_path": "../../datasets/chest_xray",
    "pretrained_model": "densenet",
    "batch_size": 32,
    "device": "cuda"
  }
}