{
  "confusion_matrix": [
    [
      3003,
      1132
    ],
    [
      308,
      1467
    ]
  ],
  "total_samples": 5910,
  "correct_predictions": 4470,
  "accuracy": 0.7563451776649747,
  "loss": 0.5023879120293406,
  "classification_report": {
    "NORMAL": {
      "precision": 0.9069767441860465,
      "recall": 0.7262394195888755,
      "f1_score": 0.8066070806601652,
      "specificity": 0.8264788732394366,
      "TP": 3003,
      "TN": 1467,
      "FP": 308,
      "FN": 1132
    },
    "PNEUMONIA": {
      "precision": 0.5644478645632935,
      "recall": 0.8264788732394366,
      "f1_score": 0.6707814107490887,
      "specificity": 0.7262394195888755,
      "TP": 1467,
      "TN": 3003,
      "FP": 1132,
      "FN": 308
    },
    "macro_avg": {
      "precision": 0.7357123043746701,
      "recall": 0.776359146414156,
      "f1_score": 0.7386942457046269
    },
    "accuracy": 0.7563451776649747
  },
  "test_config": {
    "model_path": "results/densenet/rsna/layers_None/batch_size_32/epochs_5/timestamp_11122025_094931/",
    "cross_dataset_path": "../../datasets/rsna",
    "pretrained_model": "densenet",
    "batch_size": 32,
    "device": "cuda"
  }
}