{
  "confusion_matrix": [
    [
      6020,
      6053
    ],
    [
      89,
      197
    ]
  ],
  "total_samples": 12359,
  "correct_predictions": 6217,
  "accuracy": 0.5030342260700704,
  "loss": 0.8382660204639462,
  "classification_report": {
    "NORMAL": {
      "precision": 0.9854313308233753,
      "recall": 0.4986333140064607,
      "f1_score": 0.6621933780662194,
      "specificity": 0.6888111888111889,
      "TP": 6020,
      "TN": 197,
      "FP": 89,
      "FN": 6053
    },
    "PNEUMONIA": {
      "precision": 0.03152,
      "recall": 0.6888111888111889,
      "f1_score": 0.06028151774785802,
      "specificity": 0.4986333140064607,
      "TP": 197,
      "TN": 6020,
      "FP": 6053,
      "FN": 89
    },
    "macro_avg": {
      "precision": 0.5084756654116876,
      "recall": 0.5937222514088247,
      "f1_score": 0.3612374479070387
    },
    "accuracy": 0.5030342260700704
  },
  "test_config": {
    "model_path": "results/mobilenet/chest_xray/layers_5/batch_size_32/loss_cross_entropy/sampler_balanced/epochs_100/",
    "cross_dataset_path": "../../datasets/CXR8",
    "pretrained_model": "mobilenet",
    "batch_size": 32,
    "device": "cuda"
  }
}