{
  "confusion_matrix": [
    [
      5969,
      6104
    ],
    [
      150,
      136
    ]
  ],
  "total_samples": 12359,
  "correct_predictions": 6105,
  "accuracy": 0.4939720042074601,
  "loss": 0.694253679931294,
  "classification_report": {
    "NORMAL": {
      "precision": 0.9754861905540121,
      "recall": 0.49440901184461195,
      "f1_score": 0.6562225153913808,
      "specificity": 0.4755244755244755,
      "TP": 5969,
      "TN": 136,
      "FP": 150,
      "FN": 6104
    },
    "PNEUMONIA": {
      "precision": 0.021794871794871794,
      "recall": 0.4755244755244755,
      "f1_score": 0.04167943610174686,
      "specificity": 0.49440901184461195,
      "TP": 136,
      "TN": 5969,
      "FP": 6104,
      "FN": 150
    },
    "macro_avg": {
      "precision": 0.49864053117444196,
      "recall": 0.48496674368454373,
      "f1_score": 0.3489509757465638
    },
    "accuracy": 0.4939720042074601
  },
  "test_config": {
    "model_path": "results/mobilenet/chest_xray/layers_None/batch_size_32/epochs_1/",
    "cross_dataset_path": "../../datasets/CXR8",
    "pretrained_model": "mobilenet",
    "batch_size": 32,
    "device": "cuda"
  }
}