{
  "confusion_matrix": [
    [
      223,
      11
    ],
    [
      238,
      152
    ]
  ],
  "total_samples": 624,
  "correct_predictions": 375,
  "accuracy": 0.6009615384615384,
  "loss": 0.6994368143570728,
  "classification_report": {
    "NORMAL": {
      "precision": 0.4837310195227766,
      "recall": 0.9529914529914529,
      "f1_score": 0.6417261720452361,
      "specificity": 0.38974358974358975,
      "TP": 223,
      "TN": 152,
      "FP": 238,
      "FN": 11
    },
    "PNEUMONIA": {
      "precision": 0.9325153374233128,
      "recall": 0.38974358974358975,
      "f1_score": 0.5497283365110124,
      "specificity": 0.9529914529914529,
      "TP": 152,
      "TN": 223,
      "FP": 11,
      "FN": 238
    },
    "macro_avg": {
      "precision": 0.7081231784730447,
      "recall": 0.6713675213675213,
      "f1_score": 0.5957272542781242
    },
    "accuracy": 0.6009615384615384
  },
  "test_config": {
    "model_path": "results/efficientnet/rsna/layers_5/batch_size_32/epochs_500/timestamp_11122025_015930/",
    "cross_dataset_path": "../../datasets/chest_xray",
    "pretrained_model": "efficientnet",
    "batch_size": 32,
    "device": "cuda"
  }
}