{
  "confusion_matrix": [
    [
      10025,
      2048
    ],
    [
      134,
      152
    ]
  ],
  "total_samples": 12359,
  "correct_predictions": 10177,
  "accuracy": 0.823448499069504,
  "loss": 0.37611490076489024,
  "classification_report": {
    "NORMAL": {
      "precision": 0.98680972536667,
      "recall": 0.8303652778928187,
      "f1_score": 0.9018526883049762,
      "specificity": 0.5314685314685315,
      "TP": 10025,
      "TN": 152,
      "FP": 134,
      "FN": 2048
    },
    "PNEUMONIA": {
      "precision": 0.06909090909090909,
      "recall": 0.5314685314685315,
      "f1_score": 0.12228459123336789,
      "specificity": 0.8303652778928187,
      "TP": 152,
      "TN": 10025,
      "FP": 2048,
      "FN": 134
    },
    "macro_avg": {
      "precision": 0.5279503172287896,
      "recall": 0.6809169046806751,
      "f1_score": 0.512068639769172
    },
    "accuracy": 0.823448499069504
  },
  "test_config": {
    "model_path": "results/mobilenet/rsna/layers_None/batch_size_32/epochs_500/timestamp_11122025_115832/",
    "cross_dataset_path": "../../datasets/CXR8",
    "pretrained_model": "mobilenet",
    "batch_size": 32,
    "device": "cuda"
  }
}