{
  "confusion_matrix": [
    [
      9210,
      2863
    ],
    [
      82,
      204
    ]
  ],
  "total_samples": 12359,
  "correct_predictions": 9414,
  "accuracy": 0.7617121126304717,
  "loss": 0.8656888243805059,
  "classification_report": {
    "NORMAL": {
      "precision": 0.9911752044769694,
      "recall": 0.7628592727573925,
      "f1_score": 0.8621577346126843,
      "specificity": 0.7132867132867133,
      "TP": 9210,
      "TN": 204,
      "FP": 82,
      "FN": 2863
    },
    "PNEUMONIA": {
      "precision": 0.06651450929246822,
      "recall": 0.7132867132867133,
      "f1_score": 0.12168207575305698,
      "specificity": 0.7628592727573925,
      "TP": 204,
      "TN": 9210,
      "FP": 2863,
      "FN": 82
    },
    "macro_avg": {
      "precision": 0.5288448568847188,
      "recall": 0.7380729930220529,
      "f1_score": 0.49191990518287065
    },
    "accuracy": 0.7617121126304717
  },
  "test_config": {
    "model_path": "results/densenet/CXR8/layers_5/batch_size_16/epochs_10/model.pt",
    "cross_dataset_path": "../../datasets/CXR8",
    "pretrained_model": "densenet",
    "batch_size": 16,
    "device": "cuda"
  }
}