{
  "confusion_matrix": [
    [
      3516,
      619
    ],
    [
      561,
      1214
    ]
  ],
  "total_samples": 5910,
  "correct_predictions": 4730,
  "accuracy": 0.8003384094754653,
  "loss": 0.5498254787901735,
  "classification_report": {
    "NORMAL": {
      "precision": 0.8623988226637234,
      "recall": 0.8503022974607013,
      "f1_score": 0.8563073422074062,
      "specificity": 0.683943661971831,
      "TP": 3516,
      "TN": 1214,
      "FP": 561,
      "FN": 619
    },
    "PNEUMONIA": {
      "precision": 0.6623022367703219,
      "recall": 0.683943661971831,
      "f1_score": 0.6729485023468752,
      "specificity": 0.8503022974607013,
      "TP": 1214,
      "TN": 3516,
      "FP": 619,
      "FN": 561
    },
    "macro_avg": {
      "precision": 0.7623505297170226,
      "recall": 0.7671229797162662,
      "f1_score": 0.7646279222771407
    },
    "accuracy": 0.8003384094754653
  }
}