{
  "confusion_matrix": [
    [
      12065,
      8
    ],
    [
      284,
      2
    ]
  ],
  "total_samples": 12359,
  "correct_predictions": 12067,
  "accuracy": 0.9763734930010519,
  "loss": 0.1147824510828279,
  "classification_report": {
    "NORMAL": {
      "precision": 0.9770021864118552,
      "recall": 0.9993373643667688,
      "f1_score": 0.9880430673395201,
      "specificity": 0.006993006993006993,
      "TP": 12065,
      "TN": 2,
      "FP": 284,
      "FN": 8
    },
    "PNEUMONIA": {
      "precision": 0.2,
      "recall": 0.006993006993006993,
      "f1_score": 0.013513448228949433,
      "specificity": 0.9993373643667688,
      "TP": 2,
      "TN": 12065,
      "FP": 8,
      "FN": 284
    },
    "macro_avg": {
      "precision": 0.5885010932059276,
      "recall": 0.5031651856798879,
      "f1_score": 0.5007782577842348
    },
    "accuracy": 0.9763734930010519
  }
}