{
  "confusion_matrix": [
    [
      2579,
      9494
    ],
    [
      27,
      259
    ]
  ],
  "total_samples": 12359,
  "correct_predictions": 2838,
  "accuracy": 0.22963022898292743,
  "loss": 2.6270550683011744,
  "classification_report": {
    "NORMAL": {
      "precision": 0.9896392939370683,
      "recall": 0.2136171622629007,
      "f1_score": 0.35138604218973407,
      "specificity": 0.9055944055944056,
      "TP": 2579,
      "TN": 259,
      "FP": 27,
      "FN": 9494
    },
    "PNEUMONIA": {
      "precision": 0.02655593150825387,
      "recall": 0.9055944055944056,
      "f1_score": 0.0515987094627197,
      "specificity": 0.2136171622629007,
      "TP": 259,
      "TN": 2579,
      "FP": 9494,
      "FN": 27
    },
    "macro_avg": {
      "precision": 0.5080976127226611,
      "recall": 0.5596057839286531,
      "f1_score": 0.2014923758262269
    },
    "accuracy": 0.22963022898292743
  },
  "test_config": {
    "model_path": "results/mobilenet/chest_xray/layers_2/batch_size_32/epochs_500/timestamp_11122025_022721/",
    "cross_dataset_path": "../../datasets/CXR8",
    "pretrained_model": "mobilenet",
    "batch_size": 32,
    "device": "cuda"
  }
}