{
  "confusion_matrix": [
    [
      680,
      3455
    ],
    [
      58,
      1717
    ]
  ],
  "total_samples": 5910,
  "correct_predictions": 2397,
  "accuracy": 0.4055837563451777,
  "loss": 2.1407362727344337,
  "classification_report": {
    "NORMAL": {
      "precision": 0.9214092140921409,
      "recall": 0.16444981862152358,
      "f1_score": 0.2790885999459373,
      "specificity": 0.9673239436619718,
      "TP": 680,
      "TN": 1717,
      "FP": 58,
      "FN": 3455
    },
    "PNEUMONIA": {
      "precision": 0.3319798917246713,
      "recall": 0.9673239436619718,
      "f1_score": 0.4943137119689422,
      "specificity": 0.16444981862152358,
      "TP": 1717,
      "TN": 680,
      "FP": 3455,
      "FN": 58
    },
    "macro_avg": {
      "precision": 0.6266945529084061,
      "recall": 0.5658868811417477,
      "f1_score": 0.38670115595743976
    },
    "accuracy": 0.4055837563451777
  },
  "test_config": {
    "model_path": "results/mobilenet/chest_xray/layers_2/batch_size_32/epochs_500/timestamp_11122025_022721/",
    "cross_dataset_path": "../../datasets/rsna",
    "pretrained_model": "mobilenet",
    "batch_size": 32,
    "device": "cuda"
  }
}