{
  "confusion_matrix": [
    [
      197,
      37
    ],
    [
      201,
      189
    ]
  ],
  "total_samples": 624,
  "correct_predictions": 386,
  "accuracy": 0.6185897435897436,
  "loss": 0.6606732668020786,
  "classification_report": {
    "NORMAL": {
      "precision": 0.4949748743718593,
      "recall": 0.8418803418803419,
      "f1_score": 0.6234172551878189,
      "specificity": 0.4846153846153846,
      "TP": 197,
      "TN": 189,
      "FP": 201,
      "FN": 37
    },
    "PNEUMONIA": {
      "precision": 0.8362831858407079,
      "recall": 0.4846153846153846,
      "f1_score": 0.6136358990769245,
      "specificity": 0.8418803418803419,
      "TP": 189,
      "TN": 197,
      "FP": 37,
      "FN": 201
    },
    "macro_avg": {
      "precision": 0.6656290301062836,
      "recall": 0.6632478632478632,
      "f1_score": 0.6185265771323717
    },
    "accuracy": 0.6185897435897436
  },
  "test_config": {
    "model_path": "results/densenet/rsna/layers_None/batch_size_32/epochs_500/timestamp_11122025_102423/",
    "cross_dataset_path": "../../datasets/chest_xray",
    "pretrained_model": "densenet",
    "batch_size": 32,
    "device": "cuda"
  }
}