{
  "confusion_matrix": [
    [
      9768,
      2305
    ],
    [
      122,
      164
    ]
  ],
  "total_samples": 12359,
  "correct_predictions": 9932,
  "accuracy": 0.8036248887450441,
  "loss": 0.4346543514688276,
  "classification_report": {
    "NORMAL": {
      "precision": 0.9876643073811932,
      "recall": 0.8090781081752672,
      "f1_score": 0.8894954754357364,
      "specificity": 0.5734265734265734,
      "TP": 9768,
      "TN": 164,
      "FP": 122,
      "FN": 2305
    },
    "PNEUMONIA": {
      "precision": 0.06642365330093156,
      "recall": 0.5734265734265734,
      "f1_score": 0.11905607527435115,
      "specificity": 0.8090781081752672,
      "TP": 164,
      "TN": 9768,
      "FP": 2305,
      "FN": 122
    },
    "macro_avg": {
      "precision": 0.5270439803410624,
      "recall": 0.6912523408009204,
      "f1_score": 0.5042757753550438
    },
    "accuracy": 0.8036248887450441
  },
  "test_config": {
    "model_path": "results/densenet/rsna/layers_None/batch_size_32/epochs_500/timestamp_11122025_102423/",
    "cross_dataset_path": "../../datasets/CXR8",
    "pretrained_model": "densenet",
    "batch_size": 32,
    "device": "cuda"
  }
}