{
  "confusion_matrix": [
    [
      164,
      70
    ],
    [
      22,
      368
    ]
  ],
  "total_samples": 624,
  "correct_predictions": 532,
  "accuracy": 0.8525641025641025,
  "loss": 0.3655330668657254,
  "classification_report": {
    "NORMAL": {
      "precision": 0.8817204301075269,
      "recall": 0.7008547008547008,
      "f1_score": 0.7809523809523811,
      "specificity": 0.9435897435897436,
      "TP": 164,
      "TN": 368,
      "FP": 22,
      "FN": 70
    },
    "PNEUMONIA": {
      "precision": 0.8401826484018264,
      "recall": 0.9435897435897436,
      "f1_score": 0.8888888888888888,
      "specificity": 0.7008547008547008,
      "TP": 368,
      "TN": 164,
      "FP": 70,
      "FN": 22
    },
    "macro_avg": {
      "precision": 0.8609515392546767,
      "recall": 0.8222222222222222,
      "f1_score": 0.834920634920635
    },
    "accuracy": 0.8525641025641025
  },
  "test_config": {
    "model_path": "results/resnet/chest_xray/layers_None/batch_size_16/loss_cross_entropy/sampler_balanced/epochs_500/",
    "cross_dataset_path": "../../datasets/chest_xray",
    "pretrained_model": "resnet",
    "batch_size": 16,
    "device": "cuda"
  }
}