{
  "confusion_matrix": [
    [
      173,
      61
    ],
    [
      121,
      269
    ]
  ],
  "total_samples": 624,
  "correct_predictions": 442,
  "accuracy": 0.7083333333333334,
  "loss": 0.5601190137557495,
  "classification_report": {
    "NORMAL": {
      "precision": 0.5884353741496599,
      "recall": 0.7393162393162394,
      "f1_score": 0.6553025367600137,
      "specificity": 0.6897435897435897,
      "TP": 173,
      "TN": 269,
      "FP": 121,
      "FN": 61
    },
    "PNEUMONIA": {
      "precision": 0.8151515151515152,
      "recall": 0.6897435897435897,
      "f1_score": 0.7472217256947745,
      "specificity": 0.7393162393162394,
      "TP": 269,
      "TN": 173,
      "FP": 61,
      "FN": 121
    },
    "macro_avg": {
      "precision": 0.7017934446505876,
      "recall": 0.7145299145299145,
      "f1_score": 0.7012621312273941
    },
    "accuracy": 0.7083333333333334
  },
  "test_config": {
    "model_path": "results/resnet/rsna/layers_None/batch_size_32/epochs_10/timestamp_11122025_084654/",
    "cross_dataset_path": "../../datasets/chest_xray",
    "pretrained_model": "resnet",
    "batch_size": 32,
    "device": "cuda"
  }
}