{
  "confusion_matrix": [
    [
      10047,
      2026
    ],
    [
      143,
      143
    ]
  ],
  "total_samples": 12359,
  "correct_predictions": 10190,
  "accuracy": 0.8245003641071285,
  "loss": 0.3843953754794772,
  "classification_report": {
    "NORMAL": {
      "precision": 0.9859666339548577,
      "recall": 0.8321875258842044,
      "f1_score": 0.9025732806961306,
      "specificity": 0.5,
      "TP": 10047,
      "TN": 143,
      "FP": 143,
      "FN": 2026
    },
    "PNEUMONIA": {
      "precision": 0.06592899953895805,
      "recall": 0.5,
      "f1_score": 0.11649673915973341,
      "specificity": 0.8321875258842044,
      "TP": 143,
      "TN": 10047,
      "FP": 2026,
      "FN": 143
    },
    "macro_avg": {
      "precision": 0.5259478167469079,
      "recall": 0.6660937629421022,
      "f1_score": 0.509535009927932
    },
    "accuracy": 0.8245003641071285
  },
  "test_config": {
    "model_path": "results/resnet/rsna/layers_None/batch_size_32/epochs_10/timestamp_11122025_084654/",
    "cross_dataset_path": "../../datasets/CXR8",
    "pretrained_model": "resnet",
    "batch_size": 32,
    "device": "cuda"
  }
}