{
  "confusion_matrix": [
    [
      3147,
      988
    ],
    [
      427,
      1348
    ]
  ],
  "total_samples": 5910,
  "correct_predictions": 4495,
  "accuracy": 0.760575296108291,
  "loss": 0.48497284461197315,
  "classification_report": {
    "NORMAL": {
      "precision": 0.8805260212646894,
      "recall": 0.7610640870616687,
      "f1_score": 0.8164478098216249,
      "specificity": 0.7594366197183099,
      "TP": 3147,
      "TN": 1348,
      "FP": 427,
      "FN": 988
    },
    "PNEUMONIA": {
      "precision": 0.577054794520548,
      "recall": 0.7594366197183099,
      "f1_score": 0.6558010174603314,
      "specificity": 0.7610640870616687,
      "TP": 1348,
      "TN": 3147,
      "FP": 988,
      "FN": 427
    },
    "macro_avg": {
      "precision": 0.7287904078926186,
      "recall": 0.7602503533899894,
      "f1_score": 0.7361244136409781
    },
    "accuracy": 0.760575296108291
  },
  "test_config": {
    "model_path": "results/resnet/rsna/layers_None/batch_size_32/epochs_10/timestamp_11122025_084654/",
    "cross_dataset_path": "../../datasets/rsna",
    "pretrained_model": "resnet",
    "batch_size": 32,
    "device": "cuda"
  }
}