{
  "confusion_matrix": [
    [
      157,
      77
    ],
    [
      106,
      284
    ]
  ],
  "total_samples": 624,
  "correct_predictions": 441,
  "accuracy": 0.7067307692307693,
  "loss": 0.579708687770061,
  "classification_report": {
    "NORMAL": {
      "precision": 0.596958174904943,
      "recall": 0.6709401709401709,
      "f1_score": 0.6317902461695609,
      "specificity": 0.7282051282051282,
      "TP": 157,
      "TN": 284,
      "FP": 106,
      "FN": 77
    },
    "PNEUMONIA": {
      "precision": 0.7867036011080333,
      "recall": 0.7282051282051282,
      "f1_score": 0.7563244008790514,
      "specificity": 0.6709401709401709,
      "TP": 284,
      "TN": 157,
      "FP": 77,
      "FN": 106
    },
    "macro_avg": {
      "precision": 0.6918308880064881,
      "recall": 0.6995726495726495,
      "f1_score": 0.6940573235243062
    },
    "accuracy": 0.7067307692307693
  },
  "test_config": {
    "model_path": "results/mobilenet/rsna/layers_2/batch_size_32/epochs_500/timestamp_11122025_012618/",
    "cross_dataset_path": "../../datasets/chest_xray",
    "pretrained_model": "mobilenet",
    "batch_size": 32,
    "device": "cuda"
  }
}