{
  "confusion_matrix": [
    [
      142,
      92
    ],
    [
      96,
      294
    ]
  ],
  "total_samples": 624,
  "correct_predictions": 436,
  "accuracy": 0.6987179487179487,
  "loss": 0.5899442159212552,
  "classification_report": {
    "NORMAL": {
      "precision": 0.5966386554621849,
      "recall": 0.6068376068376068,
      "f1_score": 0.601694415290562,
      "specificity": 0.7538461538461538,
      "TP": 142,
      "TN": 294,
      "FP": 96,
      "FN": 92
    },
    "PNEUMONIA": {
      "precision": 0.7616580310880829,
      "recall": 0.7538461538461538,
      "f1_score": 0.7577314587765017,
      "specificity": 0.6068376068376068,
      "TP": 294,
      "TN": 142,
      "FP": 92,
      "FN": 96
    },
    "macro_avg": {
      "precision": 0.679148343275134,
      "recall": 0.6803418803418804,
      "f1_score": 0.6797129370335319
    },
    "accuracy": 0.6987179487179487
  },
  "test_config": {
    "model_path": "results/densenet/CXR8/layers_None/batch_size_32/epochs_10/timestamp_11122025_091009/",
    "cross_dataset_path": "../../datasets/chest_xray",
    "pretrained_model": "densenet",
    "batch_size": 32,
    "device": "cuda"
  }
}