{
  "confusion_matrix": [
    [
      7788,
      4285
    ],
    [
      61,
      225
    ]
  ],
  "total_samples": 12359,
  "correct_predictions": 8013,
  "accuracy": 0.6483534266526418,
  "loss": 0.6567892575859107,
  "classification_report": {
    "NORMAL": {
      "precision": 0.9922283093387693,
      "recall": 0.6450757889505508,
      "f1_score": 0.7818487344045093,
      "specificity": 0.7867132867132867,
      "TP": 7788,
      "TN": 225,
      "FP": 61,
      "FN": 4285
    },
    "PNEUMONIA": {
      "precision": 0.04988913525498891,
      "recall": 0.7867132867132867,
      "f1_score": 0.09382807800474034,
      "specificity": 0.6450757889505508,
      "TP": 225,
      "TN": 7788,
      "FP": 4285,
      "FN": 61
    },
    "macro_avg": {
      "precision": 0.5210587222968791,
      "recall": 0.7158945378319188,
      "f1_score": 0.43783840620462483
    },
    "accuracy": 0.6483534266526418
  },
  "test_config": {
    "model_path": "results/densenet/CXR8/layers_None/batch_size_32/epochs_10/timestamp_11122025_091009/",
    "cross_dataset_path": "../../datasets/CXR8",
    "pretrained_model": "densenet",
    "batch_size": 32,
    "device": "cuda"
  }
}