{
  "confusion_matrix": [
    [
      160,
      74
    ],
    [
      125,
      265
    ]
  ],
  "total_samples": 624,
  "correct_predictions": 425,
  "accuracy": 0.6810897435897436,
  "loss": 0.6192516883214315,
  "classification_report": {
    "NORMAL": {
      "precision": 0.5614035087719298,
      "recall": 0.6837606837606838,
      "f1_score": 0.6165698323814773,
      "specificity": 0.6794871794871795,
      "TP": 160,
      "TN": 265,
      "FP": 125,
      "FN": 74
    },
    "PNEUMONIA": {
      "precision": 0.7817109144542773,
      "recall": 0.6794871794871795,
      "f1_score": 0.7270228220633729,
      "specificity": 0.6837606837606838,
      "TP": 265,
      "TN": 160,
      "FP": 74,
      "FN": 125
    },
    "macro_avg": {
      "precision": 0.6715572116131036,
      "recall": 0.6816239316239316,
      "f1_score": 0.6717963272224251
    },
    "accuracy": 0.6810897435897436
  },
  "test_config": {
    "model_path": "results/densenet/CXR8/layers_None/batch_size_32/epochs_500/",
    "cross_dataset_path": "../../datasets/chest_xray",
    "pretrained_model": "densenet",
    "batch_size": 32,
    "device": "cuda"
  }
}