{
  "confusion_matrix": [
    [
      8079,
      3994
    ],
    [
      69,
      217
    ]
  ],
  "total_samples": 12359,
  "correct_predictions": 8296,
  "accuracy": 0.671251719394773,
  "loss": 0.6235365064333765,
  "classification_report": {
    "NORMAL": {
      "precision": 0.9915316642120766,
      "recall": 0.6691791601093349,
      "f1_score": 0.7990697923167595,
      "specificity": 0.7587412587412588,
      "TP": 8079,
      "TN": 217,
      "FP": 69,
      "FN": 3994
    },
    "PNEUMONIA": {
      "precision": 0.05153170268344811,
      "recall": 0.7587412587412588,
      "f1_score": 0.09650866452717163,
      "specificity": 0.6691791601093349,
      "TP": 217,
      "TN": 8079,
      "FP": 3994,
      "FN": 69
    },
    "macro_avg": {
      "precision": 0.5215316834477624,
      "recall": 0.7139602094252968,
      "f1_score": 0.44778922842196556
    },
    "accuracy": 0.671251719394773
  },
  "test_config": {
    "model_path": "results/densenet/CXR8/layers_None/batch_size_32/epochs_500/",
    "cross_dataset_path": "../../datasets/CXR8",
    "pretrained_model": "densenet",
    "batch_size": 32,
    "device": "cuda"
  }
}