{
  "confusion_matrix": [
    [
      203,
      31
    ],
    [
      309,
      81
    ]
  ],
  "total_samples": 624,
  "correct_predictions": 284,
  "accuracy": 0.4551282051282051,
  "loss": 0.7778336497453543,
  "classification_report": {
    "NORMAL": {
      "precision": 0.396484375,
      "recall": 0.8675213675213675,
      "f1_score": 0.5442359249329759,
      "specificity": 0.2076923076923077,
      "TP": 203,
      "TN": 81,
      "FP": 309,
      "FN": 31
    },
    "PNEUMONIA": {
      "precision": 0.7232142857142857,
      "recall": 0.2076923076923077,
      "f1_score": 0.32270916334661354,
      "specificity": 0.8675213675213675,
      "TP": 81,
      "TN": 203,
      "FP": 31,
      "FN": 309
    },
    "macro_avg": {
      "precision": 0.5598493303571428,
      "recall": 0.5376068376068376,
      "f1_score": 0.43347254413979475
    },
    "accuracy": 0.4551282051282051
  },
  "test_config": {
    "model_path": "results/mobilenet/CXR8/layers_5/batch_size_32/loss_cross_entropy/sampler_weighted/epochs_100/",
    "cross_dataset_path": "../../datasets/chest_xray",
    "pretrained_model": "mobilenet",
    "batch_size": 32,
    "device": "cuda"
  }
}