{
  "confusion_matrix": [
    [
      6693,
      5380
    ],
    [
      106,
      180
    ]
  ],
  "total_samples": 12359,
  "correct_predictions": 6873,
  "accuracy": 0.5561129541225018,
  "loss": 0.7939527942646436,
  "classification_report": {
    "NORMAL": {
      "precision": 0.9844094719811737,
      "recall": 0.5543775366520335,
      "f1_score": 0.7093047901653242,
      "specificity": 0.6293706293706294,
      "TP": 6693,
      "TN": 180,
      "FP": 106,
      "FN": 5380
    },
    "PNEUMONIA": {
      "precision": 0.03237410071942446,
      "recall": 0.6293706293706294,
      "f1_score": 0.06158056790968183,
      "specificity": 0.5543775366520335,
      "TP": 180,
      "TN": 6693,
      "FP": 5380,
      "FN": 106
    },
    "macro_avg": {
      "precision": 0.508391786350299,
      "recall": 0.5918740830113314,
      "f1_score": 0.385442679037503
    },
    "accuracy": 0.5561129541225018
  },
  "test_config": {
    "model_path": "results/mobilenet/chest_xray/layers_5/batch_size_32/epochs_100/",
    "cross_dataset_path": "../../datasets/CXR8",
    "pretrained_model": "mobilenet",
    "batch_size": 32,
    "device": "cuda"
  }
}