{
  "confusion_matrix": [
    [
      204,
      30
    ],
    [
      333,
      57
    ]
  ],
  "total_samples": 624,
  "correct_predictions": 261,
  "accuracy": 0.4182692307692308,
  "loss": 0.905084524399195,
  "classification_report": {
    "NORMAL": {
      "precision": 0.37988826815642457,
      "recall": 0.8717948717948718,
      "f1_score": 0.5291828793774319,
      "specificity": 0.14615384615384616,
      "TP": 204,
      "TN": 57,
      "FP": 333,
      "FN": 30
    },
    "PNEUMONIA": {
      "precision": 0.6551724137931034,
      "recall": 0.14615384615384616,
      "f1_score": 0.2389937106918239,
      "specificity": 0.8717948717948718,
      "TP": 57,
      "TN": 204,
      "FP": 30,
      "FN": 333
    },
    "macro_avg": {
      "precision": 0.517530340974764,
      "recall": 0.5089743589743589,
      "f1_score": 0.38408829503462794
    },
    "accuracy": 0.4182692307692308
  },
  "test_config": {
    "model_path": "results/densenet/CXR8/layers_None/batch_size_32/loss_cross_entropy/sampler_balanced/epochs_500/",
    "cross_dataset_path": "../../datasets/chest_xray",
    "pretrained_model": "densenet",
    "batch_size": 32,
    "device": "cuda"
  }
}