{
  "confusion_matrix": [
    [
      8737,
      3336
    ],
    [
      80,
      206
    ]
  ],
  "total_samples": 12359,
  "correct_predictions": 8943,
  "accuracy": 0.7236022331903875,
  "loss": 0.5592507981894249,
  "classification_report": {
    "NORMAL": {
      "precision": 0.9909266190314165,
      "recall": 0.7236809409425992,
      "f1_score": 0.8364767831498324,
      "specificity": 0.7202797202797203,
      "TP": 8737,
      "TN": 206,
      "FP": 80,
      "FN": 3336
    },
    "PNEUMONIA": {
      "precision": 0.05815923207227555,
      "recall": 0.7202797202797203,
      "f1_score": 0.10762800417972833,
      "specificity": 0.7236809409425992,
      "TP": 206,
      "TN": 8737,
      "FP": 3336,
      "FN": 80
    },
    "macro_avg": {
      "precision": 0.524542925551846,
      "recall": 0.7219803306111597,
      "f1_score": 0.47205239366478036
    },
    "accuracy": 0.7236022331903875
  },
  "test_config": {
    "model_path": "results/densenet/CXR8/layers_None/batch_size_32/loss_cross_entropy/sampler_balanced/epochs_500/",
    "cross_dataset_path": "../../datasets/CXR8",
    "pretrained_model": "densenet",
    "batch_size": 32,
    "device": "cuda"
  }
}