{
  "confusion_matrix": [
    [
      2325,
      1810
    ],
    [
      201,
      1574
    ]
  ],
  "total_samples": 5910,
  "correct_predictions": 3899,
  "accuracy": 0.6597292724196278,
  "loss": 0.6359749683067076,
  "classification_report": {
    "NORMAL": {
      "precision": 0.9204275534441805,
      "recall": 0.562273276904474,
      "f1_score": 0.6980929085472709,
      "specificity": 0.8867605633802816,
      "TP": 2325,
      "TN": 1574,
      "FP": 201,
      "FN": 1810
    },
    "PNEUMONIA": {
      "precision": 0.4651300236406619,
      "recall": 0.8867605633802816,
      "f1_score": 0.6101953230104498,
      "specificity": 0.562273276904474,
      "TP": 1574,
      "TN": 2325,
      "FP": 1810,
      "FN": 201
    },
    "macro_avg": {
      "precision": 0.6927787885424213,
      "recall": 0.7245169201423778,
      "f1_score": 0.6541441157788603
    },
    "accuracy": 0.6597292724196278
  },
  "test_config": {
    "model_path": "results/densenet/CXR8/layers_5/batch_size_32/epochs_500/timestamp_11122025_155630/",
    "cross_dataset_path": "../../datasets/rsna",
    "pretrained_model": "densenet",
    "batch_size": 32,
    "device": "cuda"
  }
}