{
  "confusion_matrix": [
    [
      151,
      83
    ],
    [
      178,
      212
    ]
  ],
  "total_samples": 624,
  "correct_predictions": 363,
  "accuracy": 0.5817307692307693,
  "loss": 0.6692173603253487,
  "classification_report": {
    "NORMAL": {
      "precision": 0.45896656534954405,
      "recall": 0.6452991452991453,
      "f1_score": 0.5364115923896009,
      "specificity": 0.5435897435897435,
      "TP": 151,
      "TN": 212,
      "FP": 178,
      "FN": 83
    },
    "PNEUMONIA": {
      "precision": 0.7186440677966102,
      "recall": 0.5435897435897435,
      "f1_score": 0.618977611807091,
      "specificity": 0.6452991452991453,
      "TP": 212,
      "TN": 151,
      "FP": 83,
      "FN": 178
    },
    "macro_avg": {
      "precision": 0.5888053165730771,
      "recall": 0.5944444444444444,
      "f1_score": 0.577694602098346
    },
    "accuracy": 0.5817307692307693
  },
  "test_config": {
    "model_path": "results/efficientnet/CXR8/layers_None/batch_size_32/epochs_500/timestamp_11122025_030716/",
    "cross_dataset_path": "../../datasets/chest_xray",
    "pretrained_model": "efficientnet",
    "batch_size": 32,
    "device": "cuda"
  }
}