{
  "confusion_matrix": [
    [
      4203,
      7870
    ],
    [
      34,
      252
    ]
  ],
  "total_samples": 12359,
  "correct_predictions": 4455,
  "accuracy": 0.3604660571243628,
  "loss": 2.98741667829041,
  "classification_report": {
    "NORMAL": {
      "precision": 0.9919754543308945,
      "recall": 0.34813219580882965,
      "f1_score": 0.5153893316983447,
      "specificity": 0.8811188811188811,
      "TP": 4203,
      "TN": 252,
      "FP": 34,
      "FN": 7870
    },
    "PNEUMONIA": {
      "precision": 0.031026840679635556,
      "recall": 0.8811188811188811,
      "f1_score": 0.0599429115128449,
      "specificity": 0.34813219580882965,
      "TP": 252,
      "TN": 4203,
      "FP": 7870,
      "FN": 34
    },
    "macro_avg": {
      "precision": 0.511501147505265,
      "recall": 0.6146255384638554,
      "f1_score": 0.2876661216055948
    },
    "accuracy": 0.3604660571243628
  },
  "test_config": {
    "model_path": "results/densenet/chest_xray/layers_5/batch_size_32/epochs_100/model.pt",
    "cross_dataset_path": "../../datasets/CXR8",
    "pretrained_model": "densenet",
    "batch_size": 32,
    "device": "cuda"
  }
}