{
  "confusion_matrix": [
    [
      175,
      59
    ],
    [
      9,
      381
    ]
  ],
  "total_samples": 624,
  "correct_predictions": 556,
  "accuracy": 0.8910256410256411,
  "loss": 0.38371529893424267,
  "classification_report": {
    "NORMAL": {
      "precision": 0.9510869565217391,
      "recall": 0.7478632478632479,
      "f1_score": 0.8373205741626795,
      "specificity": 0.9769230769230769,
      "TP": 175,
      "TN": 381,
      "FP": 9,
      "FN": 59
    },
    "PNEUMONIA": {
      "precision": 0.865909090909091,
      "recall": 0.9769230769230769,
      "f1_score": 0.9180722891566265,
      "specificity": 0.7478632478632479,
      "TP": 381,
      "TN": 175,
      "FP": 59,
      "FN": 9
    },
    "macro_avg": {
      "precision": 0.908498023715415,
      "recall": 0.8623931623931624,
      "f1_score": 0.8776964316596529
    },
    "accuracy": 0.8910256410256411
  },
  "test_config": {
    "model_path": "results/densenet/chest_xray/layers_5/batch_size_32/epochs_100/model.pt",
    "cross_dataset_path": "../../datasets/chest_xray",
    "pretrained_model": "densenet",
    "batch_size": 32,
    "device": "cuda"
  }
}