{
  "confusion_matrix": [
    [
      199,
      35
    ],
    [
      34,
      356
    ]
  ],
  "total_samples": 624,
  "correct_predictions": 555,
  "accuracy": 0.8894230769230769,
  "loss": 0.2771348448900076,
  "classification_report": {
    "NORMAL": {
      "precision": 0.8540772532188842,
      "recall": 0.8504273504273504,
      "f1_score": 0.8522483940042828,
      "specificity": 0.9128205128205128,
      "TP": 199,
      "TN": 356,
      "FP": 34,
      "FN": 35
    },
    "PNEUMONIA": {
      "precision": 0.9104859335038363,
      "recall": 0.9128205128205128,
      "f1_score": 0.9116517285531369,
      "specificity": 0.8504273504273504,
      "TP": 356,
      "TN": 199,
      "FP": 35,
      "FN": 34
    },
    "macro_avg": {
      "precision": 0.8822815933613603,
      "recall": 0.8816239316239316,
      "f1_score": 0.8819500612787099
    },
    "accuracy": 0.8894230769230769
  },
  "test_config": {
    "model_path": "results/densenet/chest_xray/layers_5/batch_size_32/epochs_100/",
    "cross_dataset_path": "../../datasets/chest_xray",
    "pretrained_model": "densenet",
    "batch_size": 32,
    "device": "cuda"
  }
}