{
  "confusion_matrix": [
    [
      234,
      0
    ],
    [
      365,
      25
    ]
  ],
  "total_samples": 624,
  "correct_predictions": 259,
  "accuracy": 0.4150641025641026,
  "loss": 0.6950668509189899,
  "classification_report": {
    "NORMAL": {
      "precision": 0.39065108514190316,
      "recall": 1.0,
      "f1_score": 0.561824325891031,
      "specificity": 0.0641025641025641,
      "TP": 234,
      "TN": 25,
      "FP": 365,
      "FN": 0
    },
    "PNEUMONIA": {
      "precision": 1.0,
      "recall": 0.0641025641025641,
      "f1_score": 0.12048181448696951,
      "specificity": 1.0,
      "TP": 25,
      "TN": 234,
      "FP": 0,
      "FN": 365
    },
    "macro_avg": {
      "precision": 0.6953255425709516,
      "recall": 0.532051282051282,
      "f1_score": 0.34115307018900026
    },
    "accuracy": 0.4150641025641026
  },
  "test_config": {
    "model_path": "results/mobilenet/CXR8/layers_5/batch_size_32/epochs_500/timestamp_11122025_035514/",
    "cross_dataset_path": "../../datasets/chest_xray",
    "pretrained_model": "mobilenet",
    "batch_size": 32,
    "device": "cuda"
  }
}