{
  "confusion_matrix": [
    [
      202,
      32
    ],
    [
      54,
      336
    ]
  ],
  "total_samples": 624,
  "correct_predictions": 538,
  "accuracy": 0.8621794871794872,
  "loss": 0.3373307173068707,
  "classification_report": {
    "NORMAL": {
      "precision": 0.7890625,
      "recall": 0.8632478632478633,
      "f1_score": 0.8244892969265828,
      "specificity": 0.8615384615384616,
      "TP": 202,
      "TN": 336,
      "FP": 54,
      "FN": 32
    },
    "PNEUMONIA": {
      "precision": 0.9130434782608695,
      "recall": 0.8615384615384616,
      "f1_score": 0.8865430360415233,
      "specificity": 0.8632478632478633,
      "TP": 336,
      "TN": 202,
      "FP": 32,
      "FN": 54
    },
    "macro_avg": {
      "precision": 0.8510529891304348,
      "recall": 0.8623931623931624,
      "f1_score": 0.855516166484053
    },
    "accuracy": 0.8621794871794872
  },
  "test_config": {
    "model_path": "results/densenet/chest_xray/layers_None/batch_size_32/epochs_1/timestamp_10122025_233124/",
    "cross_dataset_path": "../../datasets/chest_xray",
    "pretrained_model": "densenet",
    "batch_size": 32,
    "device": "cuda"
  }
}