{
  "confusion_matrix": [
    [
      1693,
      10380
    ],
    [
      17,
      269
    ]
  ],
  "total_samples": 12359,
  "correct_predictions": 1962,
  "accuracy": 0.158750707986083,
  "loss": 1.7813354516667892,
  "classification_report": {
    "NORMAL": {
      "precision": 0.9900584795321637,
      "recall": 0.14023026588254783,
      "f1_score": 0.2456647322286842,
      "specificity": 0.9405594405594405,
      "TP": 1693,
      "TN": 269,
      "FP": 17,
      "FN": 10380
    },
    "PNEUMONIA": {
      "precision": 0.025260587848624283,
      "recall": 0.9405594405594405,
      "f1_score": 0.04919976616012611,
      "specificity": 0.14023026588254783,
      "TP": 269,
      "TN": 1693,
      "FP": 10380,
      "FN": 17
    },
    "macro_avg": {
      "precision": 0.507659533690394,
      "recall": 0.5403948532209941,
      "f1_score": 0.14743224919440517
    },
    "accuracy": 0.158750707986083
  },
  "test_config": {
    "model_path": "results/densenet/chest_xray/layers_None/batch_size_32/epochs_1/timestamp_10122025_233124/",
    "cross_dataset_path": "../../datasets/CXR8",
    "pretrained_model": "densenet",
    "batch_size": 32,
    "device": "cuda"
  }
}