{
  "confusion_matrix": [
    [
      4086,
      7987
    ],
    [
      38,
      248
    ]
  ],
  "total_samples": 12359,
  "correct_predictions": 4334,
  "accuracy": 0.35067562100493566,
  "loss": 2.694301541756924,
  "classification_report": {
    "NORMAL": {
      "precision": 0.9907856450048497,
      "recall": 0.3384411496728237,
      "f1_score": 0.5045374978125318,
      "specificity": 0.8671328671328671,
      "TP": 4086,
      "TN": 248,
      "FP": 38,
      "FN": 7987
    },
    "PNEUMONIA": {
      "precision": 0.030115361262902245,
      "recall": 0.8671328671328671,
      "f1_score": 0.05820906550866115,
      "specificity": 0.3384411496728237,
      "TP": 248,
      "TN": 4086,
      "FP": 7987,
      "FN": 38
    },
    "macro_avg": {
      "precision": 0.510450503133876,
      "recall": 0.6027870084028454,
      "f1_score": 0.28137328166059644
    },
    "accuracy": 0.35067562100493566
  },
  "test_config": {
    "model_path": "results/densenet/chest_xray/layers_5/batch_size_32/epochs_500/timestamp_11122025_173216/",
    "cross_dataset_path": "../../datasets/CXR8",
    "pretrained_model": "densenet",
    "batch_size": 32,
    "device": "cuda"
  }
}