{
  "confusion_matrix": [
    [
      1126,
      3009
    ],
    [
      63,
      1712
    ]
  ],
  "total_samples": 5910,
  "correct_predictions": 2838,
  "accuracy": 0.48020304568527916,
  "loss": 2.3191606903943516,
  "classification_report": {
    "NORMAL": {
      "precision": 0.9470142977291842,
      "recall": 0.27230955259975814,
      "f1_score": 0.4229898860023048,
      "specificity": 0.9645070422535211,
      "TP": 1126,
      "TN": 1712,
      "FP": 63,
      "FN": 3009
    },
    "PNEUMONIA": {
      "precision": 0.3626350349502224,
      "recall": 0.9645070422535211,
      "f1_score": 0.5270931988950056,
      "specificity": 0.27230955259975814,
      "TP": 1712,
      "TN": 1126,
      "FP": 3009,
      "FN": 63
    },
    "macro_avg": {
      "precision": 0.6548246663397033,
      "recall": 0.6184082974266396,
      "f1_score": 0.4750415424486552
    },
    "accuracy": 0.48020304568527916
  },
  "test_config": {
    "model_path": "results/densenet/chest_xray/layers_5/batch_size_32/epochs_500/timestamp_11122025_173216/",
    "cross_dataset_path": "../../datasets/rsna",
    "pretrained_model": "densenet",
    "batch_size": 32,
    "device": "cuda"
  }
}