{
  "confusion_matrix": [
    [
      2505,
      9568
    ],
    [
      30,
      256
    ]
  ],
  "total_samples": 12359,
  "correct_predictions": 2761,
  "accuracy": 0.22339995145238287,
  "loss": 2.9305167346433176,
  "classification_report": {
    "NORMAL": {
      "precision": 0.9881656804733728,
      "recall": 0.2074877826555123,
      "f1_score": 0.34296247329040286,
      "specificity": 0.8951048951048951,
      "TP": 2505,
      "TN": 256,
      "FP": 30,
      "FN": 9568
    },
    "PNEUMONIA": {
      "precision": 0.026058631921824105,
      "recall": 0.8951048951048951,
      "f1_score": 0.050642872817191896,
      "specificity": 0.2074877826555123,
      "TP": 256,
      "TN": 2505,
      "FP": 9568,
      "FN": 30
    },
    "macro_avg": {
      "precision": 0.5071121561975984,
      "recall": 0.5512963388802037,
      "f1_score": 0.19680267305379737
    },
    "accuracy": 0.22339995145238287
  },
  "test_config": {
    "model_path": "results/efficientnet/chest_xray/layers_None/batch_size_32/epochs_500/timestamp_11122025_170225/",
    "cross_dataset_path": "../../datasets/CXR8",
    "pretrained_model": "efficientnet",
    "batch_size": 32,
    "device": "cuda"
  }
}