{
  "confusion_matrix": [
    [
      789,
      3346
    ],
    [
      76,
      1699
    ]
  ],
  "total_samples": 5910,
  "correct_predictions": 2488,
  "accuracy": 0.4209813874788494,
  "loss": 3.8847227224843754,
  "classification_report": {
    "NORMAL": {
      "precision": 0.9121387283236995,
      "recall": 0.19081015719467956,
      "f1_score": 0.3155997138582594,
      "specificity": 0.9571830985915493,
      "TP": 789,
      "TN": 1699,
      "FP": 76,
      "FN": 3346
    },
    "PNEUMONIA": {
      "precision": 0.3367690782953419,
      "recall": 0.9571830985915493,
      "f1_score": 0.49824008415527565,
      "specificity": 0.19081015719467956,
      "TP": 1699,
      "TN": 789,
      "FP": 3346,
      "FN": 76
    },
    "macro_avg": {
      "precision": 0.6244539033095207,
      "recall": 0.5739966278931145,
      "f1_score": 0.4069198990067675
    },
    "accuracy": 0.4209813874788494
  },
  "test_config": {
    "model_path": "results/efficientnet/chest_xray/layers_None/batch_size_32/epochs_500/timestamp_11122025_170225/",
    "cross_dataset_path": "../../datasets/rsna",
    "pretrained_model": "efficientnet",
    "batch_size": 32,
    "device": "cuda"
  }
}