{
  "confusion_matrix": [
    [
      184,
      50
    ],
    [
      241,
      149
    ]
  ],
  "total_samples": 624,
  "correct_predictions": 333,
  "accuracy": 0.5336538461538461,
  "loss": 0.6914456257453332,
  "classification_report": {
    "NORMAL": {
      "precision": 0.4329411764705882,
      "recall": 0.7863247863247863,
      "f1_score": 0.558421851289833,
      "specificity": 0.382051282051282,
      "TP": 184,
      "TN": 149,
      "FP": 241,
      "FN": 50
    },
    "PNEUMONIA": {
      "precision": 0.7487437185929648,
      "recall": 0.382051282051282,
      "f1_score": 0.5059422750424448,
      "specificity": 0.7863247863247863,
      "TP": 149,
      "TN": 184,
      "FP": 50,
      "FN": 241
    },
    "macro_avg": {
      "precision": 0.5908424475317765,
      "recall": 0.5841880341880341,
      "f1_score": 0.5321820631661389
    },
    "accuracy": 0.5336538461538461
  },
  "test_config": {
    "model_path": "results/efficientnet/CXR8/layers_5/batch_size_32/loss_focal_loss/sampler_balanced/epochs_100/",
    "cross_dataset_path": "../../datasets/chest_xray",
    "pretrained_model": "efficientnet",
    "batch_size": 32,
    "device": "cuda"
  }
}