{
  "confusion_matrix": [
    [
      2152,
      9921
    ],
    [
      19,
      267
    ]
  ],
  "total_samples": 12359,
  "correct_predictions": 2419,
  "accuracy": 0.1957278096933409,
  "loss": 2.53865553092509,
  "classification_report": {
    "NORMAL": {
      "precision": 0.9912482726853984,
      "recall": 0.17824898533918662,
      "f1_score": 0.3021623139567537,
      "specificity": 0.9335664335664335,
      "TP": 2152,
      "TN": 267,
      "FP": 19,
      "FN": 9921
    },
    "PNEUMONIA": {
      "precision": 0.026207302709069492,
      "recall": 0.9335664335664335,
      "f1_score": 0.05098338743555471,
      "specificity": 0.17824898533918662,
      "TP": 267,
      "TN": 2152,
      "FP": 9921,
      "FN": 19
    },
    "macro_avg": {
      "precision": 0.5087277876972339,
      "recall": 0.5559077094528101,
      "f1_score": 0.1765728506961542
    },
    "accuracy": 0.1957278096933409
  },
  "test_config": {
    "model_path": "results/resnet/chest_xray/layers_2/batch_size_64/loss_cross_entropy/sampler_balanced/epochs_500/",
    "cross_dataset_path": "../../datasets/CXR8",
    "pretrained_model": "resnet",
    "batch_size": 64,
    "device": "cuda"
  }
}