{
  "confusion_matrix": [
    [
      113,
      121
    ],
    [
      2,
      388
    ]
  ],
  "total_samples": 624,
  "correct_predictions": 501,
  "accuracy": 0.8028846153846154,
  "loss": 0.5366461987678821,
  "classification_report": {
    "NORMAL": {
      "precision": 0.9826086956521739,
      "recall": 0.4829059829059829,
      "f1_score": 0.6475644699140402,
      "specificity": 0.9948717948717949,
      "TP": 113,
      "TN": 388,
      "FP": 2,
      "FN": 121
    },
    "PNEUMONIA": {
      "precision": 0.762278978388998,
      "recall": 0.9948717948717949,
      "f1_score": 0.8631813125695217,
      "specificity": 0.4829059829059829,
      "TP": 388,
      "TN": 113,
      "FP": 121,
      "FN": 2
    },
    "macro_avg": {
      "precision": 0.872443837020586,
      "recall": 0.7388888888888889,
      "f1_score": 0.755372891241781
    },
    "accuracy": 0.8028846153846154
  },
  "test_config": {
    "model_path": "results/resnet/chest_xray/layers_2/batch_size_64/loss_cross_entropy/sampler_balanced/epochs_500/",
    "cross_dataset_path": "../../datasets/chest_xray",
    "pretrained_model": "resnet",
    "batch_size": 64,
    "device": "cuda"
  }
}