{
  "train_loss": [
    0.014015495821104538
  ],
  "val_loss": [
    0.004260081406077163
  ]
}