{
  "train_loss": [
    0.05539479970513635
  ],
  "val_loss": [
    0.010537712271712229
  ]
}