{
  "train_loss": [
    0.042608340904554974
  ],
  "val_loss": [
    0.02532857700012946
  ]
}