{
  "confusion_matrix": [
    [
      350,
      3785
    ],
    [
      31,
      1744
    ]
  ],
  "total_samples": 5910,
  "correct_predictions": 2094,
  "accuracy": 0.35431472081218274,
  "loss": 1.5104478215606483,
  "classification_report": {
    "NORMAL": {
      "precision": 0.9186351706036745,
      "recall": 0.08464328899637243,
      "f1_score": 0.15500427420020327,
      "specificity": 0.9825352112676057,
      "TP": 350,
      "TN": 1744,
      "FP": 31,
      "FN": 3785
    },
    "PNEUMONIA": {
      "precision": 0.31542774461928014,
      "recall": 0.9825352112676057,
      "f1_score": 0.47754618191597525,
      "specificity": 0.08464328899637243,
      "TP": 1744,
      "TN": 350,
      "FP": 3785,
      "FN": 31
    },
    "macro_avg": {
      "precision": 0.6170314576114773,
      "recall": 0.5335892501319891,
      "f1_score": 0.3162752280580893
    },
    "accuracy": 0.35431472081218274
  },
  "test_config": {
    "model_path": "results/densenet/chest_xray/layers_None/batch_size_32/epochs_1/data_aug_True/seed_42/timestamp_13122025_144943/",
    "cross_dataset_path": "../../datasets/rsna",
    "pretrained_model": "densenet",
    "batch_size": 32,
    "device": "cuda"
  }
}