{
  "confusion_matrix": [
    [
      147,
      87
    ],
    [
      163,
      227
    ]
  ],
  "total_samples": 624,
  "correct_predictions": 374,
  "accuracy": 0.5993589743589743,
  "loss": 0.6383625360635611,
  "classification_report": {
    "NORMAL": {
      "precision": 0.47419354838709676,
      "recall": 0.6282051282051282,
      "f1_score": 0.5404406862298998,
      "specificity": 0.5820512820512821,
      "TP": 147,
      "TN": 227,
      "FP": 163,
      "FN": 87
    },
    "PNEUMONIA": {
      "precision": 0.7229299363057324,
      "recall": 0.5820512820512821,
      "f1_score": 0.6448858694638343,
      "specificity": 0.6282051282051282,
      "TP": 227,
      "TN": 147,
      "FP": 87,
      "FN": 163
    },
    "macro_avg": {
      "precision": 0.5985617423464146,
      "recall": 0.6051282051282052,
      "f1_score": 0.592663277846867
    },
    "accuracy": 0.5993589743589743
  },
  "test_config": {
    "model_path": "results/efficientnet/CXR8/layers_5/batch_size_32/epochs_500/timestamp_11122025_035728/",
    "cross_dataset_path": "../../datasets/chest_xray",
    "pretrained_model": "efficientnet",
    "batch_size": 32,
    "device": "cuda"
  }
}