{
  "confusion_matrix": [
    [
      188,
      46
    ],
    [
      323,
      67
    ]
  ],
  "total_samples": 624,
  "correct_predictions": 255,
  "accuracy": 0.40865384615384615,
  "loss": 1.1222741917157784,
  "classification_report": {
    "NORMAL": {
      "precision": 0.3679060665362035,
      "recall": 0.8034188034188035,
      "f1_score": 0.5046979865771812,
      "specificity": 0.1717948717948718,
      "TP": 188,
      "TN": 67,
      "FP": 323,
      "FN": 46
    },
    "PNEUMONIA": {
      "precision": 0.5929203539823009,
      "recall": 0.1717948717948718,
      "f1_score": 0.2664015904572565,
      "specificity": 0.8034188034188035,
      "TP": 67,
      "TN": 188,
      "FP": 46,
      "FN": 323
    },
    "macro_avg": {
      "precision": 0.4804132102592522,
      "recall": 0.48760683760683765,
      "f1_score": 0.3855497885172189
    },
    "accuracy": 0.40865384615384615
  },
  "test_config": {
    "model_path": "results/densenet/layers_1/kfolds_None/batch_size_64/epochs_100/fold_0.pt",
    "cross_dataset_path": "../../datasets/chest_xray",
    "pretrained_model": "densenet",
    "batch_size": 64,
    "device": "cuda"
  }
}