{
  "confusion_matrix": [
    [
      9354,
      2719
    ],
    [
      108,
      178
    ]
  ],
  "total_samples": 12359,
  "correct_predictions": 9532,
  "accuracy": 0.7712598106642933,
  "loss": 0.4947724388620693,
  "classification_report": {
    "NORMAL": {
      "precision": 0.9885859226379201,
      "recall": 0.7747867141555537,
      "f1_score": 0.8687253308567447,
      "specificity": 0.6223776223776224,
      "TP": 9354,
      "TN": 178,
      "FP": 108,
      "FN": 2719
    },
    "PNEUMONIA": {
      "precision": 0.06144287193648602,
      "recall": 0.6223776223776224,
      "f1_score": 0.11184417216462456,
      "specificity": 0.7747867141555537,
      "TP": 178,
      "TN": 9354,
      "FP": 2719,
      "FN": 108
    },
    "macro_avg": {
      "precision": 0.5250143972872031,
      "recall": 0.698582168266588,
      "f1_score": 0.4902847515106846
    },
    "accuracy": 0.7712598106642933
  },
  "test_config": {
    "model_path": "results/densenet/layers_1/kfolds_None/batch_size_64/epochs_100/fold_0.pt",
    "cross_dataset_path": "../../datasets/CXR8",
    "pretrained_model": "densenet",
    "batch_size": 64,
    "device": "cuda"
  }
}