{
  "confusion_matrix": [
    [
      2622,
      9451
    ],
    [
      25,
      261
    ]
  ],
  "total_samples": 12359,
  "correct_predictions": 2883,
  "accuracy": 0.2332713002670119,
  "loss": 2.7243977760321423,
  "classification_report": {
    "NORMAL": {
      "precision": 0.9905553456743483,
      "recall": 0.21717882879151826,
      "f1_score": 0.35624970502639364,
      "specificity": 0.9125874125874126,
      "TP": 2622,
      "TN": 261,
      "FP": 25,
      "FN": 9451
    },
    "PNEUMONIA": {
      "precision": 0.026873970345963755,
      "recall": 0.9125874125874126,
      "f1_score": 0.05221038651360911,
      "specificity": 0.21717882879151826,
      "TP": 261,
      "TN": 2622,
      "FP": 9451,
      "FN": 25
    },
    "macro_avg": {
      "precision": 0.508714658010156,
      "recall": 0.5648831206894654,
      "f1_score": 0.20423004577000137
    },
    "accuracy": 0.2332713002670119
  },
  "test_config": {
    "model_path": "results/densenet/chest_xray/layers_None/batch_size_32/epochs_10/timestamp_11122025_091009/",
    "cross_dataset_path": "../../datasets/CXR8",
    "pretrained_model": "densenet",
    "batch_size": 32,
    "device": "cuda"
  }
}