{
  "confusion_matrix": [
    [
      207,
      27
    ],
    [
      296,
      94
    ]
  ],
  "total_samples": 624,
  "correct_predictions": 301,
  "accuracy": 0.4823717948717949,
  "loss": 0.7851788386320456,
  "classification_report": {
    "NORMAL": {
      "precision": 0.4115308151093439,
      "recall": 0.8846153846153846,
      "f1_score": 0.5617367706919945,
      "specificity": 0.24102564102564103,
      "TP": 207,
      "TN": 94,
      "FP": 296,
      "FN": 27
    },
    "PNEUMONIA": {
      "precision": 0.7768595041322314,
      "recall": 0.24102564102564103,
      "f1_score": 0.36790606653620356,
      "specificity": 0.8846153846153846,
      "TP": 94,
      "TN": 207,
      "FP": 27,
      "FN": 296
    },
    "macro_avg": {
      "precision": 0.5941951596207876,
      "recall": 0.5628205128205128,
      "f1_score": 0.464821418614099
    },
    "accuracy": 0.4823717948717949
  },
  "test_config": {
    "model_path": "results/resnet/CXR8/layers_5/batch_size_32/loss_cross_entropy/sampler_balanced/epochs_100/",
    "cross_dataset_path": "../../datasets/chest_xray",
    "pretrained_model": "resnet",
    "batch_size": 32,
    "device": "cuda"
  }
}