{
  "confusion_matrix": [
    [
      8217,
      3856
    ],
    [
      75,
      211
    ]
  ],
  "total_samples": 12359,
  "correct_predictions": 8428,
  "accuracy": 0.6819321951614208,
  "loss": 0.5952062789883966,
  "classification_report": {
    "NORMAL": {
      "precision": 0.9909551374819102,
      "recall": 0.6806096247825727,
      "f1_score": 0.8069727473606678,
      "specificity": 0.7377622377622378,
      "TP": 8217,
      "TN": 211,
      "FP": 75,
      "FN": 3856
    },
    "PNEUMONIA": {
      "precision": 0.051880993361199904,
      "recall": 0.7377622377622378,
      "f1_score": 0.09694463588329888,
      "specificity": 0.6806096247825727,
      "TP": 211,
      "TN": 8217,
      "FP": 3856,
      "FN": 75
    },
    "macro_avg": {
      "precision": 0.5214180654215551,
      "recall": 0.7091859312724053,
      "f1_score": 0.4519586916219833
    },
    "accuracy": 0.6819321951614208
  },
  "test_config": {
    "model_path": "results/resnet/CXR8/layers_5/batch_size_32/loss_cross_entropy/sampler_balanced/epochs_100/",
    "cross_dataset_path": "../../datasets/CXR8",
    "pretrained_model": "resnet",
    "batch_size": 32,
    "device": "cuda"
  }
}