{
  "train_loss": [
    0.04355207951349988,
    0.008066832065235115,
    0.0033255079249309527,
    0.0015980849520435718,
    0.0008969991482079937,
    0.0005728054012109614,
    0.00039382927858837063,
    0.00029519877267590854,
    0.00023689696934823005,
    0.0002079505140193835,
    0.0001867614283729645,
    0.00017444439713032014,
    0.00016941540177578825,
    0.00016385857768305616,
    0.0001617821425966153,
    0.00016135650117986744,
    0.00016221312092566526,
    0.0001668926304949808,
    0.00016319248495676877,
    0.0001681257593394018,
    0.00016120951067422057,
    0.00016402745241588014,
    0.0001654892380843373,
    0.00016489314247301602,
    0.00016628682466706188,
    0.000164248307591322,
    0.00016494123120497348,
    0.00016869830503170194,
    0.00016695501149566387,
    0.0001703958279089368,
    0.00017265448492218428,
    0.00016900283439427597,
    0.00016949389138152732,
    0.0001673636842735185,
    0.00016807484271306891,
    0.00016559726862042692,
    0.00016907569848342044,
    0.00017449823694781812,
    0.00016660124225944745,
    0.0001696340840008319
  ],
  "val_loss": [
    0.0019224472999939235,
    0.0006465601911385825,
    0.0003636825615482328,
    0.000250076052094316,
    0.00021253617662692276,
    0.0001856898198876247,
    0.0001698635091472314,
    0.00016565704819414525,
    0.00015788903721924443,
    0.00015808115935955132,
    0.00015604301868251205,
    0.0001572997273075365,
    0.0001611002439055049,
    0.0001568657643584901,
    0.0001523269736591625,
    0.00015677055791800943,
    0.0001567361763566857,
    0.0001527115155799526,
    0.00015572290982092163,
    0.00016125054484215025,
    0.00015645204366557478,
    0.00015621731361476998,
    0.00015769575334408916,
    0.00015505506208303465,
    0.00015947333359806208,
    0.00015549345181642478,
    0.00015734831372021547,
    0.00015824073532837735,
    0.0001674442927127592,
    0.00016879627813336928,
    0.00016353768136704994,
    0.00016556048217114354,
    0.00016312415461627893,
    0.00015566496006386583,
    0.00016430392551425766,
    0.0001623813532848345,
    0.0001558937047743403,
    0.0001613528212340488,
    0.00016531955212883477,
    0.0001632090920050706
  ]
}