{
  "train_loss": [
    0.005745133960575636,
    4.0258286108474585e-05,
    1.981582943277348e-05,
    2.045892829392314e-05,
    2.271654271309183e-05,
    2.2513399879115415e-05,
    2.2271469782804394e-05,
    1.992288208203112e-05,
    1.8603325193782355e-05,
    1.828930967725118e-05,
    1.826382724096703e-05,
    1.82363084832484e-05,
    1.8217022301071578e-05,
    1.8209001493143972e-05,
    1.8266298982708258e-05,
    1.8307081053125992e-05,
    1.8284372793153677e-05,
    1.821943739473157e-05,
    1.824942575390217e-05,
    1.8245104011666805e-05,
    1.8171206742488397e-05,
    1.818619582835119e-05,
    1.8170570724858405e-05,
    1.8120099759682566e-05,
    1.8098804801696916e-05,
    1.8159680792349524e-05,
    1.8099173320150025e-05,
    1.8133538694723917e-05,
    1.8101994895490273e-05,
    1.808332331589475e-05,
    1.8068640851620723e-05,
    1.807415871428603e-05,
    1.8064839533376027e-05,
    1.8098466971068898e-05,
    1.8081880498524147e-05,
    1.8044803192501605e-05,
    1.805781291262121e-05
  ],
  "val_loss": [
    2.667741027434219e-05,
    1.801237642682688e-05,
    1.8300532731537602e-05,
    1.9315869478801475e-05,
    2.4049448975096203e-05,
    1.9307049266335613e-05,
    1.945495348076322e-05,
    1.7937857821883752e-05,
    1.800469687512048e-05,
    1.8126298768758854e-05,
    1.8795832079425146e-05,
    1.7747535279308797e-05,
    1.7870525457184566e-05,
    1.8518202628507226e-05,
    1.7747795112939375e-05,
    1.8051016033172877e-05,
    1.7889534098459342e-05,
    1.875850889863414e-05,
    1.900379861555097e-05,
    1.808148288830057e-05,
    1.835225989967416e-05,
    1.7974709653802954e-05,
    1.8304539491450546e-05,
    1.8447727534256528e-05,
    1.8441538413842043e-05,
    1.787872357067497e-05,
    1.783161225639769e-05,
    1.7853931993578605e-05,
    1.7888629976647887e-05,
    1.8055325486389752e-05,
    1.7857787565612503e-05,
    1.794683641153269e-05,
    1.8337546707587188e-05,
    1.787330617040527e-05,
    1.7906332592729813e-05,
    1.7937528186673555e-05,
    1.797957804341883e-05
  ]
}