{
  "train_loss": [
    0.012581438904329934,
    0.0006498275887794137,
    0.00021466879874630022,
    0.00016013235804859748,
    0.00015601679645994005,
    0.00015452657315452408,
    0.00015567184493404284,
    0.00015715862258623426,
    0.00015708816721323097,
    0.00015810196152599778,
    0.0001580974883227811,
    0.00015565393151060382,
    0.0001546926006134403,
    0.00015183119036234205,
    0.00015080169419557442,
    0.0001479750134633202,
    0.0001476239598489885,
    0.00014734516315276097,
    0.00014668156122087182,
    0.0001480117328948547,
    0.0001520980931655303,
    0.0001473624494950064,
    0.00014675089196572664,
    0.00014690188253423548,
    0.00014681074223547681,
    0.0001471787280542361,
    0.000147093144503678,
    0.00014698755673939358,
    0.00014643829702065594
  ],
  "val_loss": [
    0.00028230791087652246,
    0.00015646376707124604,
    0.00014768307053131664,
    0.0001351315601522357,
    0.00017201000181746366,
    0.00016570087339785883,
    0.00018891043413773767,
    0.00016349410333051816,
    0.0001474112641103921,
    0.00020858647618111906,
    0.00015209826802840614,
    0.00014756249199198592,
    0.00014980479277954865,
    0.0001434375702917394,
    0.0001411576380020487,
    0.00014762813099384965,
    0.0001445922401229363,
    0.00014387796191726946,
    0.00015065159268066246,
    0.00014681823321709953,
    0.00014187897820197394,
    0.00014569226531154414,
    0.00014456767545274556,
    0.0001461698800679773,
    0.00014601749567981931,
    0.00014542150681469545,
    0.0001469100482652493,
    0.00014826834482159032,
    0.0001431807128468693
  ]
}