{
  "confusion_matrix": [
    [
      6501,
      5572
    ],
    [
      77,
      209
    ]
  ],
  "total_samples": 12359,
  "correct_predictions": 6710,
  "accuracy": 0.5429241848045958,
  "loss": 0.699321978926919,
  "classification_report": {
    "NORMAL": {
      "precision": 0.9882943143812709,
      "recall": 0.5384742814544852,
      "f1_score": 0.6971203412138904,
      "specificity": 0.7307692307692307,
      "TP": 6501,
      "TN": 209,
      "FP": 77,
      "FN": 5572
    },
    "PNEUMONIA": {
      "precision": 0.036152914720636566,
      "recall": 0.7307692307692307,
      "f1_score": 0.06889722349842482,
      "specificity": 0.5384742814544852,
      "TP": 209,
      "TN": 6501,
      "FP": 5572,
      "FN": 77
    },
    "macro_avg": {
      "precision": 0.5122236145509538,
      "recall": 0.6346217561118579,
      "f1_score": 0.38300878235615765
    },
    "accuracy": 0.5429241848045958
  },
  "test_config": {
    "model_path": "results/efficientnet/CXR8/layers_5/batch_size_32/epochs_1/timestamp_11122025_081701/",
    "cross_dataset_path": "../../datasets/CXR8",
    "pretrained_model": "efficientnet",
    "batch_size": 32,
    "device": "cuda"
  }
}