{
  "confusion_matrix": [
    [
      167,
      67
    ],
    [
      20,
      370
    ]
  ],
  "total_samples": 624,
  "correct_predictions": 537,
  "accuracy": 0.8605769230769231,
  "loss": 0.35929106634396774,
  "classification_report": {
    "NORMAL": {
      "precision": 0.893048128342246,
      "recall": 0.7136752136752137,
      "f1_score": 0.7933486748780162,
      "specificity": 0.9487179487179487,
      "TP": 167,
      "TN": 370,
      "FP": 20,
      "FN": 67
    },
    "PNEUMONIA": {
      "precision": 0.8466819221967964,
      "recall": 0.9487179487179487,
      "f1_score": 0.8947999852911486,
      "specificity": 0.7136752136752137,
      "TP": 370,
      "TN": 167,
      "FP": 67,
      "FN": 20
    },
    "macro_avg": {
      "precision": 0.8698650252695213,
      "recall": 0.8311965811965811,
      "f1_score": 0.8440743300845823
    },
    "accuracy": 0.8605769230769231
  },
  "training_history": {
    "train_loss": [
      0.05539479961968166
    ],
    "val_loss": [
      0.010537660340916405
    ]
  },
  "computational_metrics": {
    "total_time_seconds": 0.15538239479064941,
    "epoch_times": [
      {
        "epoch": 0,
        "time_seconds": 0.15408992767333984
      }
    ],
    "batch_times": {
      "train": [
        {
          "epoch": 0,
          "avg_batch_time_seconds": 0.0007517665397119886,
          "total_batches": 131,
          "total_time_seconds": 0.14080524444580078
        }
      ],
      "val": [
        {
          "epoch": 0,
          "avg_batch_time_seconds": 0.00013967716332637903,
          "total_batches": 33,
          "total_time_seconds": 0.011788129806518555
        }
      ]
    },
    "throughput": {
      "train": [
        {
          "epoch": 0,
          "total_samples": 4185,
          "total_time_seconds": 0.14080524444580078
        }
      ],
      "val": [
        {
          "epoch": 0,
          "total_samples": 1047,
          "total_time_seconds": 0.011788129806518555
        }
      ]
    },
    "memory_usage": [
      {
        "epoch": 0,
        "cpu_memory_mb": 1649.70703125,
        "gpu_memory_allocated_mb": 30.58154296875,
        "gpu_memory_reserved_mb": 86.0,
        "gpu_memory_max_allocated_mb": 403.1240234375,
        "gpu_utilization": 12
      }
    ],
    "model_info": {
      "total_params": 83008,
      "trainable_params": 83008,
      "model_size_mb": 0.3186187744140625
    },
    "initial_memory": {
      "cpu_memory_mb": 1623.95703125,
      "gpu_memory_allocated_mb": 29.52587890625,
      "gpu_memory_reserved_mb": 586.0,
      "gpu_memory_max_allocated_mb": 403.1240234375,
      "gpu_utilization": 89
    },
    "final_memory": {
      "cpu_memory_mb": 1649.70703125,
      "gpu_memory_allocated_mb": 30.58154296875,
      "gpu_memory_reserved_mb": 86.0,
      "gpu_memory_max_allocated_mb": 403.1240234375,
      "gpu_utilization": 12
    }
  },
  "training_config": {
    "source_name": "chest_xray",
    "target_name": "chest_xray",
    "pretrained_model": "densenet",
    "epochs": 1,
    "batch_size": 32,
    "early_stopping_patience": 100,
    "device": "cuda"
  }
}