{
  "train_loss": [
    0.05539479961968166
  ],
  "val_loss": [
    0.010537660340916405
  ]
}