{
  "train_loss": [
    0.042608340960305593
  ],
  "val_loss": [
    0.02532869925042021
  ]
}