{
  "confusion_matrix": [
    [
      182,
      52
    ],
    [
      244,
      146
    ]
  ],
  "total_samples": 624,
  "correct_predictions": 328,
  "accuracy": 0.5256410256410257,
  "loss": 0.7584300392713302,
  "classification_report": {
    "NORMAL": {
      "precision": 0.4272300469483568,
      "recall": 0.7777777777777778,
      "f1_score": 0.5515151515151515,
      "specificity": 0.37435897435897436,
      "TP": 182,
      "TN": 146,
      "FP": 244,
      "FN": 52
    },
    "PNEUMONIA": {
      "precision": 0.7373737373737373,
      "recall": 0.37435897435897436,
      "f1_score": 0.4965986394557823,
      "specificity": 0.7777777777777778,
      "TP": 146,
      "TN": 182,
      "FP": 52,
      "FN": 244
    },
    "macro_avg": {
      "precision": 0.5823018921610471,
      "recall": 0.576068376068376,
      "f1_score": 0.524056895485467
    },
    "accuracy": 0.5256410256410257
  },
  "test_config": {
    "model_path": "results/resnet/CXR8/layers_5/batch_size_32/epochs_100/",
    "cross_dataset_path": "../../datasets/chest_xray",
    "pretrained_model": "resnet",
    "batch_size": 32,
    "device": "cuda"
  }
}