{
  "confusion_matrix": [
    [
      163,
      71
    ],
    [
      109,
      281
    ]
  ],
  "total_samples": 624,
  "correct_predictions": 444,
  "accuracy": 0.7115384615384616,
  "loss": 0.5807894101509681,
  "classification_report": {
    "NORMAL": {
      "precision": 0.5992647058823529,
      "recall": 0.6965811965811965,
      "f1_score": 0.6442682775238568,
      "specificity": 0.7205128205128205,
      "TP": 163,
      "TN": 281,
      "FP": 109,
      "FN": 71
    },
    "PNEUMONIA": {
      "precision": 0.7982954545454546,
      "recall": 0.7205128205128205,
      "f1_score": 0.7574119002335438,
      "specificity": 0.6965811965811965,
      "TP": 281,
      "TN": 163,
      "FP": 71,
      "FN": 109
    },
    "macro_avg": {
      "precision": 0.6987800802139037,
      "recall": 0.7085470085470085,
      "f1_score": 0.7008400888787003
    },
    "accuracy": 0.7115384615384616
  },
  "test_config": {
    "model_path": "results/densenet/rsna/layers_None/batch_size_32/epochs_1/timestamp_10122025_233947/",
    "cross_dataset_path": "../../datasets/chest_xray",
    "pretrained_model": "densenet",
    "batch_size": 32,
    "device": "cuda"
  }
}