{
  "confusion_matrix": [
    [
      9163,
      2910
    ],
    [
      105,
      181
    ]
  ],
  "total_samples": 12359,
  "correct_predictions": 9344,
  "accuracy": 0.7560482239663403,
  "loss": 0.5144335031425001,
  "classification_report": {
    "NORMAL": {
      "precision": 0.9886706948640483,
      "recall": 0.7589662884121594,
      "f1_score": 0.8587221551870385,
      "specificity": 0.6328671328671329,
      "TP": 9163,
      "TN": 181,
      "FP": 105,
      "FN": 2910
    },
    "PNEUMONIA": {
      "precision": 0.0585571012617276,
      "recall": 0.6328671328671329,
      "f1_score": 0.1071955808243275,
      "specificity": 0.7589662884121594,
      "TP": 181,
      "TN": 9163,
      "FP": 2910,
      "FN": 105
    },
    "macro_avg": {
      "precision": 0.5236138980628879,
      "recall": 0.6959167106396462,
      "f1_score": 0.482958868005683
    },
    "accuracy": 0.7560482239663403
  },
  "test_config": {
    "model_path": "results/densenet/rsna/layers_None/batch_size_32/epochs_1/timestamp_10122025_233947/",
    "cross_dataset_path": "../../datasets/CXR8",
    "pretrained_model": "densenet",
    "batch_size": 32,
    "device": "cuda"
  }
}