{
  "confusion_matrix": [
    [
      190,
      44
    ],
    [
      146,
      244
    ]
  ],
  "total_samples": 624,
  "correct_predictions": 434,
  "accuracy": 0.6955128205128205,
  "loss": 0.5727540331009107,
  "classification_report": {
    "NORMAL": {
      "precision": 0.5654761904761905,
      "recall": 0.811965811965812,
      "f1_score": 0.6666661826780984,
      "specificity": 0.6256410256410256,
      "TP": 190,
      "TN": 244,
      "FP": 146,
      "FN": 44
    },
    "PNEUMONIA": {
      "precision": 0.8472222222222222,
      "recall": 0.6256410256410256,
      "f1_score": 0.7197635231162114,
      "specificity": 0.811965811965812,
      "TP": 244,
      "TN": 190,
      "FP": 44,
      "FN": 146
    },
    "macro_avg": {
      "precision": 0.7063492063492063,
      "recall": 0.7188034188034188,
      "f1_score": 0.6932148528971549
    },
    "accuracy": 0.6955128205128205
  },
  "test_config": {
    "model_path": "results/densenet/rsna/layers_None/batch_size_32/epochs_500/timestamp_11122025_005355/",
    "cross_dataset_path": "../../datasets/chest_xray",
    "pretrained_model": "densenet",
    "batch_size": 32,
    "device": "cuda"
  }
}