{
  "confusion_matrix": [
    [
      229,
      5
    ],
    [
      305,
      85
    ]
  ],
  "total_samples": 624,
  "correct_predictions": 314,
  "accuracy": 0.5032051282051282,
  "loss": 0.8258665601412455,
  "classification_report": {
    "NORMAL": {
      "precision": 0.4288389513108614,
      "recall": 0.9786324786324786,
      "f1_score": 0.596353742960913,
      "specificity": 0.21794871794871795,
      "TP": 229,
      "TN": 85,
      "FP": 305,
      "FN": 5
    },
    "PNEUMONIA": {
      "precision": 0.9444444444444444,
      "recall": 0.21794871794871795,
      "f1_score": 0.35416636197942886,
      "specificity": 0.9786324786324786,
      "TP": 85,
      "TN": 229,
      "FP": 5,
      "FN": 305
    },
    "macro_avg": {
      "precision": 0.686641697877653,
      "recall": 0.5982905982905983,
      "f1_score": 0.47526005247017095
    },
    "accuracy": 0.5032051282051282
  },
  "test_config": {
    "model_path": "results/resnet/rsna/layers_5/batch_size_32/epochs_500/timestamp_11122025_130132/",
    "cross_dataset_path": "../../datasets/chest_xray",
    "pretrained_model": "resnet",
    "batch_size": 32,
    "device": "cuda"
  }
}