{
  "confusion_matrix": [
    [
      190,
      44
    ],
    [
      325,
      65
    ]
  ],
  "total_samples": 624,
  "correct_predictions": 255,
  "accuracy": 0.40865384615384615,
  "loss": 0.9050848377056611,
  "classification_report": {
    "NORMAL": {
      "precision": 0.36893203883495146,
      "recall": 0.811965811965812,
      "f1_score": 0.507343124165554,
      "specificity": 0.16666666666666666,
      "TP": 190,
      "TN": 65,
      "FP": 325,
      "FN": 44
    },
    "PNEUMONIA": {
      "precision": 0.5963302752293578,
      "recall": 0.16666666666666666,
      "f1_score": 0.2605210420841683,
      "specificity": 0.811965811965812,
      "TP": 65,
      "TN": 190,
      "FP": 44,
      "FN": 325
    },
    "macro_avg": {
      "precision": 0.48263115703215465,
      "recall": 0.4893162393162393,
      "f1_score": 0.38393208312486116
    },
    "accuracy": 0.40865384615384615
  },
  "test_config": {
    "model_path": "results/densenet/CXR8/layers_None/batch_size_16/loss_cross_entropy/sampler_balanced/epochs_500/",
    "cross_dataset_path": "../../datasets/chest_xray",
    "pretrained_model": "densenet",
    "batch_size": 16,
    "device": "cuda"
  }
}