{
  "confusion_matrix": [
    [
      130,
      104
    ],
    [
      112,
      278
    ]
  ],
  "total_samples": 624,
  "correct_predictions": 408,
  "accuracy": 0.6538461538461539,
  "loss": 0.6413467022088858,
  "classification_report": {
    "NORMAL": {
      "precision": 0.5371900826446281,
      "recall": 0.5555555555555556,
      "f1_score": 0.5462179875366484,
      "specificity": 0.7128205128205128,
      "TP": 130,
      "TN": 278,
      "FP": 112,
      "FN": 104
    },
    "PNEUMONIA": {
      "precision": 0.7277486910994765,
      "recall": 0.7128205128205128,
      "f1_score": 0.7202067539400502,
      "specificity": 0.5555555555555556,
      "TP": 278,
      "TN": 130,
      "FP": 104,
      "FN": 112
    },
    "macro_avg": {
      "precision": 0.6324693868720523,
      "recall": 0.6341880341880342,
      "f1_score": 0.6332123707383492
    },
    "accuracy": 0.6538461538461539
  },
  "test_config": {
    "model_path": "results/resnet/CXR8/layers_2/batch_size_32/epochs_500/",
    "cross_dataset_path": "../../datasets/chest_xray",
    "pretrained_model": "resnet",
    "batch_size": 32,
    "device": "cuda"
  }
}