{
  "confusion_matrix": [
    [
      9183,
      2890
    ],
    [
      83,
      203
    ]
  ],
  "total_samples": 12359,
  "correct_predictions": 9386,
  "accuracy": 0.7594465571648191,
  "loss": 0.5046461369456168,
  "classification_report": {
    "NORMAL": {
      "precision": 0.9910425210446795,
      "recall": 0.7606228774952373,
      "f1_score": 0.8606771411559513,
      "specificity": 0.7097902097902098,
      "TP": 9183,
      "TN": 203,
      "FP": 83,
      "FN": 2890
    },
    "PNEUMONIA": {
      "precision": 0.06563207242159716,
      "recall": 0.7097902097902098,
      "f1_score": 0.12015373673128114,
      "specificity": 0.7606228774952373,
      "TP": 203,
      "TN": 9183,
      "FP": 2890,
      "FN": 83
    },
    "macro_avg": {
      "precision": 0.5283372967331383,
      "recall": 0.7352065436427235,
      "f1_score": 0.4904154389436162
    },
    "accuracy": 0.7594465571648191
  },
  "test_config": {
    "model_path": "results/resnet/CXR8/layers_2/batch_size_32/epochs_500/",
    "cross_dataset_path": "../../datasets/CXR8",
    "pretrained_model": "resnet",
    "batch_size": 32,
    "device": "cuda"
  }
}