{
  "confusion_matrix": [
    [
      183,
      51
    ],
    [
      283,
      107
    ]
  ],
  "total_samples": 624,
  "correct_predictions": 290,
  "accuracy": 0.46474358974358976,
  "loss": 0.8919018331246499,
  "classification_report": {
    "NORMAL": {
      "precision": 0.3927038626609442,
      "recall": 0.782051282051282,
      "f1_score": 0.5228571428571428,
      "specificity": 0.2743589743589744,
      "TP": 183,
      "TN": 107,
      "FP": 283,
      "FN": 51
    },
    "PNEUMONIA": {
      "precision": 0.6772151898734177,
      "recall": 0.2743589743589744,
      "f1_score": 0.39051094890510946,
      "specificity": 0.782051282051282,
      "TP": 107,
      "TN": 183,
      "FP": 51,
      "FN": 283
    },
    "macro_avg": {
      "precision": 0.5349595262671809,
      "recall": 0.5282051282051282,
      "f1_score": 0.4566840458811261
    },
    "accuracy": 0.46474358974358976
  },
  "test_config": {
    "model_path": "results/densenet/CXR8/layers_1/batch_size_32/epochs_1/model.pt",
    "cross_dataset_path": "../../datasets/chest_xray",
    "pretrained_model": "densenet",
    "batch_size": 32,
    "device": "cuda"
  }
}