{
  "confusion_matrix": [
    [
      8293,
      3780
    ],
    [
      77,
      209
    ]
  ],
  "total_samples": 12359,
  "correct_predictions": 8502,
  "accuracy": 0.6879197346063597,
  "loss": 0.6090538650184438,
  "classification_report": {
    "NORMAL": {
      "precision": 0.9908004778972521,
      "recall": 0.6869046632982688,
      "f1_score": 0.8113290612923739,
      "specificity": 0.7307692307692307,
      "TP": 8293,
      "TN": 209,
      "FP": 77,
      "FN": 3780
    },
    "PNEUMONIA": {
      "precision": 0.05239408373025821,
      "recall": 0.7307692307692307,
      "f1_score": 0.09777777777777777,
      "specificity": 0.6869046632982688,
      "TP": 209,
      "TN": 8293,
      "FP": 3780,
      "FN": 77
    },
    "macro_avg": {
      "precision": 0.5215972808137551,
      "recall": 0.7088369470337498,
      "f1_score": 0.45455341953507583
    },
    "accuracy": 0.6879197346063597
  },
  "test_config": {
    "model_path": "results/densenet/CXR8/layers_1/batch_size_32/epochs_1/model.pt",
    "cross_dataset_path": "../../datasets/CXR8",
    "pretrained_model": "densenet",
    "batch_size": 32,
    "device": "cuda"
  }
}