{
  "confusion_matrix": [
    [
      90,
      144
    ],
    [
      82,
      308
    ]
  ],
  "total_samples": 624,
  "correct_predictions": 398,
  "accuracy": 0.6378205128205128,
  "loss": 0.6430432613079364,
  "classification_report": {
    "NORMAL": {
      "precision": 0.5232558139534884,
      "recall": 0.38461538461538464,
      "f1_score": 0.4433492653551934,
      "specificity": 0.7897435897435897,
      "TP": 90,
      "TN": 308,
      "FP": 82,
      "FN": 144
    },
    "PNEUMONIA": {
      "precision": 0.6814159292035398,
      "recall": 0.7897435897435897,
      "f1_score": 0.7315909516424525,
      "specificity": 0.38461538461538464,
      "TP": 308,
      "TN": 90,
      "FP": 144,
      "FN": 82
    },
    "macro_avg": {
      "precision": 0.6023358715785141,
      "recall": 0.5871794871794872,
      "f1_score": 0.587470108498823
    },
    "accuracy": 0.6378205128205128
  },
  "test_config": {
    "model_path": "results/densenet/CXR8/layers_None/batch_size_32/epochs_10/timestamp_11122025_084654/",
    "cross_dataset_path": "../../datasets/chest_xray",
    "pretrained_model": "densenet",
    "batch_size": 32,
    "device": "cuda"
  }
}