{
  "confusion_matrix": [
    [
      12062,
      11
    ],
    [
      283,
      3
    ]
  ],
  "total_samples": 12359,
  "correct_predictions": 12065,
  "accuracy": 0.9762116676106481,
  "loss": 0.12957731283849536,
  "classification_report": {
    "NORMAL": {
      "precision": 0.9770757391656542,
      "recall": 0.9990888760043072,
      "f1_score": 0.9879592019215794,
      "specificity": 0.01048951048951049,
      "TP": 12062,
      "TN": 3,
      "FP": 283,
      "FN": 11
    },
    "PNEUMONIA": {
      "precision": 0.21428571428571427,
      "recall": 0.01048951048951049,
      "f1_score": 0.019999911022618073,
      "specificity": 0.9990888760043072,
      "TP": 3,
      "TN": 12062,
      "FP": 11,
      "FN": 283
    },
    "macro_avg": {
      "precision": 0.5956807267256842,
      "recall": 0.5047891932469089,
      "f1_score": 0.5039795564720987
    },
    "accuracy": 0.9762116676106481
  }
}