{
  "confusion_matrix": [
    [
      163,
      71
    ],
    [
      10,
      380
    ]
  ],
  "total_samples": 624,
  "correct_predictions": 543,
  "accuracy": 0.8701923076923077,
  "loss": 0.39781200532347727,
  "classification_report": {
    "NORMAL": {
      "precision": 0.9421965317919075,
      "recall": 0.6965811965811965,
      "f1_score": 0.8009823122146792,
      "specificity": 0.9743589743589743,
      "TP": 163,
      "TN": 380,
      "FP": 10,
      "FN": 71
    },
    "PNEUMONIA": {
      "precision": 0.8425720620842572,
      "recall": 0.9743589743589743,
      "f1_score": 0.9036855906212575,
      "specificity": 0.6965811965811965,
      "TP": 380,
      "TN": 163,
      "FP": 71,
      "FN": 10
    },
    "macro_avg": {
      "precision": 0.8923842969380824,
      "recall": 0.8354700854700854,
      "f1_score": 0.8523339514179684
    },
    "accuracy": 0.8701923076923077
  },
  "test_config": {
    "model_path": "results/densenet/chest_xray/layers_5/batch_size_32/epochs_500/timestamp_11122025_024702/",
    "cross_dataset_path": "../../datasets/chest_xray",
    "pretrained_model": "densenet",
    "batch_size": 32,
    "device": "cuda"
  }
}