{
  "confusion_matrix": [
    [
      3352,
      783
    ],
    [
      485,
      1290
    ]
  ],
  "total_samples": 5910,
  "correct_predictions": 4642,
  "accuracy": 0.7854483925549915,
  "loss": 0.8356764475907973,
  "classification_report": {
    "NORMAL": {
      "precision": 0.873599166015116,
      "recall": 0.8106408706166868,
      "f1_score": 0.8409428022544039,
      "specificity": 0.7267605633802817,
      "TP": 3352,
      "TN": 1290,
      "FP": 485,
      "FN": 783
    },
    "PNEUMONIA": {
      "precision": 0.622286541244573,
      "recall": 0.7267605633802817,
      "f1_score": 0.6704776734772347,
      "specificity": 0.8106408706166868,
      "TP": 1290,
      "TN": 3352,
      "FP": 783,
      "FN": 485
    },
    "macro_avg": {
      "precision": 0.7479428536298445,
      "recall": 0.7687007169984843,
      "f1_score": 0.7557102378658194
    },
    "accuracy": 0.7854483925549915
  }
}