{
  "confusion_matrix": [
    [
      117,
      117
    ],
    [
      3,
      387
    ]
  ],
  "total_samples": 624,
  "correct_predictions": 504,
  "accuracy": 0.8076923076923077,
  "loss": 1.122033746008618,
  "classification_report": {
    "NORMAL": {
      "precision": 0.975,
      "recall": 0.5,
      "f1_score": 0.661016501005762,
      "specificity": 0.9923076923076923,
      "TP": 117,
      "TN": 387,
      "FP": 3,
      "FN": 117
    },
    "PNEUMONIA": {
      "precision": 0.7678571428571429,
      "recall": 0.9923076923076923,
      "f1_score": 0.8657713202110809,
      "specificity": 0.5,
      "TP": 387,
      "TN": 117,
      "FP": 117,
      "FN": 3
    },
    "macro_avg": {
      "precision": 0.8714285714285714,
      "recall": 0.7461538461538462,
      "f1_score": 0.7633939106084215
    },
    "accuracy": 0.8076923076923077
  }
}