{
  "confusion_matrix": [
    [
      4719,
      7354
    ],
    [
      42,
      244
    ]
  ],
  "total_samples": 12359,
  "correct_predictions": 4963,
  "accuracy": 0.4015697062869164,
  "loss": 3.2899074018536885,
  "classification_report": {
    "NORMAL": {
      "precision": 0.9911783238815375,
      "recall": 0.39087219415224056,
      "f1_score": 0.560650657658404,
      "specificity": 0.8531468531468531,
      "TP": 4719,
      "TN": 244,
      "FP": 42,
      "FN": 7354
    },
    "PNEUMONIA": {
      "precision": 0.03211371413529876,
      "recall": 0.8531468531468531,
      "f1_score": 0.061897444032280036,
      "specificity": 0.39087219415224056,
      "TP": 244,
      "TN": 4719,
      "FP": 7354,
      "FN": 42
    },
    "macro_avg": {
      "precision": 0.5116460190084181,
      "recall": 0.6220095236495469,
      "f1_score": 0.31127405084534204
    },
    "accuracy": 0.4015697062869164
  },
  "test_config": {
    "model_path": "results/resnet/chest_xray/layers_5/batch_size_32/epochs_500/",
    "cross_dataset_path": "../../datasets/CXR8",
    "pretrained_model": "resnet",
    "batch_size": 32,
    "device": "cuda"
  }
}