{
  "confusion_matrix": [
    [
      5047,
      7026
    ],
    [
      38,
      248
    ]
  ],
  "total_samples": 12359,
  "correct_predictions": 5295,
  "accuracy": 0.42843272109393965,
  "loss": 2.2215302636664087,
  "classification_report": {
    "NORMAL": {
      "precision": 0.9925270403146509,
      "recall": 0.4180402551147188,
      "f1_score": 0.5882965872490351,
      "specificity": 0.8671328671328671,
      "TP": 5047,
      "TN": 248,
      "FP": 38,
      "FN": 7026
    },
    "PNEUMONIA": {
      "precision": 0.03409403354412978,
      "recall": 0.8671328671328671,
      "f1_score": 0.06560839280949261,
      "specificity": 0.4180402551147188,
      "TP": 248,
      "TN": 5047,
      "FP": 7026,
      "FN": 38
    },
    "macro_avg": {
      "precision": 0.5133105369293903,
      "recall": 0.642586561123793,
      "f1_score": 0.32695249002926385
    },
    "accuracy": 0.42843272109393965
  },
  "test_config": {
    "model_path": "results/resnet/chest_xray/layers_5/batch_size_32/epochs_500/",
    "cross_dataset_path": "../../datasets/CXR8",
    "pretrained_model": "resnet",
    "batch_size": 32,
    "device": "cuda"
  }
}