{
  "confusion_matrix": [
    [
      4165,
      7908
    ],
    [
      38,
      248
    ]
  ],
  "total_samples": 12359,
  "correct_predictions": 4413,
  "accuracy": 0.357067723925884,
  "loss": 2.8368324683181134,
  "classification_report": {
    "NORMAL": {
      "precision": 0.9909588389245777,
      "recall": 0.34498467655098153,
      "f1_score": 0.5117961271019358,
      "specificity": 0.8671328671328671,
      "TP": 4165,
      "TN": 248,
      "FP": 38,
      "FN": 7908
    },
    "PNEUMONIA": {
      "precision": 0.030407062285434036,
      "recall": 0.8671328671328671,
      "f1_score": 0.05875378433771169,
      "specificity": 0.34498467655098153,
      "TP": 248,
      "TN": 4165,
      "FP": 7908,
      "FN": 38
    },
    "macro_avg": {
      "precision": 0.5106829506050059,
      "recall": 0.6060587718419244,
      "f1_score": 0.28527495571982375
    },
    "accuracy": 0.357067723925884
  },
  "test_config": {
    "model_path": "results/resnet/chest_xray/layers_5/batch_size_32/epochs_500/",
    "cross_dataset_path": "../../datasets/CXR8",
    "pretrained_model": "resnet",
    "batch_size": 32,
    "device": "cuda"
  }
}