{
  "confusion_matrix": [
    [
      126,
      108
    ],
    [
      3,
      387
    ]
  ],
  "total_samples": 624,
  "correct_predictions": 513,
  "accuracy": 0.8221153846153846,
  "loss": 1.0419758233799188,
  "classification_report": {
    "NORMAL": {
      "precision": 0.9767441860465116,
      "recall": 0.5384615384615384,
      "f1_score": 0.6942144178679345,
      "specificity": 0.9923076923076923,
      "TP": 126,
      "TN": 387,
      "FP": 3,
      "FN": 108
    },
    "PNEUMONIA": {
      "precision": 0.7818181818181819,
      "recall": 0.9923076923076923,
      "f1_score": 0.8745757782249262,
      "specificity": 0.5384615384615384,
      "TP": 387,
      "TN": 126,
      "FP": 108,
      "FN": 3
    },
    "macro_avg": {
      "precision": 0.8792811839323467,
      "recall": 0.7653846153846153,
      "f1_score": 0.7843950980464303
    },
    "accuracy": 0.8221153846153846
  },
  "test_config": {
    "model_path": "results/resnet/chest_xray/layers_5/batch_size_32/epochs_500/",
    "cross_dataset_path": "../../datasets/chest_xray",
    "pretrained_model": "resnet",
    "batch_size": 32,
    "device": "cuda"
  }
}