{
  "confusion_matrix": [
    [
      124,
      110
    ],
    [
      1,
      389
    ]
  ],
  "total_samples": 624,
  "correct_predictions": 513,
  "accuracy": 0.8221153846153846,
  "loss": 0.8082660166800428,
  "classification_report": {
    "NORMAL": {
      "precision": 0.992,
      "recall": 0.5299145299145299,
      "f1_score": 0.6908073455361027,
      "specificity": 0.9974358974358974,
      "TP": 124,
      "TN": 389,
      "FP": 1,
      "FN": 110
    },
    "PNEUMONIA": {
      "precision": 0.779559118236473,
      "recall": 0.9974358974358974,
      "f1_score": 0.8751401149409153,
      "specificity": 0.5299145299145299,
      "TP": 389,
      "TN": 124,
      "FP": 110,
      "FN": 1
    },
    "macro_avg": {
      "precision": 0.8857795591182365,
      "recall": 0.7636752136752136,
      "f1_score": 0.7829737302385089
    },
    "accuracy": 0.8221153846153846
  },
  "test_config": {
    "model_path": "results/resnet/chest_xray/layers_5/batch_size_32/epochs_500/",
    "cross_dataset_path": "../../datasets/chest_xray",
    "pretrained_model": "resnet",
    "batch_size": 32,
    "device": "cuda"
  }
}