{
  "confusion_matrix": [
    [
      80,
      154
    ],
    [
      28,
      362
    ]
  ],
  "total_samples": 624,
  "correct_predictions": 442,
  "accuracy": 0.7083333333333334,
  "loss": 0.5797019707850921,
  "classification_report": {
    "NORMAL": {
      "precision": 0.7407407407407407,
      "recall": 0.3418803418803419,
      "f1_score": 0.4678358251773768,
      "specificity": 0.9282051282051282,
      "TP": 80,
      "TN": 362,
      "FP": 28,
      "FN": 154
    },
    "PNEUMONIA": {
      "precision": 0.7015503875968992,
      "recall": 0.9282051282051282,
      "f1_score": 0.7991165074634238,
      "specificity": 0.3418803418803419,
      "TP": 362,
      "TN": 80,
      "FP": 154,
      "FN": 28
    },
    "macro_avg": {
      "precision": 0.72114556416882,
      "recall": 0.635042735042735,
      "f1_score": 0.6334761663204003
    },
    "accuracy": 0.7083333333333334
  },
  "test_config": {
    "model_path": "results/resnet/CXR8/layers_None/batch_size_32/epochs_500/timestamp_11122025_025536/",
    "cross_dataset_path": "../../datasets/chest_xray",
    "pretrained_model": "resnet",
    "batch_size": 32,
    "device": "cuda"
  }
}