{
  "confusion_matrix": [
    [
      2521,
      9552
    ],
    [
      31,
      255
    ]
  ],
  "total_samples": 12359,
  "correct_predictions": 2776,
  "accuracy": 0.22461364188041102,
  "loss": 1.915327793948617,
  "classification_report": {
    "NORMAL": {
      "precision": 0.9878526645768025,
      "recall": 0.20881305392197466,
      "f1_score": 0.34475184865844166,
      "specificity": 0.8916083916083916,
      "TP": 2521,
      "TN": 255,
      "FP": 31,
      "FN": 9552
    },
    "PNEUMONIA": {
      "precision": 0.026001835423676966,
      "recall": 0.8916083916083916,
      "f1_score": 0.050530015278813734,
      "specificity": 0.20881305392197466,
      "TP": 255,
      "TN": 2521,
      "FP": 9552,
      "FN": 31
    },
    "macro_avg": {
      "precision": 0.5069272500002397,
      "recall": 0.5502107227651831,
      "f1_score": 0.1976409319686277
    },
    "accuracy": 0.22461364188041102
  },
  "test_config": {
    "model_path": "results/resnet/chest_xray/layers_None/batch_size_32/epochs_500/",
    "cross_dataset_path": "../../datasets/CXR8",
    "pretrained_model": "resnet",
    "batch_size": 32,
    "device": "cuda"
  }
}