{
  "confusion_matrix": [
    [
      2226,
      9847
    ],
    [
      25,
      261
    ]
  ],
  "total_samples": 12359,
  "correct_predictions": 2487,
  "accuracy": 0.20122987296706854,
  "loss": 2.031135852528444,
  "classification_report": {
    "NORMAL": {
      "precision": 0.9888938249666814,
      "recall": 0.184378364946575,
      "f1_score": 0.31080677223452363,
      "specificity": 0.9125874125874126,
      "TP": 2226,
      "TN": 261,
      "FP": 25,
      "FN": 9847
    },
    "PNEUMONIA": {
      "precision": 0.025821131776810446,
      "recall": 0.9125874125874126,
      "f1_score": 0.05022122799111728,
      "specificity": 0.184378364946575,
      "TP": 261,
      "TN": 2226,
      "FP": 9847,
      "FN": 25
    },
    "macro_avg": {
      "precision": 0.5073574783717459,
      "recall": 0.5484828887669938,
      "f1_score": 0.18051400011282046
    },
    "accuracy": 0.20122987296706854
  },
  "test_config": {
    "model_path": "results/resnet/chest_xray/layers_None/batch_size_32/epochs_500/",
    "cross_dataset_path": "../../datasets/CXR8",
    "pretrained_model": "resnet",
    "batch_size": 32,
    "device": "cuda"
  }
}