{
  "confusion_matrix": [
    [
      931,
      11142
    ],
    [
      10,
      276
    ]
  ],
  "total_samples": 12359,
  "correct_predictions": 1207,
  "accuracy": 0.09766162310866575,
  "loss": 3.664398041943611,
  "classification_report": {
    "NORMAL": {
      "precision": 0.9893730074388948,
      "recall": 0.07711422181727823,
      "f1_score": 0.14307655248831522,
      "specificity": 0.965034965034965,
      "TP": 931,
      "TN": 276,
      "FP": 10,
      "FN": 11142
    },
    "PNEUMONIA": {
      "precision": 0.02417235943247504,
      "recall": 0.965034965034965,
      "f1_score": 0.047163315274949394,
      "specificity": 0.07711422181727823,
      "TP": 276,
      "TN": 931,
      "FP": 11142,
      "FN": 10
    },
    "macro_avg": {
      "precision": 0.5067726834356849,
      "recall": 0.5210745934261216,
      "f1_score": 0.09511993388163231
    },
    "accuracy": 0.09766162310866575
  },
  "test_config": {
    "model_path": "results/resnet/chest_xray/layers_None/batch_size_32/epochs_500/",
    "cross_dataset_path": "../../datasets/CXR8",
    "pretrained_model": "resnet",
    "batch_size": 32,
    "device": "cuda"
  }
}