{
  "confusion_matrix": [
    [
      198,
      36
    ],
    [
      24,
      366
    ]
  ],
  "total_samples": 624,
  "correct_predictions": 564,
  "accuracy": 0.9038461538461539,
  "loss": 0.25470784917855877,
  "classification_report": {
    "NORMAL": {
      "precision": 0.8918918918918919,
      "recall": 0.8461538461538461,
      "f1_score": 0.8684205529781269,
      "specificity": 0.9384615384615385,
      "TP": 198,
      "TN": 366,
      "FP": 24,
      "FN": 36
    },
    "PNEUMONIA": {
      "precision": 0.9104477611940298,
      "recall": 0.9384615384615385,
      "f1_score": 0.9242419243574789,
      "specificity": 0.8461538461538461,
      "TP": 366,
      "TN": 198,
      "FP": 36,
      "FN": 24
    },
    "macro_avg": {
      "precision": 0.9011698265429609,
      "recall": 0.8923076923076922,
      "f1_score": 0.8963312386678028
    },
    "accuracy": 0.9038461538461539
  },
  "test_config": {
    "model_path": "results/resnet/chest_xray/layers_None/batch_size_32/epochs_500/",
    "cross_dataset_path": "../../datasets/chest_xray",
    "pretrained_model": "resnet",
    "batch_size": 32,
    "device": "cuda"
  }
}