{
  "confusion_matrix": [
    [
      193,
      41
    ],
    [
      20,
      370
    ]
  ],
  "total_samples": 624,
  "correct_predictions": 563,
  "accuracy": 0.9022435897435898,
  "loss": 0.26854333701806193,
  "classification_report": {
    "NORMAL": {
      "precision": 0.9061032863849765,
      "recall": 0.8247863247863247,
      "f1_score": 0.8635341767190546,
      "specificity": 0.9487179487179487,
      "TP": 193,
      "TN": 370,
      "FP": 20,
      "FN": 41
    },
    "PNEUMONIA": {
      "precision": 0.9002433090024331,
      "recall": 0.9487179487179487,
      "f1_score": 0.9238446938520567,
      "specificity": 0.8247863247863247,
      "TP": 370,
      "TN": 193,
      "FP": 41,
      "FN": 20
    },
    "macro_avg": {
      "precision": 0.9031732976937048,
      "recall": 0.8867521367521367,
      "f1_score": 0.8936894352855557
    },
    "accuracy": 0.9022435897435898
  },
  "test_config": {
    "model_path": "results/resnet/chest_xray/layers_None/batch_size_32/epochs_500/",
    "cross_dataset_path": "../../datasets/chest_xray",
    "pretrained_model": "resnet",
    "batch_size": 32,
    "device": "cuda"
  }
}