{
  "confusion_matrix": [
    [
      138,
      96
    ],
    [
      6,
      384
    ]
  ],
  "total_samples": 624,
  "correct_predictions": 522,
  "accuracy": 0.8365384615384616,
  "loss": 0.5577245695659747,
  "classification_report": {
    "NORMAL": {
      "precision": 0.9583333333333334,
      "recall": 0.5897435897435898,
      "f1_score": 0.7301582585037061,
      "specificity": 0.9846153846153847,
      "TP": 138,
      "TN": 384,
      "FP": 6,
      "FN": 96
    },
    "PNEUMONIA": {
      "precision": 0.8,
      "recall": 0.9846153846153847,
      "f1_score": 0.8827581260407054,
      "specificity": 0.5897435897435898,
      "TP": 384,
      "TN": 138,
      "FP": 96,
      "FN": 6
    },
    "macro_avg": {
      "precision": 0.8791666666666667,
      "recall": 0.7871794871794873,
      "f1_score": 0.8064581922722057
    },
    "accuracy": 0.8365384615384616
  },
  "test_config": {
    "model_path": "results/resnet/chest_xray/layers_None/batch_size_32/epochs_500/",
    "cross_dataset_path": "../../datasets/chest_xray",
    "pretrained_model": "resnet",
    "batch_size": 32,
    "device": "cuda"
  }
}