{
  "confusion_matrix": [
    [
      173,
      61
    ],
    [
      9,
      381
    ]
  ],
  "total_samples": 624,
  "correct_predictions": 554,
  "accuracy": 0.8878205128205128,
  "loss": 0.3678882770622388,
  "classification_report": {
    "NORMAL": {
      "precision": 0.9505494505494505,
      "recall": 0.7393162393162394,
      "f1_score": 0.8317302770435605,
      "specificity": 0.9769230769230769,
      "TP": 173,
      "TN": 381,
      "FP": 9,
      "FN": 61
    },
    "PNEUMONIA": {
      "precision": 0.8619909502262444,
      "recall": 0.9769230769230769,
      "f1_score": 0.9158648865687805,
      "specificity": 0.7393162393162394,
      "TP": 381,
      "TN": 173,
      "FP": 61,
      "FN": 9
    },
    "macro_avg": {
      "precision": 0.9062702003878474,
      "recall": 0.8581196581196582,
      "f1_score": 0.8737975818061705
    },
    "accuracy": 0.8878205128205128
  },
  "test_config": {
    "model_path": "results/resnet/chest_xray/layers_None/batch_size_32/epochs_500/",
    "cross_dataset_path": "../../datasets/chest_xray",
    "pretrained_model": "resnet",
    "batch_size": 32,
    "device": "cuda"
  }
}