{
  "confusion_matrix": [
    [
      178,
      56
    ],
    [
      134,
      256
    ]
  ],
  "total_samples": 624,
  "correct_predictions": 434,
  "accuracy": 0.6955128205128205,
  "loss": 0.5808419424753922,
  "classification_report": {
    "NORMAL": {
      "precision": 0.5705128205128205,
      "recall": 0.7606837606837606,
      "f1_score": 0.6520141622191016,
      "specificity": 0.6564102564102564,
      "TP": 178,
      "TN": 256,
      "FP": 134,
      "FN": 56
    },
    "PNEUMONIA": {
      "precision": 0.8205128205128205,
      "recall": 0.6564102564102564,
      "f1_score": 0.7293442355179032,
      "specificity": 0.7606837606837606,
      "TP": 256,
      "TN": 178,
      "FP": 56,
      "FN": 134
    },
    "macro_avg": {
      "precision": 0.6955128205128205,
      "recall": 0.7085470085470085,
      "f1_score": 0.6906791988685024
    },
    "accuracy": 0.6955128205128205
  },
  "test_config": {
    "model_path": "results/resnet/rsna/layers_None/batch_size_32/epochs_10/timestamp_11122025_091009/",
    "cross_dataset_path": "../../datasets/chest_xray",
    "pretrained_model": "resnet",
    "batch_size": 32,
    "device": "cuda"
  }
}