{
  "confusion_matrix": [
    [
      9944,
      2129
    ],
    [
      141,
      145
    ]
  ],
  "total_samples": 12359,
  "correct_predictions": 10089,
  "accuracy": 0.8163281818917388,
  "loss": 0.4045123339021261,
  "classification_report": {
    "NORMAL": {
      "precision": 0.98601883986118,
      "recall": 0.823656092106353,
      "f1_score": 0.8975534348852354,
      "specificity": 0.506993006993007,
      "TP": 9944,
      "TN": 145,
      "FP": 141,
      "FN": 2129
    },
    "PNEUMONIA": {
      "precision": 0.06376429199648197,
      "recall": 0.506993006993007,
      "f1_score": 0.11328105152500594,
      "specificity": 0.823656092106353,
      "TP": 145,
      "TN": 9944,
      "FP": 2129,
      "FN": 141
    },
    "macro_avg": {
      "precision": 0.524891565928831,
      "recall": 0.66532454954968,
      "f1_score": 0.5054172432051207
    },
    "accuracy": 0.8163281818917388
  },
  "test_config": {
    "model_path": "results/resnet/rsna/layers_None/batch_size_32/epochs_10/timestamp_11122025_091009/",
    "cross_dataset_path": "../../datasets/CXR8",
    "pretrained_model": "resnet",
    "batch_size": 32,
    "device": "cuda"
  }
}