{
  "confusion_matrix": [
    [
      166,
      68
    ],
    [
      121,
      269
    ]
  ],
  "total_samples": 624,
  "correct_predictions": 435,
  "accuracy": 0.6971153846153846,
  "loss": 0.581617302619494,
  "classification_report": {
    "NORMAL": {
      "precision": 0.578397212543554,
      "recall": 0.7094017094017094,
      "f1_score": 0.6372355896275962,
      "specificity": 0.6897435897435897,
      "TP": 166,
      "TN": 269,
      "FP": 121,
      "FN": 68
    },
    "PNEUMONIA": {
      "precision": 0.798219584569733,
      "recall": 0.6897435897435897,
      "f1_score": 0.7400270129740785,
      "specificity": 0.7094017094017094,
      "TP": 269,
      "TN": 166,
      "FP": 68,
      "FN": 121
    },
    "macro_avg": {
      "precision": 0.6883083985566435,
      "recall": 0.6995726495726495,
      "f1_score": 0.6886313013008374
    },
    "accuracy": 0.6971153846153846
  },
  "test_config": {
    "model_path": "results/mobilenet/rsna/layers_2/batch_size_32/epochs_500/timestamp_11122025_130108/",
    "cross_dataset_path": "../../datasets/chest_xray",
    "pretrained_model": "mobilenet",
    "batch_size": 32,
    "device": "cuda"
  }
}