{
  "confusion_matrix": [
    [
      10085,
      1988
    ],
    [
      123,
      163
    ]
  ],
  "total_samples": 12359,
  "correct_predictions": 10248,
  "accuracy": 0.8291933004288373,
  "loss": 0.3690464430377798,
  "classification_report": {
    "NORMAL": {
      "precision": 0.9879506269592476,
      "recall": 0.8353350451420525,
      "f1_score": 0.9052551024442205,
      "specificity": 0.5699300699300699,
      "TP": 10085,
      "TN": 163,
      "FP": 123,
      "FN": 1988
    },
    "PNEUMONIA": {
      "precision": 0.07577870757787075,
      "recall": 0.5699300699300699,
      "f1_score": 0.13377082278589184,
      "specificity": 0.8353350451420525,
      "TP": 163,
      "TN": 10085,
      "FP": 1988,
      "FN": 123
    },
    "macro_avg": {
      "precision": 0.5318646672685592,
      "recall": 0.7026325575360612,
      "f1_score": 0.5195129626150562
    },
    "accuracy": 0.8291933004288373
  },
  "test_config": {
    "model_path": "results/mobilenet/rsna/layers_2/batch_size_32/epochs_500/timestamp_11122025_130108/",
    "cross_dataset_path": "../../datasets/CXR8",
    "pretrained_model": "mobilenet",
    "batch_size": 32,
    "device": "cuda"
  }
}