{
  "confusion_matrix": [
    [
      158,
      76
    ],
    [
      146,
      244
    ]
  ],
  "total_samples": 624,
  "correct_predictions": 402,
  "accuracy": 0.6442307692307693,
  "loss": 0.6496587418592893,
  "classification_report": {
    "NORMAL": {
      "precision": 0.5197368421052632,
      "recall": 0.6752136752136753,
      "f1_score": 0.5873601032604548,
      "specificity": 0.6256410256410256,
      "TP": 158,
      "TN": 244,
      "FP": 146,
      "FN": 76
    },
    "PNEUMONIA": {
      "precision": 0.7625,
      "recall": 0.6256410256410256,
      "f1_score": 0.6873234485224753,
      "specificity": 0.6752136752136753,
      "TP": 244,
      "TN": 158,
      "FP": 76,
      "FN": 146
    },
    "macro_avg": {
      "precision": 0.6411184210526315,
      "recall": 0.6504273504273504,
      "f1_score": 0.637341775891465
    },
    "accuracy": 0.6442307692307693
  },
  "test_config": {
    "model_path": "results/resnet/rsna/layers_2/batch_size_32/epochs_500/timestamp_11122025_102423/",
    "cross_dataset_path": "../../datasets/chest_xray",
    "pretrained_model": "resnet",
    "batch_size": 32,
    "device": "cuda"
  }
}