{
  "confusion_matrix": [
    [
      3372,
      763
    ],
    [
      415,
      1360
    ]
  ],
  "total_samples": 5910,
  "correct_predictions": 4732,
  "accuracy": 0.8006768189509307,
  "loss": 0.4286788505144329,
  "classification_report": {
    "NORMAL": {
      "precision": 0.8904145761816742,
      "recall": 0.8154776299879081,
      "f1_score": 0.8512996776881901,
      "specificity": 0.7661971830985915,
      "TP": 3372,
      "TN": 1360,
      "FP": 415,
      "FN": 763
    },
    "PNEUMONIA": {
      "precision": 0.6406029203956665,
      "recall": 0.7661971830985915,
      "f1_score": 0.6977932443651859,
      "specificity": 0.8154776299879081,
      "TP": 1360,
      "TN": 3372,
      "FP": 763,
      "FN": 415
    },
    "macro_avg": {
      "precision": 0.7655087482886703,
      "recall": 0.7908374065432497,
      "f1_score": 0.774546461026688
    },
    "accuracy": 0.8006768189509307
  },
  "test_config": {
    "model_path": "results/resnet/rsna/layers_2/batch_size_32/epochs_500/timestamp_11122025_102423/",
    "cross_dataset_path": "../../datasets/rsna",
    "pretrained_model": "resnet",
    "batch_size": 32,
    "device": "cuda"
  }
}