{
  "confusion_matrix": [
    [
      164,
      70
    ],
    [
      257,
      133
    ]
  ],
  "total_samples": 624,
  "correct_predictions": 297,
  "accuracy": 0.47596153846153844,
  "loss": 0.6954533900970068,
  "classification_report": {
    "NORMAL": {
      "precision": 0.38954869358669836,
      "recall": 0.7008547008547008,
      "f1_score": 0.500763358778626,
      "specificity": 0.34102564102564104,
      "TP": 164,
      "TN": 133,
      "FP": 257,
      "FN": 70
    },
    "PNEUMONIA": {
      "precision": 0.6551724137931034,
      "recall": 0.34102564102564104,
      "f1_score": 0.448566610455312,
      "specificity": 0.7008547008547008,
      "TP": 133,
      "TN": 164,
      "FP": 70,
      "FN": 257
    },
    "macro_avg": {
      "precision": 0.5223605536899009,
      "recall": 0.5209401709401709,
      "f1_score": 0.474664984616969
    },
    "accuracy": 0.47596153846153844
  },
  "test_config": {
    "model_path": "results/resnet/CXR8/layers_5/batch_size_32/loss_focal_loss/sampler_balanced/epochs_100/",
    "cross_dataset_path": "../../datasets/chest_xray",
    "pretrained_model": "resnet",
    "batch_size": 32,
    "device": "cuda"
  }
}