{
  "confusion_matrix": [
    [
      6311,
      5762
    ],
    [
      80,
      206
    ]
  ],
  "total_samples": 12359,
  "correct_predictions": 6517,
  "accuracy": 0.5273080346306336,
  "loss": 0.6922676342090595,
  "classification_report": {
    "NORMAL": {
      "precision": 0.9874823971209513,
      "recall": 0.5227366851652447,
      "f1_score": 0.6836005199306758,
      "specificity": 0.7202797202797203,
      "TP": 6311,
      "TN": 206,
      "FP": 80,
      "FN": 5762
    },
    "PNEUMONIA": {
      "precision": 0.03451742627345845,
      "recall": 0.7202797202797203,
      "f1_score": 0.06587783818356252,
      "specificity": 0.5227366851652447,
      "TP": 206,
      "TN": 6311,
      "FP": 5762,
      "FN": 80
    },
    "macro_avg": {
      "precision": 0.5109999116972049,
      "recall": 0.6215082027224825,
      "f1_score": 0.3747391790571192
    },
    "accuracy": 0.5273080346306336
  },
  "test_config": {
    "model_path": "results/resnet/CXR8/layers_5/batch_size_32/loss_focal_loss/sampler_balanced/epochs_100/",
    "cross_dataset_path": "../../datasets/CXR8",
    "pretrained_model": "resnet",
    "batch_size": 32,
    "device": "cuda"
  }
}