{
  "confusion_matrix": [
    [
      212,
      22
    ],
    [
      225,
      165
    ]
  ],
  "total_samples": 624,
  "correct_predictions": 377,
  "accuracy": 0.6041666666666666,
  "loss": 0.6716375855299143,
  "classification_report": {
    "NORMAL": {
      "precision": 0.4851258581235698,
      "recall": 0.905982905982906,
      "f1_score": 0.6318922432300634,
      "specificity": 0.4230769230769231,
      "TP": 212,
      "TN": 165,
      "FP": 225,
      "FN": 22
    },
    "PNEUMONIA": {
      "precision": 0.8823529411764706,
      "recall": 0.4230769230769231,
      "f1_score": 0.571923305389773,
      "specificity": 0.905982905982906,
      "TP": 165,
      "TN": 212,
      "FP": 22,
      "FN": 225
    },
    "macro_avg": {
      "precision": 0.6837393996500202,
      "recall": 0.6645299145299145,
      "f1_score": 0.6019077743099182
    },
    "accuracy": 0.6041666666666666
  },
  "test_config": {
    "model_path": "results/efficientnet/rsna/layers_None/batch_size_32/epochs_500/timestamp_11122025_115832/",
    "cross_dataset_path": "../../datasets/chest_xray",
    "pretrained_model": "efficientnet",
    "batch_size": 32,
    "device": "cuda"
  }
}