{
  "confusion_matrix": [
    [
      3050,
      1085
    ],
    [
      434,
      1341
    ]
  ],
  "total_samples": 5910,
  "correct_predictions": 4391,
  "accuracy": 0.7429780033840948,
  "loss": 0.506965729407651,
  "classification_report": {
    "NORMAL": {
      "precision": 0.8754305396096441,
      "recall": 0.7376058041112454,
      "f1_score": 0.8006295075881952,
      "specificity": 0.7554929577464788,
      "TP": 3050,
      "TN": 1341,
      "FP": 434,
      "FN": 1085
    },
    "PNEUMONIA": {
      "precision": 0.5527617477328937,
      "recall": 0.7554929577464788,
      "f1_score": 0.6384189359538341,
      "specificity": 0.7376058041112454,
      "TP": 1341,
      "TN": 3050,
      "FP": 1085,
      "FN": 434
    },
    "macro_avg": {
      "precision": 0.714096143671269,
      "recall": 0.7465493809288621,
      "f1_score": 0.7195242217710147
    },
    "accuracy": 0.7429780033840948
  },
  "test_config": {
    "model_path": "results/efficientnet/rsna/layers_None/batch_size_32/epochs_500/timestamp_11122025_115832/",
    "cross_dataset_path": "../../datasets/rsna",
    "pretrained_model": "efficientnet",
    "batch_size": 32,
    "device": "cuda"
  }
}