{
  "confusion_matrix": [
    [
      157,
      77
    ],
    [
      142,
      248
    ]
  ],
  "total_samples": 624,
  "correct_predictions": 405,
  "accuracy": 0.6490384615384616,
  "loss": 0.6129916707674662,
  "classification_report": {
    "NORMAL": {
      "precision": 0.5250836120401338,
      "recall": 0.6709401709401709,
      "f1_score": 0.5891177063107583,
      "specificity": 0.6358974358974359,
      "TP": 157,
      "TN": 248,
      "FP": 142,
      "FN": 77
    },
    "PNEUMONIA": {
      "precision": 0.7630769230769231,
      "recall": 0.6358974358974359,
      "f1_score": 0.6937057978388795,
      "specificity": 0.6709401709401709,
      "TP": 248,
      "TN": 157,
      "FP": 77,
      "FN": 142
    },
    "macro_avg": {
      "precision": 0.6440802675585284,
      "recall": 0.6534188034188033,
      "f1_score": 0.6414117520748189
    },
    "accuracy": 0.6490384615384616
  },
  "test_config": {
    "model_path": "results/resnet/CXR8/layers_2/batch_size_32/epochs_500/timestamp_11122025_145337/",
    "cross_dataset_path": "../../datasets/chest_xray",
    "pretrained_model": "resnet",
    "batch_size": 32,
    "device": "cuda"
  }
}