{
  "confusion_matrix": [
    [
      3421,
      8652
    ],
    [
      25,
      261
    ]
  ],
  "total_samples": 12359,
  "correct_predictions": 3682,
  "accuracy": 0.2979205437333118,
  "loss": 2.3579227185305274,
  "classification_report": {
    "NORMAL": {
      "precision": 0.9927452118398142,
      "recall": 0.28335956266048207,
      "f1_score": 0.440878922610993,
      "specificity": 0.9125874125874126,
      "TP": 3421,
      "TN": 261,
      "FP": 25,
      "FN": 8652
    },
    "PNEUMONIA": {
      "precision": 0.029283069673510603,
      "recall": 0.9125874125874126,
      "f1_score": 0.056745298402000224,
      "specificity": 0.28335956266048207,
      "TP": 261,
      "TN": 3421,
      "FP": 8652,
      "FN": 25
    },
    "macro_avg": {
      "precision": 0.5110141407566624,
      "recall": 0.5979734876239473,
      "f1_score": 0.2488121105064966
    },
    "accuracy": 0.2979205437333118
  },
  "test_config": {
    "model_path": "results/densenet/chest_xray/layers_2/batch_size_16/loss_cross_entropy/sampler_balanced/epochs_500/",
    "cross_dataset_path": "../../datasets/CXR8",
    "pretrained_model": "densenet",
    "batch_size": 16,
    "device": "cuda"
  }
}