{
  "confusion_matrix": [
    [
      155,
      79
    ],
    [
      17,
      373
    ]
  ],
  "total_samples": 624,
  "correct_predictions": 528,
  "accuracy": 0.8461538461538461,
  "loss": 0.46550054494769144,
  "classification_report": {
    "NORMAL": {
      "precision": 0.9011627906976745,
      "recall": 0.6623931623931624,
      "f1_score": 0.7635463096899432,
      "specificity": 0.9564102564102565,
      "TP": 155,
      "TN": 373,
      "FP": 17,
      "FN": 79
    },
    "PNEUMONIA": {
      "precision": 0.8252212389380531,
      "recall": 0.9564102564102565,
      "f1_score": 0.8859852509298046,
      "specificity": 0.6623931623931624,
      "TP": 373,
      "TN": 155,
      "FP": 79,
      "FN": 17
    },
    "macro_avg": {
      "precision": 0.8631920148178638,
      "recall": 0.8094017094017094,
      "f1_score": 0.8247657803098739
    },
    "accuracy": 0.8461538461538461
  },
  "test_config": {
    "model_path": "results/efficientnet/chest_xray/layers_2/batch_size_32/epochs_500/timestamp_11122025_172605/",
    "cross_dataset_path": "../../datasets/chest_xray",
    "pretrained_model": "efficientnet",
    "batch_size": 32,
    "device": "cuda"
  }
}