{
  "confusion_matrix": [
    [
      137,
      97
    ],
    [
      92,
      298
    ]
  ],
  "total_samples": 624,
  "correct_predictions": 435,
  "accuracy": 0.6971153846153846,
  "loss": 0.5851108982012823,
  "classification_report": {
    "NORMAL": {
      "precision": 0.5982532751091703,
      "recall": 0.5854700854700855,
      "f1_score": 0.591792156646206,
      "specificity": 0.764102564102564,
      "TP": 137,
      "TN": 298,
      "FP": 92,
      "FN": 97
    },
    "PNEUMONIA": {
      "precision": 0.7544303797468355,
      "recall": 0.764102564102564,
      "f1_score": 0.759235168810423,
      "specificity": 0.5854700854700855,
      "TP": 298,
      "TN": 137,
      "FP": 97,
      "FN": 92
    },
    "macro_avg": {
      "precision": 0.6763418274280029,
      "recall": 0.6747863247863248,
      "f1_score": 0.6755136627283145
    },
    "accuracy": 0.6971153846153846
  },
  "test_config": {
    "model_path": "results/resnet/rsna/layers_None/batch_size_32/epochs_5/timestamp_11122025_094931/",
    "cross_dataset_path": "../../datasets/chest_xray",
    "pretrained_model": "resnet",
    "batch_size": 32,
    "device": "cuda"
  }
}