{
  "confusion_matrix": [
    [
      194,
      40
    ],
    [
      275,
      115
    ]
  ],
  "total_samples": 624,
  "correct_predictions": 309,
  "accuracy": 0.4951923076923077,
  "loss": 0.7659833981440618,
  "classification_report": {
    "NORMAL": {
      "precision": 0.4136460554371002,
      "recall": 0.8290598290598291,
      "f1_score": 0.5519198972664937,
      "specificity": 0.2948717948717949,
      "TP": 194,
      "TN": 115,
      "FP": 275,
      "FN": 40
    },
    "PNEUMONIA": {
      "precision": 0.7419354838709677,
      "recall": 0.2948717948717949,
      "f1_score": 0.4220179415878011,
      "specificity": 0.8290598290598291,
      "TP": 115,
      "TN": 194,
      "FP": 40,
      "FN": 275
    },
    "macro_avg": {
      "precision": 0.577790769654034,
      "recall": 0.561965811965812,
      "f1_score": 0.4869689194271474
    },
    "accuracy": 0.4951923076923077
  },
  "test_config": {
    "model_path": "results/densenet/CXR8/layers_5/batch_size_32/epochs_500/",
    "cross_dataset_path": "../../datasets/chest_xray",
    "pretrained_model": "densenet",
    "batch_size": 32,
    "device": "cuda"
  }
}