{
  "confusion_matrix": [
    [
      196,
      38
    ],
    [
      290,
      100
    ]
  ],
  "total_samples": 624,
  "correct_predictions": 296,
  "accuracy": 0.47435897435897434,
  "loss": 0.8000153952684158,
  "classification_report": {
    "NORMAL": {
      "precision": 0.40329218106995884,
      "recall": 0.8376068376068376,
      "f1_score": 0.544444005694798,
      "specificity": 0.2564102564102564,
      "TP": 196,
      "TN": 100,
      "FP": 290,
      "FN": 38
    },
    "PNEUMONIA": {
      "precision": 0.7246376811594203,
      "recall": 0.2564102564102564,
      "f1_score": 0.3787874926829004,
      "specificity": 0.8376068376068376,
      "TP": 100,
      "TN": 196,
      "FP": 38,
      "FN": 290
    },
    "macro_avg": {
      "precision": 0.5639649311146896,
      "recall": 0.5470085470085471,
      "f1_score": 0.4616157491888492
    },
    "accuracy": 0.47435897435897434
  },
  "test_config": {
    "model_path": "results/densenet/CXR8/layers_5/batch_size_32/epochs_500/",
    "cross_dataset_path": "../../datasets/chest_xray",
    "pretrained_model": "densenet",
    "batch_size": 32,
    "device": "cuda"
  }
}