{
  "confusion_matrix": [
    [
      8571,
      3502
    ],
    [
      71,
      215
    ]
  ],
  "total_samples": 12359,
  "correct_predictions": 8786,
  "accuracy": 0.7108989400436928,
  "loss": 0.5728082686954452,
  "classification_report": {
    "NORMAL": {
      "precision": 0.991784309187688,
      "recall": 0.7099312515530523,
      "f1_score": 0.8275158062583673,
      "specificity": 0.7517482517482518,
      "TP": 8571,
      "TN": 215,
      "FP": 71,
      "FN": 3502
    },
    "PNEUMONIA": {
      "precision": 0.0578423459779392,
      "recall": 0.7517482517482518,
      "f1_score": 0.1074193027399464,
      "specificity": 0.7099312515530523,
      "TP": 215,
      "TN": 8571,
      "FP": 3502,
      "FN": 71
    },
    "macro_avg": {
      "precision": 0.5248133275828136,
      "recall": 0.730839751650652,
      "f1_score": 0.46746755449915683
    },
    "accuracy": 0.7108989400436928
  },
  "test_config": {
    "model_path": "results/densenet/CXR8/layers_5/batch_size_32/epochs_500/",
    "cross_dataset_path": "../../datasets/CXR8",
    "pretrained_model": "densenet",
    "batch_size": 32,
    "device": "cuda"
  }
}