{
  "confusion_matrix": [
    [
      8351,
      3722
    ],
    [
      68,
      218
    ]
  ],
  "total_samples": 12359,
  "correct_predictions": 8569,
  "accuracy": 0.6933408851848855,
  "loss": 0.595973207248107,
  "classification_report": {
    "NORMAL": {
      "precision": 0.9919230312388645,
      "recall": 0.6917087716391949,
      "f1_score": 0.8150492914202926,
      "specificity": 0.7622377622377622,
      "TP": 8351,
      "TN": 218,
      "FP": 68,
      "FN": 3722
    },
    "PNEUMONIA": {
      "precision": 0.05532994923857868,
      "recall": 0.7622377622377622,
      "f1_score": 0.1031707209445078,
      "specificity": 0.6917087716391949,
      "TP": 218,
      "TN": 8351,
      "FP": 3722,
      "FN": 68
    },
    "macro_avg": {
      "precision": 0.5236264902387215,
      "recall": 0.7269732669384785,
      "f1_score": 0.45911000618240017
    },
    "accuracy": 0.6933408851848855
  },
  "test_config": {
    "model_path": "results/densenet/CXR8/layers_5/batch_size_32/epochs_500/",
    "cross_dataset_path": "../../datasets/CXR8",
    "pretrained_model": "densenet",
    "batch_size": 32,
    "device": "cuda"
  }
}