{
  "confusion_matrix": [
    [
      12071,
      2
    ],
    [
      286,
      0
    ]
  ],
  "total_samples": 12359,
  "correct_predictions": 12071,
  "accuracy": 0.9766971437818593,
  "loss": 0.35383042056632147,
  "classification_report": {
    "NORMAL": {
      "precision": 0.9768552237598123,
      "recall": 0.9998343410916922,
      "f1_score": 0.9882107157862029,
      "specificity": 0.0,
      "TP": 12071,
      "TN": 0,
      "FP": 286,
      "FN": 2
    },
    "PNEUMONIA": {
      "precision": 0.0,
      "recall": 0.0,
      "f1_score": 0.0,
      "specificity": 0.9998343410916922,
      "TP": 0,
      "TN": 12071,
      "FP": 2,
      "FN": 286
    },
    "macro_avg": {
      "precision": 0.48842761187990613,
      "recall": 0.4999171705458461,
      "f1_score": 0.49410535789310145
    },
    "accuracy": 0.9766971437818593
  },
  "test_config": {
    "model_path": "results/densenet/CXR8/layers_5/batch_size_32/epochs_500/",
    "cross_dataset_path": "../../datasets/CXR8",
    "pretrained_model": "densenet",
    "batch_size": 32,
    "device": "cuda"
  }
}