{
  "confusion_matrix": [
    [
      234,
      0
    ],
    [
      388,
      2
    ]
  ],
  "total_samples": 624,
  "correct_predictions": 236,
  "accuracy": 0.3782051282051282,
  "loss": 5.856755415831382,
  "classification_report": {
    "NORMAL": {
      "precision": 0.3762057877813505,
      "recall": 1.0,
      "f1_score": 0.546728574690218,
      "specificity": 0.005128205128205128,
      "TP": 234,
      "TN": 2,
      "FP": 388,
      "FN": 0
    },
    "PNEUMONIA": {
      "precision": 1.0,
      "recall": 0.005128205128205128,
      "f1_score": 0.010204071480643171,
      "specificity": 1.0,
      "TP": 2,
      "TN": 234,
      "FP": 0,
      "FN": 388
    },
    "macro_avg": {
      "precision": 0.6881028938906752,
      "recall": 0.5025641025641026,
      "f1_score": 0.27846632308543057
    },
    "accuracy": 0.3782051282051282
  },
  "test_config": {
    "model_path": "results/densenet/CXR8/layers_None/batch_size_32/epochs_1/",
    "cross_dataset_path": "../../datasets/chest_xray",
    "pretrained_model": "densenet",
    "batch_size": 32,
    "device": "cuda"
  }
}