{
  "confusion_matrix": [
    [
      12036,
      37
    ],
    [
      284,
      2
    ]
  ],
  "total_samples": 12359,
  "correct_predictions": 12038,
  "accuracy": 0.9740270248401974,
  "loss": 0.22409510308899683,
  "classification_report": {
    "NORMAL": {
      "precision": 0.9769480519480519,
      "recall": 0.9969353101963058,
      "f1_score": 0.986839987076486,
      "specificity": 0.006993006993006993,
      "TP": 12036,
      "TN": 2,
      "FP": 284,
      "FN": 37
    },
    "PNEUMONIA": {
      "precision": 0.05128205128205128,
      "recall": 0.006993006993006993,
      "f1_score": 0.012307481111316437,
      "specificity": 0.9969353101963058,
      "TP": 2,
      "TN": 12036,
      "FP": 37,
      "FN": 284
    },
    "macro_avg": {
      "precision": 0.5141150516150516,
      "recall": 0.5019641585946564,
      "f1_score": 0.4995737340939012
    },
    "accuracy": 0.9740270248401974
  },
  "test_config": {
    "model_path": "results/densenet/CXR8/layers_None/batch_size_32/epochs_1/",
    "cross_dataset_path": "../../datasets/CXR8",
    "pretrained_model": "densenet",
    "batch_size": 32,
    "device": "cuda"
  }
}