{
  "confusion_matrix": [
    [
      8710,
      3363
    ],
    [
      79,
      207
    ]
  ],
  "total_samples": 12359,
  "correct_predictions": 8917,
  "accuracy": 0.7214985031151387,
  "loss": 0.5481571055522522,
  "classification_report": {
    "NORMAL": {
      "precision": 0.9910114916372739,
      "recall": 0.7214445456804439,
      "f1_score": 0.835011024829834,
      "specificity": 0.7237762237762237,
      "TP": 8710,
      "TN": 207,
      "FP": 79,
      "FN": 3363
    },
    "PNEUMONIA": {
      "precision": 0.05798319327731093,
      "recall": 0.7237762237762237,
      "f1_score": 0.10736514522821577,
      "specificity": 0.7214445456804439,
      "TP": 207,
      "TN": 8710,
      "FP": 3363,
      "FN": 79
    },
    "macro_avg": {
      "precision": 0.5244973424572924,
      "recall": 0.7226103847283338,
      "f1_score": 0.4711880850290249
    },
    "accuracy": 0.7214985031151387
  },
  "test_config": {
    "model_path": "results/mobilenet/CXR8/layers_5/batch_size_32/loss_cross_entropy/sampler_balanced/epochs_100/",
    "cross_dataset_path": "../../datasets/CXR8",
    "pretrained_model": "mobilenet",
    "batch_size": 32,
    "device": "cuda"
  }
}