{
  "confusion_matrix": [
    [
      218,
      16
    ],
    [
      352,
      38
    ]
  ],
  "total_samples": 624,
  "correct_predictions": 256,
  "accuracy": 0.41025641025641024,
  "loss": 0.9614096215138068,
  "classification_report": {
    "NORMAL": {
      "precision": 0.3824561403508772,
      "recall": 0.9316239316239316,
      "f1_score": 0.5422885572139303,
      "specificity": 0.09743589743589744,
      "TP": 218,
      "TN": 38,
      "FP": 352,
      "FN": 16
    },
    "PNEUMONIA": {
      "precision": 0.7037037037037037,
      "recall": 0.09743589743589744,
      "f1_score": 0.17117117117117117,
      "specificity": 0.9316239316239316,
      "TP": 38,
      "TN": 218,
      "FP": 16,
      "FN": 352
    },
    "macro_avg": {
      "precision": 0.5430799220272905,
      "recall": 0.5145299145299146,
      "f1_score": 0.35672986419255076
    },
    "accuracy": 0.41025641025641024
  },
  "test_config": {
    "model_path": "results/densenet/CXR8/layers_2/batch_size_16/loss_cross_entropy/sampler_balanced/epochs_500/",
    "cross_dataset_path": "../../datasets/chest_xray",
    "pretrained_model": "densenet",
    "batch_size": 16,
    "device": "cuda"
  }
}