{
  "confusion_matrix": [
    [
      93,
      141
    ],
    [
      6,
      384
    ]
  ],
  "total_samples": 624,
  "correct_predictions": 477,
  "accuracy": 0.7644230769230769,
  "loss": 0.7001490332186222,
  "classification_report": {
    "NORMAL": {
      "precision": 0.9393939393939394,
      "recall": 0.3974358974358974,
      "f1_score": 0.5585581407356425,
      "specificity": 0.9846153846153847,
      "TP": 93,
      "TN": 384,
      "FP": 6,
      "FN": 141
    },
    "PNEUMONIA": {
      "precision": 0.7314285714285714,
      "recall": 0.9846153846153847,
      "f1_score": 0.8393437731795381,
      "specificity": 0.3974358974358974,
      "TP": 384,
      "TN": 93,
      "FP": 141,
      "FN": 6
    },
    "macro_avg": {
      "precision": 0.8354112554112554,
      "recall": 0.691025641025641,
      "f1_score": 0.6989509569575902
    },
    "accuracy": 0.7644230769230769
  },
  "test_config": {
    "model_path": "results/mobilenet/chest_xray/layers_2/batch_size_32/epochs_500/timestamp_11122025_172542/",
    "cross_dataset_path": "../../datasets/chest_xray",
    "pretrained_model": "mobilenet",
    "batch_size": 32,
    "device": "cuda"
  }
}