{
  "confusion_matrix": [
    [
      522,
      3613
    ],
    [
      46,
      1729
    ]
  ],
  "total_samples": 5910,
  "correct_predictions": 2251,
  "accuracy": 0.3808798646362098,
  "loss": 2.2554466093857277,
  "classification_report": {
    "NORMAL": {
      "precision": 0.9190140845070423,
      "recall": 0.12623941958887544,
      "f1_score": 0.2219857540293834,
      "specificity": 0.9740845070422535,
      "TP": 522,
      "TN": 1729,
      "FP": 46,
      "FN": 3613
    },
    "PNEUMONIA": {
      "precision": 0.32366154998128044,
      "recall": 0.9740845070422535,
      "f1_score": 0.48587850714937886,
      "specificity": 0.12623941958887544,
      "TP": 1729,
      "TN": 522,
      "FP": 3613,
      "FN": 46
    },
    "macro_avg": {
      "precision": 0.6213378172441614,
      "recall": 0.5501619633155644,
      "f1_score": 0.3539321305893811
    },
    "accuracy": 0.3808798646362098
  },
  "test_config": {
    "model_path": "results/mobilenet/chest_xray/layers_2/batch_size_32/epochs_500/timestamp_11122025_172542/",
    "cross_dataset_path": "../../datasets/rsna",
    "pretrained_model": "mobilenet",
    "batch_size": 32,
    "device": "cuda"
  }
}