{
  "confusion_matrix": [
    [
      12051,
      22
    ],
    [
      283,
      3
    ]
  ],
  "total_samples": 12359,
  "correct_predictions": 12054,
  "accuracy": 0.9753216279634275,
  "loss": 0.1292546261146421,
  "classification_report": {
    "NORMAL": {
      "precision": 0.9770552943084158,
      "recall": 0.9981777520086142,
      "f1_score": 0.9875030850945098,
      "specificity": 0.01048951048951049,
      "TP": 12051,
      "TN": 3,
      "FP": 283,
      "FN": 22
    },
    "PNEUMONIA": {
      "precision": 0.12,
      "recall": 0.01048951048951049,
      "f1_score": 0.019292456654806986,
      "specificity": 0.9981777520086142,
      "TP": 3,
      "TN": 12051,
      "FP": 22,
      "FN": 283
    },
    "macro_avg": {
      "precision": 0.5485276471542079,
      "recall": 0.5043336312490624,
      "f1_score": 0.5033977708746584
    },
    "accuracy": 0.9753216279634275
  }
}