{
  "confusion_matrix": [
    [
      3620,
      515
    ],
    [
      620,
      1155
    ]
  ],
  "total_samples": 5910,
  "correct_predictions": 4775,
  "accuracy": 0.8079526226734348,
  "loss": 0.6230933760628482,
  "classification_report": {
    "NORMAL": {
      "precision": 0.8537735849056604,
      "recall": 0.875453446191052,
      "f1_score": 0.8644771120191799,
      "specificity": 0.6507042253521127,
      "TP": 3620,
      "TN": 1155,
      "FP": 620,
      "FN": 515
    },
    "PNEUMONIA": {
      "precision": 0.6916167664670658,
      "recall": 0.6507042253521127,
      "f1_score": 0.6705365106245073,
      "specificity": 0.875453446191052,
      "TP": 1155,
      "TN": 3620,
      "FP": 515,
      "FN": 620
    },
    "macro_avg": {
      "precision": 0.7726951756863631,
      "recall": 0.7630788357715823,
      "f1_score": 0.7675068113218435
    },
    "accuracy": 0.8079526226734348
  }
}