{
  "confusion_matrix": [
    [
      2401,
      9672
    ],
    [
      23,
      263
    ]
  ],
  "total_samples": 12359,
  "correct_predictions": 2664,
  "accuracy": 0.21555142001780078,
  "loss": 1.975160327628261,
  "classification_report": {
    "NORMAL": {
      "precision": 0.9905115511551155,
      "recall": 0.198873519423507,
      "f1_score": 0.3312406679052888,
      "specificity": 0.9195804195804196,
      "TP": 2401,
      "TN": 263,
      "FP": 23,
      "FN": 9672
    },
    "PNEUMONIA": {
      "precision": 0.0264720684448918,
      "recall": 0.9195804195804196,
      "f1_score": 0.05146262048782571,
      "specificity": 0.198873519423507,
      "TP": 263,
      "TN": 2401,
      "FP": 9672,
      "FN": 23
    },
    "macro_avg": {
      "precision": 0.5084918098000036,
      "recall": 0.5592269695019633,
      "f1_score": 0.19135164419655726
    },
    "accuracy": 0.21555142001780078
  },
  "test_config": {
    "model_path": "results/resnet/chest_xray/layers_None/batch_size_32/epochs_500/timestamp_11122025_015937/",
    "cross_dataset_path": "../../datasets/CXR8",
    "pretrained_model": "resnet",
    "batch_size": 32,
    "device": "cuda"
  }
}