{
  "confusion_matrix": [
    [
      630,
      3505
    ],
    [
      64,
      1711
    ]
  ],
  "total_samples": 5910,
  "correct_predictions": 2341,
  "accuracy": 0.3961082910321489,
  "loss": 1.610281151926457,
  "classification_report": {
    "NORMAL": {
      "precision": 0.9077809798270894,
      "recall": 0.1523579201934704,
      "f1_score": 0.26092334054206207,
      "specificity": 0.963943661971831,
      "TP": 630,
      "TN": 1711,
      "FP": 64,
      "FN": 3505
    },
    "PNEUMONIA": {
      "precision": 0.3280291411042945,
      "recall": 0.963943661971831,
      "f1_score": 0.48948610375332346,
      "specificity": 0.1523579201934704,
      "TP": 1711,
      "TN": 630,
      "FP": 3505,
      "FN": 64
    },
    "macro_avg": {
      "precision": 0.6179050604656919,
      "recall": 0.5581507910826506,
      "f1_score": 0.37520472214769274
    },
    "accuracy": 0.3961082910321489
  },
  "test_config": {
    "model_path": "results/resnet/chest_xray/layers_None/batch_size_32/epochs_500/timestamp_11122025_015937/",
    "cross_dataset_path": "../../datasets/rsna",
    "pretrained_model": "resnet",
    "batch_size": 32,
    "device": "cuda"
  }
}