{
  "confusion_matrix": [
    [
      179,
      55
    ],
    [
      233,
      157
    ]
  ],
  "total_samples": 624,
  "correct_predictions": 336,
  "accuracy": 0.5384615384615384,
  "loss": 0.726123679906894,
  "classification_report": {
    "NORMAL": {
      "precision": 0.4344660194174757,
      "recall": 0.7649572649572649,
      "f1_score": 0.5541791045254932,
      "specificity": 0.4025641025641026,
      "TP": 179,
      "TN": 157,
      "FP": 233,
      "FN": 55
    },
    "PNEUMONIA": {
      "precision": 0.7405660377358491,
      "recall": 0.4025641025641026,
      "f1_score": 0.5215942280994268,
      "specificity": 0.7649572649572649,
      "TP": 157,
      "TN": 179,
      "FP": 55,
      "FN": 233
    },
    "macro_avg": {
      "precision": 0.5875160285766624,
      "recall": 0.5837606837606837,
      "f1_score": 0.53788666631246
    },
    "accuracy": 0.5384615384615384
  },
  "test_config": {
    "model_path": "results/densenet/CXR8/layers_2/batch_size_32/epochs_500/timestamp_11122025_033004/",
    "cross_dataset_path": "../../datasets/chest_xray",
    "pretrained_model": "densenet",
    "batch_size": 32,
    "device": "cuda"
  }
}