{
  "confusion_matrix": [
    [
      37,
      197
    ],
    [
      17,
      373
    ]
  ],
  "total_samples": 624,
  "correct_predictions": 410,
  "accuracy": 0.657051282051282,
  "loss": 0.6284681130678226,
  "classification_report": {
    "NORMAL": {
      "precision": 0.6851851851851852,
      "recall": 0.1581196581196581,
      "f1_score": 0.25694413975730573,
      "specificity": 0.9564102564102565,
      "TP": 37,
      "TN": 373,
      "FP": 17,
      "FN": 197
    },
    "PNEUMONIA": {
      "precision": 0.6543859649122807,
      "recall": 0.9564102564102565,
      "f1_score": 0.7770828509117579,
      "specificity": 0.1581196581196581,
      "TP": 373,
      "TN": 37,
      "FP": 197,
      "FN": 17
    },
    "macro_avg": {
      "precision": 0.6697855750487329,
      "recall": 0.5572649572649573,
      "f1_score": 0.5170134953345318
    },
    "accuracy": 0.657051282051282
  },
  "test_config": {
    "model_path": "results/resnet/CXR8/layers_None/batch_size_32/epochs_500/",
    "cross_dataset_path": "../../datasets/chest_xray",
    "pretrained_model": "resnet",
    "batch_size": 32,
    "device": "cuda"
  }
}