{
  "confusion_matrix": [
    [
      64,
      170
    ],
    [
      52,
      338
    ]
  ],
  "total_samples": 624,
  "correct_predictions": 402,
  "accuracy": 0.6442307692307693,
  "loss": 0.6551453501750262,
  "classification_report": {
    "NORMAL": {
      "precision": 0.5517241379310345,
      "recall": 0.27350427350427353,
      "f1_score": 0.3657138425474758,
      "specificity": 0.8666666666666667,
      "TP": 64,
      "TN": 338,
      "FP": 52,
      "FN": 170
    },
    "PNEUMONIA": {
      "precision": 0.6653543307086615,
      "recall": 0.8666666666666667,
      "f1_score": 0.7527834729989665,
      "specificity": 0.27350427350427353,
      "TP": 338,
      "TN": 64,
      "FP": 170,
      "FN": 52
    },
    "macro_avg": {
      "precision": 0.6085392343198479,
      "recall": 0.5700854700854701,
      "f1_score": 0.5592486577732212
    },
    "accuracy": 0.6442307692307693
  },
  "test_config": {
    "model_path": "results/resnet/CXR8/layers_None/batch_size_32/epochs_500/",
    "cross_dataset_path": "../../datasets/chest_xray",
    "pretrained_model": "resnet",
    "batch_size": 32,
    "device": "cuda"
  }
}