{
  "confusion_matrix": [
    [
      11996,
      77
    ],
    [
      278,
      8
    ]
  ],
  "total_samples": 12359,
  "correct_predictions": 12004,
  "accuracy": 0.9712759932033336,
  "loss": 0.15601459363019088,
  "classification_report": {
    "NORMAL": {
      "precision": 0.9773504969854978,
      "recall": 0.9936221320301499,
      "f1_score": 0.9854186481840008,
      "specificity": 0.027972027972027972,
      "TP": 11996,
      "TN": 8,
      "FP": 278,
      "FN": 77
    },
    "PNEUMONIA": {
      "precision": 0.09411764705882353,
      "recall": 0.027972027972027972,
      "f1_score": 0.043126331401241114,
      "specificity": 0.9936221320301499,
      "TP": 8,
      "TN": 11996,
      "FP": 77,
      "FN": 278
    },
    "macro_avg": {
      "precision": 0.5357340720221606,
      "recall": 0.5107970800010889,
      "f1_score": 0.514272489792621
    },
    "accuracy": 0.9712759932033336
  },
  "test_config": {
    "model_path": "results/resnet/CXR8/layers_None/batch_size_32/epochs_500/",
    "cross_dataset_path": "../../datasets/CXR8",
    "pretrained_model": "resnet",
    "batch_size": 32,
    "device": "cuda"
  }
}