{
  "confusion_matrix": [
    [
      8816,
      3257
    ],
    [
      115,
      171
    ]
  ],
  "total_samples": 12359,
  "correct_predictions": 8987,
  "accuracy": 0.7271623917792702,
  "loss": 0.5994218873769317,
  "classification_report": {
    "NORMAL": {
      "precision": 0.9871235024073453,
      "recall": 0.730224467820757,
      "f1_score": 0.8394586618269253,
      "specificity": 0.5979020979020979,
      "TP": 8816,
      "TN": 171,
      "FP": 115,
      "FN": 3257
    },
    "PNEUMONIA": {
      "precision": 0.04988331388564761,
      "recall": 0.5979020979020979,
      "f1_score": 0.09208386431023244,
      "specificity": 0.730224467820757,
      "TP": 171,
      "TN": 8816,
      "FP": 3257,
      "FN": 115
    },
    "macro_avg": {
      "precision": 0.5185034081464964,
      "recall": 0.6640632828614275,
      "f1_score": 0.46577126306857886
    },
    "accuracy": 0.7271623917792702
  },
  "test_config": {
    "model_path": "results/resnet/CXR8/layers_None/batch_size_32/epochs_500/",
    "cross_dataset_path": "../../datasets/CXR8",
    "pretrained_model": "resnet",
    "batch_size": 32,
    "device": "cuda"
  }
}