{
  "confusion_matrix": [
    [
      12068,
      5
    ],
    [
      285,
      1
    ]
  ],
  "total_samples": 12359,
  "correct_predictions": 12069,
  "accuracy": 0.9765353183914556,
  "loss": 0.12482298821064973,
  "classification_report": {
    "NORMAL": {
      "precision": 0.9769286812919938,
      "recall": 0.9995858527292305,
      "f1_score": 0.988126905289897,
      "specificity": 0.0034965034965034965,
      "TP": 12068,
      "TN": 1,
      "FP": 285,
      "FN": 5
    },
    "PNEUMONIA": {
      "precision": 0.16666666666666666,
      "recall": 0.0034965034965034965,
      "f1_score": 0.0068492748172753895,
      "specificity": 0.9995858527292305,
      "TP": 1,
      "TN": 12068,
      "FP": 5,
      "FN": 285
    },
    "macro_avg": {
      "precision": 0.5717976739793302,
      "recall": 0.501541178112867,
      "f1_score": 0.4974880900535862
    },
    "accuracy": 0.9765353183914556
  }
}