{
  "confusion_matrix": [
    [
      120,
      114
    ],
    [
      1,
      389
    ]
  ],
  "total_samples": 624,
  "correct_predictions": 509,
  "accuracy": 0.8157051282051282,
  "loss": 1.04670039891528,
  "classification_report": {
    "NORMAL": {
      "precision": 0.9917355371900827,
      "recall": 0.5128205128205128,
      "f1_score": 0.676055888689051,
      "specificity": 0.9974358974358974,
      "TP": 120,
      "TN": 389,
      "FP": 1,
      "FN": 114
    },
    "PNEUMONIA": {
      "precision": 0.7733598409542743,
      "recall": 0.9974358974358974,
      "f1_score": 0.87122011270968,
      "specificity": 0.5128205128205128,
      "TP": 389,
      "TN": 120,
      "FP": 114,
      "FN": 1
    },
    "macro_avg": {
      "precision": 0.8825476890721785,
      "recall": 0.7551282051282051,
      "f1_score": 0.7736380006993655
    },
    "accuracy": 0.8157051282051282
  }
}