{
  "confusion_matrix": [
    [
      3611,
      524
    ],
    [
      663,
      1112
    ]
  ],
  "total_samples": 5910,
  "correct_predictions": 4723,
  "accuracy": 0.7991539763113367,
  "loss": 0.6914391900883915,
  "classification_report": {
    "NORMAL": {
      "precision": 0.8448759943846513,
      "recall": 0.8732769044740024,
      "f1_score": 0.8588412173446636,
      "specificity": 0.6264788732394366,
      "TP": 3611,
      "TN": 1112,
      "FP": 663,
      "FN": 524
    },
    "PNEUMONIA": {
      "precision": 0.6797066014669927,
      "recall": 0.6264788732394366,
      "f1_score": 0.6520077095671252,
      "specificity": 0.8732769044740024,
      "TP": 1112,
      "TN": 3611,
      "FP": 524,
      "FN": 663
    },
    "macro_avg": {
      "precision": 0.7622912979258221,
      "recall": 0.7498778888567195,
      "f1_score": 0.7554244634558944
    },
    "accuracy": 0.7991539763113367
  }
}