{
  "confusion_matrix": [
    [
      1029,
      3106
    ],
    [
      64,
      1711
    ]
  ],
  "total_samples": 5910,
  "correct_predictions": 2740,
  "accuracy": 0.46362098138747887,
  "loss": 2.4222603804342033,
  "classification_report": {
    "NORMAL": {
      "precision": 0.9414455626715462,
      "recall": 0.24885126964933493,
      "f1_score": 0.3936492484737879,
      "specificity": 0.963943661971831,
      "TP": 1029,
      "TN": 1711,
      "FP": 64,
      "FN": 3106
    },
    "PNEUMONIA": {
      "precision": 0.35520033215694413,
      "recall": 0.963943661971831,
      "f1_score": 0.5191136841467648,
      "specificity": 0.24885126964933493,
      "TP": 1711,
      "TN": 1029,
      "FP": 3106,
      "FN": 64
    },
    "macro_avg": {
      "precision": 0.6483229474142451,
      "recall": 0.606397465810583,
      "f1_score": 0.4563814663102764
    },
    "accuracy": 0.46362098138747887
  },
  "test_config": {
    "model_path": "results/densenet/chest_xray/layers_2/batch_size_32/epochs_500/timestamp_11122025_022324/",
    "cross_dataset_path": "../../datasets/rsna",
    "pretrained_model": "densenet",
    "batch_size": 32,
    "device": "cuda"
  }
}