{
  "confusion_matrix": [
    [
      120,
      114
    ],
    [
      126,
      264
    ]
  ],
  "total_samples": 624,
  "correct_predictions": 384,
  "accuracy": 0.6153846153846154,
  "loss": 0.6728364932231414,
  "classification_report": {
    "NORMAL": {
      "precision": 0.4878048780487805,
      "recall": 0.5128205128205128,
      "f1_score": 0.4999995003129994,
      "specificity": 0.676923076923077,
      "TP": 120,
      "TN": 264,
      "FP": 126,
      "FN": 114
    },
    "PNEUMONIA": {
      "precision": 0.6984126984126984,
      "recall": 0.676923076923077,
      "f1_score": 0.6874995001224338,
      "specificity": 0.5128205128205128,
      "TP": 264,
      "TN": 120,
      "FP": 114,
      "FN": 126
    },
    "macro_avg": {
      "precision": 0.5931087882307394,
      "recall": 0.5948717948717949,
      "f1_score": 0.5937495002177166
    },
    "accuracy": 0.6153846153846154
  },
  "test_config": {
    "model_path": "results/efficientnet/CXR8/layers_5/batch_size_32/epochs_1/timestamp_11122025_074808/",
    "cross_dataset_path": "../../datasets/chest_xray",
    "pretrained_model": "efficientnet",
    "batch_size": 32,
    "device": "cuda"
  }
}