{
  "confusion_matrix": [
    [
      11705,
      368
    ],
    [
      256,
      30
    ]
  ],
  "total_samples": 12359,
  "correct_predictions": 11735,
  "accuracy": 0.9495104781940287,
  "loss": 0.6833414396032834,
  "classification_report": {
    "NORMAL": {
      "precision": 0.9785971072652788,
      "recall": 0.9695187608713659,
      "f1_score": 0.9740362812377105,
      "specificity": 0.1048951048951049,
      "TP": 11705,
      "TN": 30,
      "FP": 256,
      "FN": 368
    },
    "PNEUMONIA": {
      "precision": 0.07537688442211055,
      "recall": 0.1048951048951049,
      "f1_score": 0.08771881165414752,
      "specificity": 0.9695187608713659,
      "TP": 30,
      "TN": 11705,
      "FP": 368,
      "FN": 256
    },
    "macro_avg": {
      "precision": 0.5269869958436947,
      "recall": 0.5372069328832354,
      "f1_score": 0.530877546445929
    },
    "accuracy": 0.9495104781940287
  }
}