{
  "confusion_matrix": [
    [
      2983,
      1152
    ],
    [
      486,
      1289
    ]
  ],
  "total_samples": 5910,
  "correct_predictions": 4272,
  "accuracy": 0.7228426395939086,
  "loss": 0.684970583568773,
  "classification_report": {
    "NORMAL": {
      "precision": 0.8599019890458345,
      "recall": 0.7214026602176542,
      "f1_score": 0.7845865632783209,
      "specificity": 0.7261971830985916,
      "TP": 2983,
      "TN": 1289,
      "FP": 486,
      "FN": 1152
    },
    "PNEUMONIA": {
      "precision": 0.528062269561655,
      "recall": 0.7261971830985916,
      "f1_score": 0.6114795883789206,
      "specificity": 0.7214026602176542,
      "TP": 1289,
      "TN": 2983,
      "FP": 1152,
      "FN": 486
    },
    "macro_avg": {
      "precision": 0.6939821293037447,
      "recall": 0.7237999216581229,
      "f1_score": 0.6980330758286207
    },
    "accuracy": 0.7228426395939086
  }
}