{
  "confusion_matrix": [
    [
      18,
      216
    ],
    [
      2,
      388
    ]
  ],
  "total_samples": 624,
  "correct_predictions": 406,
  "accuracy": 0.6506410256410257,
  "loss": 0.6598347425460815,
  "classification_report": {
    "NORMAL": {
      "precision": 0.9,
      "recall": 0.07692307692307693,
      "f1_score": 0.14173213838442528,
      "specificity": 0.9948717948717949,
      "TP": 18,
      "TN": 388,
      "FP": 2,
      "FN": 216
    },
    "PNEUMONIA": {
      "precision": 0.6423841059602649,
      "recall": 0.9948717948717949,
      "f1_score": 0.7806836278033267,
      "specificity": 0.07692307692307693,
      "TP": 388,
      "TN": 18,
      "FP": 216,
      "FN": 2
    },
    "macro_avg": {
      "precision": 0.7711920529801324,
      "recall": 0.5358974358974359,
      "f1_score": 0.46120788309387595
    },
    "accuracy": 0.6506410256410257
  }
}