{
  "confusion_matrix": [
    [
      228,
      6
    ],
    [
      351,
      39
    ]
  ],
  "total_samples": 624,
  "correct_predictions": 267,
  "accuracy": 0.42788461538461536,
  "loss": 0.7731660444002885,
  "classification_report": {
    "NORMAL": {
      "precision": 0.39378238341968913,
      "recall": 0.9743589743589743,
      "f1_score": 0.5608851988946503,
      "specificity": 0.1,
      "TP": 228,
      "TN": 39,
      "FP": 351,
      "FN": 6
    },
    "PNEUMONIA": {
      "precision": 0.8666666666666667,
      "recall": 0.1,
      "f1_score": 0.17931015933431793,
      "specificity": 0.9743589743589743,
      "TP": 39,
      "TN": 228,
      "FP": 6,
      "FN": 351
    },
    "macro_avg": {
      "precision": 0.6302245250431779,
      "recall": 0.5371794871794872,
      "f1_score": 0.3700976791144841
    },
    "accuracy": 0.42788461538461536
  },
  "test_config": {
    "model_path": "results/mobilenet/CXR8/layers_2/batch_size_32/epochs_500/timestamp_11122025_033051/",
    "cross_dataset_path": "../../datasets/chest_xray",
    "pretrained_model": "mobilenet",
    "batch_size": 32,
    "device": "cuda"
  }
}