{
  "confusion_matrix": [
    [
      2164,
      9909
    ],
    [
      18,
      268
    ]
  ],
  "total_samples": 12359,
  "correct_predictions": 2432,
  "accuracy": 0.19677967473096528,
  "loss": 3.750275800177769,
  "classification_report": {
    "NORMAL": {
      "precision": 0.9917506874427131,
      "recall": 0.17924293878903338,
      "f1_score": 0.30361250817233976,
      "specificity": 0.9370629370629371,
      "TP": 2164,
      "TN": 268,
      "FP": 18,
      "FN": 9909
    },
    "PNEUMONIA": {
      "precision": 0.026333890144443352,
      "recall": 0.9370629370629371,
      "f1_score": 0.05122808407109469,
      "specificity": 0.17924293878903338,
      "TP": 268,
      "TN": 2164,
      "FP": 9909,
      "FN": 18
    },
    "macro_avg": {
      "precision": 0.5090422887935783,
      "recall": 0.5581529379259852,
      "f1_score": 0.17742029612171722
    },
    "accuracy": 0.19677967473096528
  },
  "test_config": {
    "model_path": "results/densenet/chest_xray/layers_None/batch_size_32/epochs_500/",
    "cross_dataset_path": "../../datasets/CXR8",
    "pretrained_model": "densenet",
    "batch_size": 32,
    "device": "cuda"
  }
}