{
  "confusion_matrix": [
    [
      1907,
      10166
    ],
    [
      13,
      273
    ]
  ],
  "total_samples": 12359,
  "correct_predictions": 2180,
  "accuracy": 0.17638967554009224,
  "loss": 5.66725990225152,
  "classification_report": {
    "NORMAL": {
      "precision": 0.9932291666666667,
      "recall": 0.15795576907148182,
      "f1_score": 0.27256461708675017,
      "specificity": 0.9545454545454546,
      "TP": 1907,
      "TN": 273,
      "FP": 13,
      "FN": 10166
    },
    "PNEUMONIA": {
      "precision": 0.026151930261519303,
      "recall": 0.9545454545454546,
      "f1_score": 0.05090903899803273,
      "specificity": 0.15795576907148182,
      "TP": 273,
      "TN": 1907,
      "FP": 10166,
      "FN": 13
    },
    "macro_avg": {
      "precision": 0.509690548464093,
      "recall": 0.5562506118084682,
      "f1_score": 0.16173682804239145
    },
    "accuracy": 0.17638967554009224
  },
  "test_config": {
    "model_path": "results/densenet/chest_xray/layers_None/batch_size_32/epochs_500/",
    "cross_dataset_path": "../../datasets/CXR8",
    "pretrained_model": "densenet",
    "batch_size": 32,
    "device": "cuda"
  }
}