{
  "confusion_matrix": [
    [
      2336,
      9737
    ],
    [
      20,
      266
    ]
  ],
  "total_samples": 12359,
  "correct_predictions": 2602,
  "accuracy": 0.2105348329152844,
  "loss": 2.871879802532244,
  "classification_report": {
    "NORMAL": {
      "precision": 0.9915110356536503,
      "recall": 0.1934896049035037,
      "f1_score": 0.3237920893609692,
      "specificity": 0.9300699300699301,
      "TP": 2336,
      "TN": 266,
      "FP": 20,
      "FN": 9737
    },
    "PNEUMONIA": {
      "precision": 0.026592022393282014,
      "recall": 0.9300699300699301,
      "f1_score": 0.05170565107398969,
      "specificity": 0.1934896049035037,
      "TP": 266,
      "TN": 2336,
      "FP": 9737,
      "FN": 20
    },
    "macro_avg": {
      "precision": 0.5090515290234662,
      "recall": 0.5617797674867169,
      "f1_score": 0.18774887021747944
    },
    "accuracy": 0.2105348329152844
  },
  "test_config": {
    "model_path": "results/densenet/chest_xray/layers_None/batch_size_32/epochs_500/",
    "cross_dataset_path": "../../datasets/CXR8",
    "pretrained_model": "densenet",
    "batch_size": 32,
    "device": "cuda"
  }
}