{
  "confusion_matrix": [
    [
      2329,
      9744
    ],
    [
      18,
      268
    ]
  ],
  "total_samples": 12359,
  "correct_predictions": 2597,
  "accuracy": 0.210130269439275,
  "loss": 3.1172521932098665,
  "classification_report": {
    "NORMAL": {
      "precision": 0.9923306348530039,
      "recall": 0.1929097987244264,
      "f1_score": 0.3230233058251745,
      "specificity": 0.9370629370629371,
      "TP": 2329,
      "TN": 268,
      "FP": 18,
      "FN": 9744
    },
    "PNEUMONIA": {
      "precision": 0.026767878545745107,
      "recall": 0.9370629370629371,
      "f1_score": 0.05204888753994757,
      "specificity": 0.1929097987244264,
      "TP": 268,
      "TN": 2329,
      "FP": 9744,
      "FN": 18
    },
    "macro_avg": {
      "precision": 0.5095492566993745,
      "recall": 0.5649863678936817,
      "f1_score": 0.18753609668256105
    },
    "accuracy": 0.210130269439275
  },
  "test_config": {
    "model_path": "results/densenet/chest_xray/layers_None/batch_size_32/epochs_500/",
    "cross_dataset_path": "../../datasets/CXR8",
    "pretrained_model": "densenet",
    "batch_size": 32,
    "device": "cuda"
  }
}