{
  "confusion_matrix": [
    [
      158,
      76
    ],
    [
      15,
      375
    ]
  ],
  "total_samples": 624,
  "correct_predictions": 533,
  "accuracy": 0.8541666666666666,
  "loss": 0.5377333679069312,
  "classification_report": {
    "NORMAL": {
      "precision": 0.9132947976878613,
      "recall": 0.6752136752136753,
      "f1_score": 0.7764122876446642,
      "specificity": 0.9615384615384616,
      "TP": 158,
      "TN": 375,
      "FP": 15,
      "FN": 76
    },
    "PNEUMONIA": {
      "precision": 0.8314855875831486,
      "recall": 0.9615384615384616,
      "f1_score": 0.8917949842003337,
      "specificity": 0.6752136752136753,
      "TP": 375,
      "TN": 158,
      "FP": 76,
      "FN": 15
    },
    "macro_avg": {
      "precision": 0.8723901926355049,
      "recall": 0.8183760683760684,
      "f1_score": 0.8341036359224989
    },
    "accuracy": 0.8541666666666666
  },
  "test_config": {
    "model_path": "results/densenet/chest_xray/layers_None/batch_size_32/epochs_500/",
    "cross_dataset_path": "../../datasets/chest_xray",
    "pretrained_model": "densenet",
    "batch_size": 32,
    "device": "cuda"
  }
}