{
  "confusion_matrix": [
    [
      169,
      65
    ],
    [
      23,
      367
    ]
  ],
  "total_samples": 624,
  "correct_predictions": 536,
  "accuracy": 0.8589743589743589,
  "loss": 0.3550157566101123,
  "classification_report": {
    "NORMAL": {
      "precision": 0.8802083333333334,
      "recall": 0.7222222222222222,
      "f1_score": 0.7934267349074041,
      "specificity": 0.941025641025641,
      "TP": 169,
      "TN": 367,
      "FP": 23,
      "FN": 65
    },
    "PNEUMONIA": {
      "precision": 0.8495370370370371,
      "recall": 0.941025641025641,
      "f1_score": 0.8929435402350628,
      "specificity": 0.7222222222222222,
      "TP": 367,
      "TN": 169,
      "FP": 65,
      "FN": 23
    },
    "macro_avg": {
      "precision": 0.8648726851851852,
      "recall": 0.8316239316239316,
      "f1_score": 0.8431851375712335
    },
    "accuracy": 0.8589743589743589
  },
  "test_config": {
    "model_path": "results/densenet/chest_xray/layers_None/batch_size_32/epochs_500/",
    "cross_dataset_path": "../../datasets/chest_xray",
    "pretrained_model": "densenet",
    "batch_size": 32,
    "device": "cuda"
  }
}