{
  "confusion_matrix": [
    [
      171,
      63
    ],
    [
      20,
      370
    ]
  ],
  "total_samples": 624,
  "correct_predictions": 541,
  "accuracy": 0.8669871794871795,
  "loss": 0.35365342463438326,
  "classification_report": {
    "NORMAL": {
      "precision": 0.8952879581151832,
      "recall": 0.7307692307692307,
      "f1_score": 0.8047053874715846,
      "specificity": 0.9487179487179487,
      "TP": 171,
      "TN": 370,
      "FP": 20,
      "FN": 63
    },
    "PNEUMONIA": {
      "precision": 0.8545034642032333,
      "recall": 0.9487179487179487,
      "f1_score": 0.8991489545851239,
      "specificity": 0.7307692307692307,
      "TP": 370,
      "TN": 171,
      "FP": 63,
      "FN": 20
    },
    "macro_avg": {
      "precision": 0.8748957111592083,
      "recall": 0.8397435897435896,
      "f1_score": 0.8519271710283542
    },
    "accuracy": 0.8669871794871795
  },
  "test_config": {
    "model_path": "results/densenet/chest_xray/layers_None/batch_size_32/epochs_500/",
    "cross_dataset_path": "../../datasets/chest_xray",
    "pretrained_model": "densenet",
    "batch_size": 32,
    "device": "cuda"
  }
}