{
  "confusion_matrix": [
    [
      165,
      69
    ],
    [
      18,
      372
    ]
  ],
  "total_samples": 624,
  "correct_predictions": 537,
  "accuracy": 0.8605769230769231,
  "loss": 0.4009349176134819,
  "classification_report": {
    "NORMAL": {
      "precision": 0.9016393442622951,
      "recall": 0.7051282051282052,
      "f1_score": 0.7913664139540357,
      "specificity": 0.9538461538461539,
      "TP": 165,
      "TN": 372,
      "FP": 18,
      "FN": 69
    },
    "PNEUMONIA": {
      "precision": 0.8435374149659864,
      "recall": 0.9538461538461539,
      "f1_score": 0.8953063610893047,
      "specificity": 0.7051282051282052,
      "TP": 372,
      "TN": 165,
      "FP": 69,
      "FN": 18
    },
    "macro_avg": {
      "precision": 0.8725883796141407,
      "recall": 0.8294871794871795,
      "f1_score": 0.8433363875216702
    },
    "accuracy": 0.8605769230769231
  },
  "test_config": {
    "model_path": "results/densenet/chest_xray/layers_None/batch_size_32/epochs_500/",
    "cross_dataset_path": "../../datasets/chest_xray",
    "pretrained_model": "densenet",
    "batch_size": 32,
    "device": "cuda"
  }
}