{
  "confusion_matrix": [
    [
      147,
      87
    ],
    [
      3,
      387
    ]
  ],
  "total_samples": 624,
  "correct_predictions": 534,
  "accuracy": 0.8557692307692307,
  "loss": 0.6289463128285626,
  "classification_report": {
    "NORMAL": {
      "precision": 0.98,
      "recall": 0.6282051282051282,
      "f1_score": 0.7656245239260773,
      "specificity": 0.9923076923076923,
      "TP": 147,
      "TN": 387,
      "FP": 3,
      "FN": 87
    },
    "PNEUMONIA": {
      "precision": 0.8164556962025317,
      "recall": 0.9923076923076923,
      "f1_score": 0.8958328380596875,
      "specificity": 0.6282051282051282,
      "TP": 387,
      "TN": 147,
      "FP": 87,
      "FN": 3
    },
    "macro_avg": {
      "precision": 0.8982278481012658,
      "recall": 0.8102564102564103,
      "f1_score": 0.8307286809928824
    },
    "accuracy": 0.8557692307692307
  },
  "test_config": {
    "model_path": "results/resnet/chest_xray/layers_2/batch_size_32/epochs_500/timestamp_11122025_022317/",
    "cross_dataset_path": "../../datasets/chest_xray",
    "pretrained_model": "resnet",
    "batch_size": 32,
    "device": "cuda"
  }
}