{
  "confusion_matrix": [
    [
      12023,
      50
    ],
    [
      279,
      7
    ]
  ],
  "total_samples": 12359,
  "correct_predictions": 12030,
  "accuracy": 0.9733797232785825,
  "loss": 0.17614500806833636,
  "classification_report": {
    "NORMAL": {
      "precision": 0.977320760851894,
      "recall": 0.9958585272923052,
      "f1_score": 0.9865020641469493,
      "specificity": 0.024475524475524476,
      "TP": 12023,
      "TN": 7,
      "FP": 279,
      "FN": 50
    },
    "PNEUMONIA": {
      "precision": 0.12280701754385964,
      "recall": 0.024475524475524476,
      "f1_score": 0.04081604940306648,
      "specificity": 0.9958585272923052,
      "TP": 7,
      "TN": 12023,
      "FP": 50,
      "FN": 279
    },
    "macro_avg": {
      "precision": 0.5500638891978769,
      "recall": 0.5101670258839148,
      "f1_score": 0.5136590567750079
    },
    "accuracy": 0.9733797232785825
  }
}