{
  "confusion_matrix": [
    [
      109,
      125
    ],
    [
      3,
      387
    ]
  ],
  "total_samples": 624,
  "correct_predictions": 496,
  "accuracy": 0.7948717948717948,
  "loss": 1.5363040361993718,
  "classification_report": {
    "NORMAL": {
      "precision": 0.9732142857142857,
      "recall": 0.4658119658119658,
      "f1_score": 0.6300573656323,
      "specificity": 0.9923076923076923,
      "TP": 109,
      "TN": 387,
      "FP": 3,
      "FN": 125
    },
    "PNEUMONIA": {
      "precision": 0.755859375,
      "recall": 0.9923076923076923,
      "f1_score": 0.8580926355330462,
      "specificity": 0.4658119658119658,
      "TP": 387,
      "TN": 109,
      "FP": 125,
      "FN": 3
    },
    "macro_avg": {
      "precision": 0.8645368303571428,
      "recall": 0.7290598290598291,
      "f1_score": 0.7440750005826731
    },
    "accuracy": 0.7948717948717948
  }
}