{
  "confusion_matrix": [
    [
      3624,
      511
    ],
    [
      652,
      1123
    ]
  ],
  "total_samples": 5910,
  "correct_predictions": 4747,
  "accuracy": 0.8032148900169205,
  "loss": 1.0469852735800589,
  "classification_report": {
    "NORMAL": {
      "precision": 0.8475210477081384,
      "recall": 0.8764207980652963,
      "f1_score": 0.8617281887628443,
      "specificity": 0.6326760563380281,
      "TP": 3624,
      "TN": 1123,
      "FP": 652,
      "FN": 511
    },
    "PNEUMONIA": {
      "precision": 0.6872705018359853,
      "recall": 0.6326760563380281,
      "f1_score": 0.6588437367020378,
      "specificity": 0.8764207980652963,
      "TP": 1123,
      "TN": 3624,
      "FP": 511,
      "FN": 652
    },
    "macro_avg": {
      "precision": 0.7673957747720619,
      "recall": 0.7545484272016623,
      "f1_score": 0.760285962732441
    },
    "accuracy": 0.8032148900169205
  }
}