{
  "confusion_matrix": [
    [
      1042,
      3093
    ],
    [
      69,
      1706
    ]
  ],
  "total_samples": 5910,
  "correct_predictions": 2748,
  "accuracy": 0.4649746192893401,
  "loss": 2.507003537425535,
  "classification_report": {
    "NORMAL": {
      "precision": 0.9378937893789379,
      "recall": 0.25199516324062876,
      "f1_score": 0.39725471760913644,
      "specificity": 0.9611267605633803,
      "TP": 1042,
      "TN": 1706,
      "FP": 69,
      "FN": 3093
    },
    "PNEUMONIA": {
      "precision": 0.3554907272348406,
      "recall": 0.9611267605633803,
      "f1_score": 0.5190139045501626,
      "specificity": 0.25199516324062876,
      "TP": 1706,
      "TN": 1042,
      "FP": 3093,
      "FN": 69
    },
    "macro_avg": {
      "precision": 0.6466922583068893,
      "recall": 0.6065609619020045,
      "f1_score": 0.4581343110796495
    },
    "accuracy": 0.4649746192893401
  },
  "test_config": {
    "model_path": "results/resnet/chest_xray/layers_2/batch_size_32/epochs_500/timestamp_11122025_022317/",
    "cross_dataset_path": "../../datasets/rsna",
    "pretrained_model": "resnet",
    "batch_size": 32,
    "device": "cuda"
  }
}