{
  "confusion_matrix": [
    [
      208,
      26
    ],
    [
      26,
      364
    ]
  ],
  "total_samples": 624,
  "correct_predictions": 572,
  "accuracy": 0.9166666666666666,
  "loss": 0.24231609816734606,
  "classification_report": {
    "NORMAL": {
      "precision": 0.8888888888888888,
      "recall": 0.8888888888888888,
      "f1_score": 0.8888883888891702,
      "specificity": 0.9333333333333333,
      "TP": 208,
      "TN": 364,
      "FP": 26,
      "FN": 26
    },
    "PNEUMONIA": {
      "precision": 0.9333333333333333,
      "recall": 0.9333333333333333,
      "f1_score": 0.9333328333336013,
      "specificity": 0.8888888888888888,
      "TP": 364,
      "TN": 208,
      "FP": 26,
      "FN": 26
    },
    "macro_avg": {
      "precision": 0.9111111111111111,
      "recall": 0.9111111111111111,
      "f1_score": 0.9111106111113858
    },
    "accuracy": 0.9166666666666666
  },
  "test_config": {
    "model_path": "results/resnet/chest_xray/layers_None/batch_size_32/epochs_1/",
    "cross_dataset_path": "../../datasets/chest_xray",
    "pretrained_model": "resnet",
    "batch_size": 32,
    "device": "cuda"
  }
}