{
  "confusion_matrix": [
    [
      215,
      19
    ],
    [
      235,
      155
    ]
  ],
  "total_samples": 624,
  "correct_predictions": 370,
  "accuracy": 0.592948717948718,
  "loss": 0.7491783163486383,
  "classification_report": {
    "NORMAL": {
      "precision": 0.4777777777777778,
      "recall": 0.9188034188034188,
      "f1_score": 0.6286545206220522,
      "specificity": 0.3974358974358974,
      "TP": 215,
      "TN": 155,
      "FP": 235,
      "FN": 19
    },
    "PNEUMONIA": {
      "precision": 0.8908045977011494,
      "recall": 0.3974358974358974,
      "f1_score": 0.5496449634076045,
      "specificity": 0.9188034188034188,
      "TP": 155,
      "TN": 215,
      "FP": 19,
      "FN": 235
    },
    "macro_avg": {
      "precision": 0.6842911877394636,
      "recall": 0.6581196581196581,
      "f1_score": 0.5891497420148284
    },
    "accuracy": 0.592948717948718
  },
  "test_config": {
    "model_path": "results/resnet/rsna/layers_2/batch_size_32/epochs_500/timestamp_11122025_115832/",
    "cross_dataset_path": "../../datasets/chest_xray",
    "pretrained_model": "resnet",
    "batch_size": 32,
    "device": "cuda"
  }
}