{
  "confusion_matrix": [
    [
      10436,
      1637
    ],
    [
      132,
      154
    ]
  ],
  "total_samples": 12359,
  "correct_predictions": 10590,
  "accuracy": 0.8568654421878793,
  "loss": 0.333021781296599,
  "classification_report": {
    "NORMAL": {
      "precision": 0.9875094625283876,
      "recall": 0.8644081835500704,
      "f1_score": 0.9218669108929161,
      "specificity": 0.5384615384615384,
      "TP": 10436,
      "TN": 154,
      "FP": 132,
      "FN": 1637
    },
    "PNEUMONIA": {
      "precision": 0.08598548297040759,
      "recall": 0.5384615384615384,
      "f1_score": 0.1482905665692784,
      "specificity": 0.8644081835500704,
      "TP": 154,
      "TN": 10436,
      "FP": 1637,
      "FN": 132
    },
    "macro_avg": {
      "precision": 0.5367474727493976,
      "recall": 0.7014348610058044,
      "f1_score": 0.5350787387310972
    },
    "accuracy": 0.8568654421878793
  },
  "test_config": {
    "model_path": "results/resnet/rsna/layers_2/batch_size_32/epochs_500/timestamp_11122025_115832/",
    "cross_dataset_path": "../../datasets/CXR8",
    "pretrained_model": "resnet",
    "batch_size": 32,
    "device": "cuda"
  }
}