{
  "confusion_matrix": [
    [
      200,
      34
    ],
    [
      25,
      365
    ]
  ],
  "total_samples": 624,
  "correct_predictions": 565,
  "accuracy": 0.905448717948718,
  "loss": 0.25265644376094526,
  "classification_report": {
    "NORMAL": {
      "precision": 0.8888888888888888,
      "recall": 0.8547008547008547,
      "f1_score": 0.8714591951816272,
      "specificity": 0.9358974358974359,
      "TP": 200,
      "TN": 365,
      "FP": 25,
      "FN": 34
    },
    "PNEUMONIA": {
      "precision": 0.9147869674185464,
      "recall": 0.9358974358974359,
      "f1_score": 0.9252212998118429,
      "specificity": 0.8547008547008547,
      "TP": 365,
      "TN": 200,
      "FP": 34,
      "FN": 25
    },
    "macro_avg": {
      "precision": 0.9018379281537177,
      "recall": 0.8952991452991452,
      "f1_score": 0.898340247496735
    },
    "accuracy": 0.905448717948718
  },
  "test_config": {
    "model_path": "results/resnet/chest_xray/layers_None/batch_size_32/epochs_10/timestamp_11122025_084654/",
    "cross_dataset_path": "../../datasets/chest_xray",
    "pretrained_model": "resnet",
    "batch_size": 32,
    "device": "cuda"
  }
}