{
  "confusion_matrix": [
    [
      151,
      83
    ],
    [
      255,
      135
    ]
  ],
  "total_samples": 624,
  "correct_predictions": 286,
  "accuracy": 0.4583333333333333,
  "loss": 0.7178060015042623,
  "classification_report": {
    "NORMAL": {
      "precision": 0.37192118226600984,
      "recall": 0.6452991452991453,
      "f1_score": 0.47187499999999993,
      "specificity": 0.34615384615384615,
      "TP": 151,
      "TN": 135,
      "FP": 255,
      "FN": 83
    },
    "PNEUMONIA": {
      "precision": 0.6192660550458715,
      "recall": 0.34615384615384615,
      "f1_score": 0.444078947368421,
      "specificity": 0.6452991452991453,
      "TP": 135,
      "TN": 151,
      "FP": 83,
      "FN": 255
    },
    "macro_avg": {
      "precision": 0.49559361865594065,
      "recall": 0.49572649572649574,
      "f1_score": 0.4579769736842105
    },
    "accuracy": 0.4583333333333333
  },
  "test_config": {
    "model_path": "results/densenet/CXR8/layers_5/batch_size_32/loss_cross_entropy/sampler_weighted/epochs_100/",
    "cross_dataset_path": "../../datasets/chest_xray",
    "pretrained_model": "densenet",
    "batch_size": 32,
    "device": "cuda"
  }
}