{
  "confusion_matrix": [
    [
      7401,
      4672
    ],
    [
      56,
      230
    ]
  ],
  "total_samples": 12359,
  "correct_predictions": 7631,
  "accuracy": 0.6174447770855247,
  "loss": 0.6714714726532477,
  "classification_report": {
    "NORMAL": {
      "precision": 0.9924902775915247,
      "recall": 0.6130207901929926,
      "f1_score": 0.7579109062980031,
      "specificity": 0.8041958041958042,
      "TP": 7401,
      "TN": 230,
      "FP": 56,
      "FN": 4672
    },
    "PNEUMONIA": {
      "precision": 0.04691962464300286,
      "recall": 0.8041958041958042,
      "f1_score": 0.08866615265998459,
      "specificity": 0.6130207901929926,
      "TP": 230,
      "TN": 7401,
      "FP": 4672,
      "FN": 56
    },
    "macro_avg": {
      "precision": 0.5197049511172638,
      "recall": 0.7086082971943983,
      "f1_score": 0.4232885294789938
    },
    "accuracy": 0.6174447770855247
  },
  "test_config": {
    "model_path": "results/densenet/CXR8/layers_5/batch_size_32/loss_cross_entropy/sampler_weighted/epochs_100/",
    "cross_dataset_path": "../../datasets/CXR8",
    "pretrained_model": "densenet",
    "batch_size": 32,
    "device": "cuda"
  }
}