{
  "confusion_matrix": [
    [
      360,
      11713
    ],
    [
      3,
      283
    ]
  ],
  "total_samples": 12359,
  "correct_predictions": 643,
  "accuracy": 0.05202686301480702,
  "loss": 2159.9103964521273,
  "classification_report": {
    "NORMAL": {
      "precision": 0.9917355371900827,
      "recall": 0.029818603495402964,
      "f1_score": 0.05789642972016726,
      "specificity": 0.9895104895104895,
      "TP": 360,
      "TN": 283,
      "FP": 3,
      "FN": 11713
    },
    "PNEUMONIA": {
      "precision": 0.023591197065688563,
      "recall": 0.9895104895104895,
      "f1_score": 0.04608369972317213,
      "specificity": 0.029818603495402964,
      "TP": 283,
      "TN": 360,
      "FP": 11713,
      "FN": 3
    },
    "macro_avg": {
      "precision": 0.5076633671278856,
      "recall": 0.5096645465029462,
      "f1_score": 0.0519900647216697
    },
    "accuracy": 0.05202686301480702
  },
  "test_config": {
    "model_path": "results/efficientnet/chest_xray/layers_5/batch_size_32/epochs_100/model.pt",
    "cross_dataset_path": "../../datasets/CXR8",
    "pretrained_model": "efficientnet",
    "batch_size": 32,
    "device": "cuda"
  }
}