{
  "confusion_matrix": [
    [
      135,
      99
    ],
    [
      9,
      381
    ]
  ],
  "total_samples": 624,
  "correct_predictions": 516,
  "accuracy": 0.8269230769230769,
  "loss": 0.40634484932972836,
  "classification_report": {
    "NORMAL": {
      "precision": 0.9375,
      "recall": 0.5769230769230769,
      "f1_score": 0.7142857142857143,
      "specificity": 0.9769230769230769,
      "TP": 135,
      "TN": 381,
      "FP": 9,
      "FN": 99
    },
    "PNEUMONIA": {
      "precision": 0.79375,
      "recall": 0.9769230769230769,
      "f1_score": 0.8758620689655173,
      "specificity": 0.5769230769230769,
      "TP": 381,
      "TN": 135,
      "FP": 99,
      "FN": 9
    },
    "macro_avg": {
      "precision": 0.865625,
      "recall": 0.7769230769230768,
      "f1_score": 0.7950738916256158
    },
    "accuracy": 0.8269230769230769
  },
  "test_config": {
    "model_path": "results/efficientnet/chest_xray/layers_5/batch_size_32/epochs_100/model.pt",
    "cross_dataset_path": "../../datasets/chest_xray",
    "pretrained_model": "efficientnet",
    "batch_size": 32,
    "device": "cuda"
  }
}