{
  "confusion_matrix": [
    [
      230,
      4
    ],
    [
      362,
      28
    ]
  ],
  "total_samples": 624,
  "correct_predictions": 258,
  "accuracy": 0.41346153846153844,
  "loss": 0.7439982172770377,
  "classification_report": {
    "NORMAL": {
      "precision": 0.3885135135135135,
      "recall": 0.9829059829059829,
      "f1_score": 0.5569003203164146,
      "specificity": 0.07179487179487179,
      "TP": 230,
      "TN": 28,
      "FP": 362,
      "FN": 4
    },
    "PNEUMONIA": {
      "precision": 0.875,
      "recall": 0.07179487179487179,
      "f1_score": 0.13270128164251904,
      "specificity": 0.9829059829059829,
      "TP": 28,
      "TN": 230,
      "FP": 4,
      "FN": 362
    },
    "macro_avg": {
      "precision": 0.6317567567567568,
      "recall": 0.5273504273504274,
      "f1_score": 0.3448008009794668
    },
    "accuracy": 0.41346153846153844
  },
  "test_config": {
    "model_path": "results/mobilenet/CXR8/layers_None/batch_size_32/epochs_500/timestamp_11122025_030647/",
    "cross_dataset_path": "../../datasets/chest_xray",
    "pretrained_model": "mobilenet",
    "batch_size": 32,
    "device": "cuda"
  }
}