{
  "confusion_matrix": [
    [
      158,
      76
    ],
    [
      203,
      187
    ]
  ],
  "total_samples": 624,
  "correct_predictions": 345,
  "accuracy": 0.5528846153846154,
  "loss": 0.6849604035035158,
  "classification_report": {
    "NORMAL": {
      "precision": 0.4376731301939058,
      "recall": 0.6752136752136753,
      "f1_score": 0.5310924369747899,
      "specificity": 0.4794871794871795,
      "TP": 158,
      "TN": 187,
      "FP": 203,
      "FN": 76
    },
    "PNEUMONIA": {
      "precision": 0.7110266159695817,
      "recall": 0.4794871794871795,
      "f1_score": 0.5727411944869831,
      "specificity": 0.6752136752136753,
      "TP": 187,
      "TN": 158,
      "FP": 76,
      "FN": 203
    },
    "macro_avg": {
      "precision": 0.5743498730817438,
      "recall": 0.5773504273504274,
      "f1_score": 0.5519168157308865
    },
    "accuracy": 0.5528846153846154
  },
  "test_config": {
    "model_path": "results/resnet/CXR8/layers_None/batch_size_64/loss_cross_entropy/sampler_balanced/epochs_500/",
    "cross_dataset_path": "../../datasets/chest_xray",
    "pretrained_model": "resnet",
    "batch_size": 64,
    "device": "cuda"
  }
}