{
  "confusion_matrix": [
    [
      8288,
      3785
    ],
    [
      73,
      213
    ]
  ],
  "total_samples": 12359,
  "correct_predictions": 8501,
  "accuracy": 0.6878388219111579,
  "loss": 0.5990418535127099,
  "classification_report": {
    "NORMAL": {
      "precision": 0.9912689869632819,
      "recall": 0.6864905160274993,
      "f1_score": 0.8111970245668982,
      "specificity": 0.7447552447552448,
      "TP": 8288,
      "TN": 213,
      "FP": 73,
      "FN": 3785
    },
    "PNEUMONIA": {
      "precision": 0.05327663831915958,
      "recall": 0.7447552447552448,
      "f1_score": 0.09943977591036414,
      "specificity": 0.6864905160274993,
      "TP": 213,
      "TN": 8288,
      "FP": 3785,
      "FN": 73
    },
    "macro_avg": {
      "precision": 0.5222728126412207,
      "recall": 0.715622880391372,
      "f1_score": 0.4553184002386312
    },
    "accuracy": 0.6878388219111579
  },
  "test_config": {
    "model_path": "results/resnet/CXR8/layers_None/batch_size_64/loss_cross_entropy/sampler_balanced/epochs_500/",
    "cross_dataset_path": "../../datasets/CXR8",
    "pretrained_model": "resnet",
    "batch_size": 64,
    "device": "cuda"
  }
}