{
  "confusion_matrix": [
    [
      7863,
      4210
    ],
    [
      68,
      218
    ]
  ],
  "total_samples": 12359,
  "correct_predictions": 8081,
  "accuracy": 0.6538554899263694,
  "loss": 0.9567146100738653,
  "classification_report": {
    "NORMAL": {
      "precision": 0.9914260496784769,
      "recall": 0.6512879980120931,
      "f1_score": 0.786142771445711,
      "specificity": 0.7622377622377622,
      "TP": 7863,
      "TN": 218,
      "FP": 68,
      "FN": 4210
    },
    "PNEUMONIA": {
      "precision": 0.04923215898825655,
      "recall": 0.7622377622377622,
      "f1_score": 0.09249045396690708,
      "specificity": 0.6512879980120931,
      "TP": 218,
      "TN": 7863,
      "FP": 4210,
      "FN": 68
    },
    "macro_avg": {
      "precision": 0.5203291043333668,
      "recall": 0.7067628801249277,
      "f1_score": 0.43931661270630906
    },
    "accuracy": 0.6538554899263694
  },
  "test_config": {
    "model_path": "results/resnet/CXR8/layers_5/batch_size_16/epochs_10/model.pt",
    "cross_dataset_path": "../../datasets/CXR8",
    "pretrained_model": "resnet",
    "batch_size": 16,
    "device": "cuda"
  }
}