{
  "confusion_matrix": [
    [
      99,
      135
    ],
    [
      91,
      299
    ]
  ],
  "total_samples": 624,
  "correct_predictions": 398,
  "accuracy": 0.6378205128205128,
  "loss": 0.6216213275224735,
  "classification_report": {
    "NORMAL": {
      "precision": 0.5210526315789473,
      "recall": 0.4230769230769231,
      "f1_score": 0.466980637460474,
      "specificity": 0.7666666666666667,
      "TP": 99,
      "TN": 299,
      "FP": 91,
      "FN": 135
    },
    "PNEUMONIA": {
      "precision": 0.6889400921658986,
      "recall": 0.7666666666666667,
      "f1_score": 0.7257276567658248,
      "specificity": 0.4230769230769231,
      "TP": 299,
      "TN": 99,
      "FP": 135,
      "FN": 91
    },
    "macro_avg": {
      "precision": 0.604996361872423,
      "recall": 0.5948717948717949,
      "f1_score": 0.5963541471131495
    },
    "accuracy": 0.6378205128205128
  },
  "test_config": {
    "model_path": "results/densenet/CXR8/layers_None/batch_size_32/epochs_500/timestamp_11122025_025838/",
    "cross_dataset_path": "../../datasets/chest_xray",
    "pretrained_model": "densenet",
    "batch_size": 32,
    "device": "cuda"
  }
}