{
  "confusion_matrix": [
    [
      1670,
      10403
    ],
    [
      15,
      271
    ]
  ],
  "total_samples": 12359,
  "correct_predictions": 1941,
  "accuracy": 0.1570515413868436,
  "loss": 2.818911671821754,
  "classification_report": {
    "NORMAL": {
      "precision": 0.9910979228486647,
      "recall": 0.1383251884370082,
      "f1_score": 0.2427678441633958,
      "specificity": 0.9475524475524476,
      "TP": 1670,
      "TN": 271,
      "FP": 15,
      "FN": 10403
    },
    "PNEUMONIA": {
      "precision": 0.02538879520329773,
      "recall": 0.9475524475524476,
      "f1_score": 0.04945255474452554,
      "specificity": 0.1383251884370082,
      "TP": 271,
      "TN": 1670,
      "FP": 10403,
      "FN": 15
    },
    "macro_avg": {
      "precision": 0.5082433590259812,
      "recall": 0.5429388179947279,
      "f1_score": 0.14611019945396067
    },
    "accuracy": 0.1570515413868436
  },
  "test_config": {
    "model_path": "results/resnet/chest_xray/layers_5/batch_size_64/loss_cross_entropy/sampler_balanced/epochs_500/",
    "cross_dataset_path": "../../datasets/CXR8",
    "pretrained_model": "resnet",
    "batch_size": 64,
    "device": "cuda"
  }
}