{
  "confusion_matrix": [
    [
      106,
      128
    ],
    [
      1,
      389
    ]
  ],
  "total_samples": 624,
  "correct_predictions": 495,
  "accuracy": 0.7932692307692307,
  "loss": 0.5539112906807508,
  "classification_report": {
    "NORMAL": {
      "precision": 0.9906542056074766,
      "recall": 0.452991452991453,
      "f1_score": 0.6217008797653959,
      "specificity": 0.9974358974358974,
      "TP": 106,
      "TN": 389,
      "FP": 1,
      "FN": 128
    },
    "PNEUMONIA": {
      "precision": 0.7524177949709865,
      "recall": 0.9974358974358974,
      "f1_score": 0.8577728776185226,
      "specificity": 0.452991452991453,
      "TP": 389,
      "TN": 106,
      "FP": 128,
      "FN": 1
    },
    "macro_avg": {
      "precision": 0.8715360002892316,
      "recall": 0.7252136752136752,
      "f1_score": 0.7397368786919593
    },
    "accuracy": 0.7932692307692307
  },
  "test_config": {
    "model_path": "results/resnet/chest_xray/layers_5/batch_size_64/loss_cross_entropy/sampler_balanced/epochs_500/",
    "cross_dataset_path": "../../datasets/chest_xray",
    "pretrained_model": "resnet",
    "batch_size": 64,
    "device": "cuda"
  }
}