{
  "confusion_matrix": [
    [
      178,
      56
    ],
    [
      269,
      121
    ]
  ],
  "total_samples": 624,
  "correct_predictions": 299,
  "accuracy": 0.4791666666666667,
  "loss": 0.7761289049417545,
  "classification_report": {
    "NORMAL": {
      "precision": 0.3982102908277405,
      "recall": 0.7606837606837606,
      "f1_score": 0.5227606461086637,
      "specificity": 0.31025641025641026,
      "TP": 178,
      "TN": 121,
      "FP": 269,
      "FN": 56
    },
    "PNEUMONIA": {
      "precision": 0.6836158192090396,
      "recall": 0.31025641025641026,
      "f1_score": 0.4268077601410935,
      "specificity": 0.7606837606837606,
      "TP": 121,
      "TN": 178,
      "FP": 56,
      "FN": 269
    },
    "macro_avg": {
      "precision": 0.54091305501839,
      "recall": 0.5354700854700855,
      "f1_score": 0.47478420312487857
    },
    "accuracy": 0.4791666666666667
  },
  "test_config": {
    "model_path": "results/resnet/CXR8/layers_2/batch_size_16/loss_cross_entropy/sampler_balanced/epochs_500/",
    "cross_dataset_path": "../../datasets/chest_xray",
    "pretrained_model": "resnet",
    "batch_size": 16,
    "device": "cuda"
  }
}