{
  "confusion_matrix": [
    [
      11875,
      198
    ],
    [
      253,
      33
    ]
  ],
  "total_samples": 12359,
  "correct_predictions": 11908,
  "accuracy": 0.9635083744639534,
  "loss": 0.17265367146362276,
  "classification_report": {
    "NORMAL": {
      "precision": 0.9791391820580475,
      "recall": 0.9835997680775284,
      "f1_score": 0.9813644064294863,
      "specificity": 0.11538461538461539,
      "TP": 11875,
      "TN": 33,
      "FP": 253,
      "FN": 198
    },
    "PNEUMONIA": {
      "precision": 0.14285714285714285,
      "recall": 0.11538461538461539,
      "f1_score": 0.12765957446808512,
      "specificity": 0.9835997680775284,
      "TP": 33,
      "TN": 11875,
      "FP": 198,
      "FN": 253
    },
    "macro_avg": {
      "precision": 0.5609981624575952,
      "recall": 0.5494921917310719,
      "f1_score": 0.5545119904487857
    },
    "accuracy": 0.9635083744639534
  },
  "test_config": {
    "model_path": "results/resnet/CXR8/layers_5/batch_size_32/epochs_10/model.pt",
    "cross_dataset_path": "../../datasets/CXR8",
    "pretrained_model": "resnet",
    "batch_size": 32,
    "device": "cuda"
  }
}