{
  "confusion_matrix": [
    [
      206,
      28
    ],
    [
      203,
      187
    ]
  ],
  "total_samples": 624,
  "correct_predictions": 393,
  "accuracy": 0.6298076923076923,
  "loss": 0.6603995424050552,
  "classification_report": {
    "NORMAL": {
      "precision": 0.5036674816625917,
      "recall": 0.8803418803418803,
      "f1_score": 0.6407460378139463,
      "specificity": 0.4794871794871795,
      "TP": 206,
      "TN": 187,
      "FP": 203,
      "FN": 28
    },
    "PNEUMONIA": {
      "precision": 0.8697674418604651,
      "recall": 0.4794871794871795,
      "f1_score": 0.618181360016732,
      "specificity": 0.8803418803418803,
      "TP": 187,
      "TN": 206,
      "FP": 28,
      "FN": 203
    },
    "macro_avg": {
      "precision": 0.6867174617615284,
      "recall": 0.6799145299145299,
      "f1_score": 0.6294636989153392
    },
    "accuracy": 0.6298076923076923
  },
  "test_config": {
    "model_path": "results/efficientnet/rsna/layers_2/batch_size_32/epochs_500/timestamp_11122025_012619/",
    "cross_dataset_path": "../../datasets/chest_xray",
    "pretrained_model": "efficientnet",
    "batch_size": 32,
    "device": "cuda"
  }
}