{
  "confusion_matrix": [
    [
      149,
      85
    ],
    [
      190,
      200
    ]
  ],
  "total_samples": 624,
  "correct_predictions": 349,
  "accuracy": 0.5592948717948718,
  "loss": 0.6780265172322592,
  "classification_report": {
    "NORMAL": {
      "precision": 0.43952802359882004,
      "recall": 0.6367521367521367,
      "f1_score": 0.5200698080279232,
      "specificity": 0.5128205128205128,
      "TP": 149,
      "TN": 200,
      "FP": 190,
      "FN": 85
    },
    "PNEUMONIA": {
      "precision": 0.7017543859649122,
      "recall": 0.5128205128205128,
      "f1_score": 0.5925925925925926,
      "specificity": 0.6367521367521367,
      "TP": 200,
      "TN": 149,
      "FP": 85,
      "FN": 190
    },
    "macro_avg": {
      "precision": 0.5706412047818661,
      "recall": 0.5747863247863247,
      "f1_score": 0.5563312003102578
    },
    "accuracy": 0.5592948717948718
  },
  "test_config": {
    "model_path": "results/resnet/CXR8/layers_2/batch_size_32/loss_cross_entropy/sampler_balanced/epochs_500/",
    "cross_dataset_path": "../../datasets/chest_xray",
    "pretrained_model": "resnet",
    "batch_size": 32,
    "device": "cuda"
  }
}