{
  "confusion_matrix": [
    [
      8513,
      3560
    ],
    [
      77,
      209
    ]
  ],
  "total_samples": 12359,
  "correct_predictions": 8722,
  "accuracy": 0.7057205275507727,
  "loss": 0.5711470809253117,
  "classification_report": {
    "NORMAL": {
      "precision": 0.9910360884749709,
      "recall": 0.7051271432121262,
      "f1_score": 0.8239849005468712,
      "specificity": 0.7307692307692307,
      "TP": 8513,
      "TN": 209,
      "FP": 77,
      "FN": 3560
    },
    "PNEUMONIA": {
      "precision": 0.055452374635181746,
      "recall": 0.7307692307692307,
      "f1_score": 0.1030826140567201,
      "specificity": 0.7051271432121262,
      "TP": 209,
      "TN": 8513,
      "FP": 3560,
      "FN": 77
    },
    "macro_avg": {
      "precision": 0.5232442315550764,
      "recall": 0.7179481869906785,
      "f1_score": 0.4635337573017957
    },
    "accuracy": 0.7057205275507727
  },
  "test_config": {
    "model_path": "results/mobilenet/CXR8/layers_5/batch_size_32/epochs_100/",
    "cross_dataset_path": "../../datasets/CXR8",
    "pretrained_model": "mobilenet",
    "batch_size": 32,
    "device": "cuda"
  }
}