{
  "confusion_matrix": [
    [
      0,
      12073
    ],
    [
      0,
      286
    ]
  ],
  "total_samples": 12359,
  "correct_predictions": 286,
  "accuracy": 0.023141030827736872,
  "loss": 3.1355039851933064,
  "classification_report": {
    "NORMAL": {
      "precision": 0.0,
      "recall": 0.0,
      "f1_score": 0.0,
      "specificity": 1.0,
      "TP": 0,
      "TN": 286,
      "FP": 0,
      "FN": 12073
    },
    "PNEUMONIA": {
      "precision": 0.023141030827736872,
      "recall": 1.0,
      "f1_score": 0.045235270858046656,
      "specificity": 0.0,
      "TP": 286,
      "TN": 0,
      "FP": 12073,
      "FN": 0
    },
    "macro_avg": {
      "precision": 0.011570515413868436,
      "recall": 0.5,
      "f1_score": 0.022617635429023328
    },
    "accuracy": 0.023141030827736872
  },
  "test_config": {
    "model_path": "results/mobilenet/CXR8/layers_5/batch_size_32/epochs_100/model.pt",
    "cross_dataset_path": "../../datasets/CXR8",
    "pretrained_model": "mobilenet",
    "batch_size": 32,
    "device": "cuda"
  }
}