{
  "confusion_matrix": [
    [
      213,
      21
    ],
    [
      344,
      46
    ]
  ],
  "total_samples": 624,
  "correct_predictions": 259,
  "accuracy": 0.4150641025641026,
  "loss": 0.9665301999984643,
  "classification_report": {
    "NORMAL": {
      "precision": 0.38240574506283664,
      "recall": 0.9102564102564102,
      "f1_score": 0.538558786346397,
      "specificity": 0.11794871794871795,
      "TP": 213,
      "TN": 46,
      "FP": 344,
      "FN": 21
    },
    "PNEUMONIA": {
      "precision": 0.6865671641791045,
      "recall": 0.11794871794871795,
      "f1_score": 0.20131291028446388,
      "specificity": 0.9102564102564102,
      "TP": 46,
      "TN": 213,
      "FP": 21,
      "FN": 344
    },
    "macro_avg": {
      "precision": 0.5344864546209706,
      "recall": 0.514102564102564,
      "f1_score": 0.3699358483154304
    },
    "accuracy": 0.4150641025641026
  },
  "test_config": {
    "model_path": "results/densenet/CXR8/layers_5/batch_size_64/loss_cross_entropy/sampler_balanced/epochs_500/",
    "cross_dataset_path": "../../datasets/chest_xray",
    "pretrained_model": "densenet",
    "batch_size": 64,
    "device": "cuda"
  }
}