{
  "confusion_matrix": [
    [
      127,
      107
    ],
    [
      9,
      381
    ]
  ],
  "total_samples": 624,
  "correct_predictions": 508,
  "accuracy": 0.8141025641025641,
  "loss": 0.5308319760056642,
  "classification_report": {
    "NORMAL": {
      "precision": 0.9338235294117647,
      "recall": 0.5427350427350427,
      "f1_score": 0.6864860215634997,
      "specificity": 0.9769230769230769,
      "TP": 127,
      "TN": 381,
      "FP": 9,
      "FN": 107
    },
    "PNEUMONIA": {
      "precision": 0.7807377049180327,
      "recall": 0.9769230769230769,
      "f1_score": 0.8678810552044363,
      "specificity": 0.5427350427350427,
      "TP": 381,
      "TN": 127,
      "FP": 107,
      "FN": 9
    },
    "macro_avg": {
      "precision": 0.8572806171648988,
      "recall": 0.7598290598290598,
      "f1_score": 0.777183538383968
    },
    "accuracy": 0.8141025641025641
  },
  "test_config": {
    "model_path": "results/mobilenet/chest_xray/layers_5/batch_size_32/epochs_500/timestamp_11122025_024755/",
    "cross_dataset_path": "../../datasets/chest_xray",
    "pretrained_model": "mobilenet",
    "batch_size": 32,
    "device": "cuda"
  }
}