{
  "confusion_matrix": [
    [
      95,
      139
    ],
    [
      4,
      386
    ]
  ],
  "total_samples": 624,
  "correct_predictions": 481,
  "accuracy": 0.7708333333333334,
  "loss": 0.8767880450886412,
  "classification_report": {
    "NORMAL": {
      "precision": 0.9595959595959596,
      "recall": 0.405982905982906,
      "f1_score": 0.5705701527476479,
      "specificity": 0.9897435897435898,
      "TP": 95,
      "TN": 386,
      "FP": 4,
      "FN": 139
    },
    "PNEUMONIA": {
      "precision": 0.7352380952380952,
      "recall": 0.9897435897435898,
      "f1_score": 0.84371535787899,
      "specificity": 0.405982905982906,
      "TP": 386,
      "TN": 95,
      "FP": 139,
      "FN": 4
    },
    "macro_avg": {
      "precision": 0.8474170274170274,
      "recall": 0.6978632478632478,
      "f1_score": 0.7071427553133189
    },
    "accuracy": 0.7708333333333334
  }
}