{
  "confusion_matrix": [
    [
      3664,
      471
    ],
    [
      763,
      1012
    ]
  ],
  "total_samples": 5910,
  "correct_predictions": 4676,
  "accuracy": 0.7912013536379019,
  "loss": 0.5485059777693901,
  "classification_report": {
    "NORMAL": {
      "precision": 0.8276485204427377,
      "recall": 0.8860943168077389,
      "f1_score": 0.8558742961903417,
      "specificity": 0.5701408450704225,
      "TP": 3664,
      "TN": 1012,
      "FP": 763,
      "FN": 471
    },
    "PNEUMONIA": {
      "precision": 0.6824005394470668,
      "recall": 0.5701408450704225,
      "f1_score": 0.6212395285717062,
      "specificity": 0.8860943168077389,
      "TP": 1012,
      "TN": 3664,
      "FP": 471,
      "FN": 763
    },
    "macro_avg": {
      "precision": 0.7550245299449023,
      "recall": 0.7281175809390807,
      "f1_score": 0.7385569123810239
    },
    "accuracy": 0.7912013536379019
  }
}