{
  "confusion_matrix": [
    [
      12064,
      9
    ],
    [
      284,
      2
    ]
  ],
  "total_samples": 12359,
  "correct_predictions": 12066,
  "accuracy": 0.97629258030585,
  "loss": 0.10885712284227339,
  "classification_report": {
    "NORMAL": {
      "precision": 0.9770003239390994,
      "recall": 0.999254534912615,
      "f1_score": 0.9880016293785897,
      "specificity": 0.006993006993006993,
      "TP": 12064,
      "TN": 2,
      "FP": 284,
      "FN": 9
    },
    "PNEUMONIA": {
      "precision": 0.18181818181818182,
      "recall": 0.006993006993006993,
      "f1_score": 0.013467942137801404,
      "specificity": 0.999254534912615,
      "TP": 2,
      "TN": 12064,
      "FP": 9,
      "FN": 284
    },
    "macro_avg": {
      "precision": 0.5794092528786406,
      "recall": 0.503123770952811,
      "f1_score": 0.5007347857581955
    },
    "accuracy": 0.97629258030585
  }
}