{
  "confusion_matrix": [
    [
      1305,
      2830
    ],
    [
      89,
      1686
    ]
  ],
  "total_samples": 5910,
  "correct_predictions": 2991,
  "accuracy": 0.5060913705583756,
  "loss": 1.6489207726142128,
  "classification_report": {
    "NORMAL": {
      "precision": 0.936154949784792,
      "recall": 0.31559854897218864,
      "f1_score": 0.47205605261830486,
      "specificity": 0.9498591549295775,
      "TP": 1305,
      "TN": 1686,
      "FP": 89,
      "FN": 2830
    },
    "PNEUMONIA": {
      "precision": 0.3733392382639504,
      "recall": 0.9498591549295775,
      "f1_score": 0.5360034098921058,
      "specificity": 0.31559854897218864,
      "TP": 1686,
      "TN": 1305,
      "FP": 2830,
      "FN": 89
    },
    "macro_avg": {
      "precision": 0.6547470940243711,
      "recall": 0.6327288519508831,
      "f1_score": 0.5040297312552053
    },
    "accuracy": 0.5060913705583756
  },
  "test_config": {
    "model_path": "results/mobilenet/chest_xray/layers_5/batch_size_32/epochs_500/timestamp_11122025_024755/",
    "cross_dataset_path": "../../datasets/rsna",
    "pretrained_model": "mobilenet",
    "batch_size": 32,
    "device": "cuda"
  }
}