{
  "confusion_matrix": [
    [
      162,
      72
    ],
    [
      115,
      275
    ]
  ],
  "total_samples": 624,
  "correct_predictions": 437,
  "accuracy": 0.7003205128205128,
  "loss": 0.5855168440403082,
  "classification_report": {
    "NORMAL": {
      "precision": 0.5848375451263538,
      "recall": 0.6923076923076923,
      "f1_score": 0.634050384167116,
      "specificity": 0.7051282051282052,
      "TP": 162,
      "TN": 275,
      "FP": 115,
      "FN": 72
    },
    "PNEUMONIA": {
      "precision": 0.792507204610951,
      "recall": 0.7051282051282052,
      "f1_score": 0.7462681584187992,
      "specificity": 0.6923076923076923,
      "TP": 275,
      "TN": 162,
      "FP": 72,
      "FN": 115
    },
    "macro_avg": {
      "precision": 0.6886723748686524,
      "recall": 0.6987179487179487,
      "f1_score": 0.6901592712929576
    },
    "accuracy": 0.7003205128205128
  },
  "test_config": {
    "model_path": "results/resnet/CXR8/layers_5/batch_size_32/epochs_500/timestamp_11122025_033448/",
    "cross_dataset_path": "../../datasets/chest_xray",
    "pretrained_model": "resnet",
    "batch_size": 32,
    "device": "cuda"
  }
}