{
  "confusion_matrix": [
    [
      773,
      11300
    ],
    [
      17,
      269
    ]
  ],
  "total_samples": 12359,
  "correct_predictions": 1042,
  "accuracy": 0.08431102840035602,
  "loss": 979.4354453432838,
  "classification_report": {
    "NORMAL": {
      "precision": 0.9784810126582278,
      "recall": 0.06402716806096248,
      "f1_score": 0.12018969136282362,
      "specificity": 0.9405594405594405,
      "TP": 773,
      "TN": 269,
      "FP": 17,
      "FN": 11300
    },
    "PNEUMONIA": {
      "precision": 0.023251793586308238,
      "recall": 0.9405594405594405,
      "f1_score": 0.045381695487136234,
      "specificity": 0.06402716806096248,
      "TP": 269,
      "TN": 773,
      "FP": 11300,
      "FN": 17
    },
    "macro_avg": {
      "precision": 0.500866403122268,
      "recall": 0.5022933043102015,
      "f1_score": 0.08278569342497993
    },
    "accuracy": 0.08431102840035602
  },
  "test_config": {
    "model_path": "results/efficientnet/chest_xray/layers_5/batch_size_32/loss_cross_entropy/sampler_balanced/epochs_100/",
    "cross_dataset_path": "../../datasets/CXR8",
    "pretrained_model": "efficientnet",
    "batch_size": 32,
    "device": "cuda"
  }
}