{
  "confusion_matrix": [
    [
      108,
      126
    ],
    [
      12,
      378
    ]
  ],
  "total_samples": 624,
  "correct_predictions": 486,
  "accuracy": 0.7788461538461539,
  "loss": 0.5135647104336665,
  "classification_report": {
    "NORMAL": {
      "precision": 0.9,
      "recall": 0.46153846153846156,
      "f1_score": 0.6101694915254238,
      "specificity": 0.9692307692307692,
      "TP": 108,
      "TN": 378,
      "FP": 12,
      "FN": 126
    },
    "PNEUMONIA": {
      "precision": 0.75,
      "recall": 0.9692307692307692,
      "f1_score": 0.8456375838926173,
      "specificity": 0.46153846153846156,
      "TP": 378,
      "TN": 108,
      "FP": 126,
      "FN": 12
    },
    "macro_avg": {
      "precision": 0.825,
      "recall": 0.7153846153846154,
      "f1_score": 0.7279035377090206
    },
    "accuracy": 0.7788461538461539
  },
  "test_config": {
    "model_path": "results/efficientnet/chest_xray/layers_5/batch_size_32/loss_cross_entropy/sampler_balanced/epochs_100/",
    "cross_dataset_path": "../../datasets/chest_xray",
    "pretrained_model": "efficientnet",
    "batch_size": 32,
    "device": "cuda"
  }
}