{
  "confusion_matrix": [
    [
      230,
      4
    ],
    [
      345,
      45
    ]
  ],
  "total_samples": 624,
  "correct_predictions": 275,
  "accuracy": 0.4407051282051282,
  "loss": 0.93638897782717,
  "classification_report": {
    "NORMAL": {
      "precision": 0.4,
      "recall": 0.9829059829059829,
      "f1_score": 0.5686028026790612,
      "specificity": 0.11538461538461539,
      "TP": 230,
      "TN": 45,
      "FP": 345,
      "FN": 4
    },
    "PNEUMONIA": {
      "precision": 0.9183673469387755,
      "recall": 0.11538461538461539,
      "f1_score": 0.20501119120405656,
      "specificity": 0.9829059829059829,
      "TP": 45,
      "TN": 230,
      "FP": 4,
      "FN": 345
    },
    "macro_avg": {
      "precision": 0.6591836734693878,
      "recall": 0.5491452991452991,
      "f1_score": 0.38680699694155884
    },
    "accuracy": 0.4407051282051282
  },
  "test_config": {
    "model_path": "results/densenet/rsna/layers_2/batch_size_32/epochs_500/timestamp_11122025_115832/",
    "cross_dataset_path": "../../datasets/chest_xray",
    "pretrained_model": "densenet",
    "batch_size": 32,
    "device": "cuda"
  }
}