{
  "confusion_matrix": [
    [
      553,
      3582
    ],
    [
      61,
      1714
    ]
  ],
  "total_samples": 5910,
  "correct_predictions": 2267,
  "accuracy": 0.3835871404399323,
  "loss": 1.6310694539809187,
  "classification_report": {
    "NORMAL": {
      "precision": 0.9006514657980456,
      "recall": 0.13373639661426845,
      "f1_score": 0.23289090982725136,
      "specificity": 0.9656338028169014,
      "TP": 553,
      "TN": 1714,
      "FP": 61,
      "FN": 3582
    },
    "PNEUMONIA": {
      "precision": 0.3236404833836858,
      "recall": 0.9656338028169014,
      "f1_score": 0.48479668238465984,
      "specificity": 0.13373639661426845,
      "TP": 1714,
      "TN": 553,
      "FP": 3582,
      "FN": 61
    },
    "macro_avg": {
      "precision": 0.6121459745908657,
      "recall": 0.5496850997155849,
      "f1_score": 0.3588437961059556
    },
    "accuracy": 0.3835871404399323
  },
  "test_config": {
    "model_path": "results/resnet/chest_xray/layers_None/batch_size_32/epochs_10/timestamp_11122025_091009/",
    "cross_dataset_path": "../../datasets/rsna",
    "pretrained_model": "resnet",
    "batch_size": 32,
    "device": "cuda"
  }
}