{
  "confusion_matrix": [
    [
      61,
      173
    ],
    [
      79,
      311
    ]
  ],
  "total_samples": 624,
  "correct_predictions": 372,
  "accuracy": 0.5961538461538461,
  "loss": 0.6807489975904807,
  "classification_report": {
    "NORMAL": {
      "precision": 0.4357142857142857,
      "recall": 0.2606837606837607,
      "f1_score": 0.32620320855614976,
      "specificity": 0.7974358974358975,
      "TP": 61,
      "TN": 311,
      "FP": 79,
      "FN": 173
    },
    "PNEUMONIA": {
      "precision": 0.6425619834710744,
      "recall": 0.7974358974358975,
      "f1_score": 0.7116704805491991,
      "specificity": 0.2606837606837607,
      "TP": 311,
      "TN": 61,
      "FP": 173,
      "FN": 79
    },
    "macro_avg": {
      "precision": 0.53913813459268,
      "recall": 0.5290598290598291,
      "f1_score": 0.5189368445526744
    },
    "accuracy": 0.5961538461538461
  },
  "test_config": {
    "model_path": "results/mobilenet/chest_xray/layers_5/batch_size_32/loss_focal_loss/sampler_balanced/epochs_100/",
    "cross_dataset_path": "../../datasets/chest_xray",
    "pretrained_model": "mobilenet",
    "batch_size": 32,
    "device": "cuda"
  }
}