{
  "confusion_matrix": [
    [
      163,
      71
    ],
    [
      224,
      166
    ]
  ],
  "total_samples": 624,
  "correct_predictions": 329,
  "accuracy": 0.5272435897435898,
  "loss": 0.6908642053604126,
  "classification_report": {
    "NORMAL": {
      "precision": 0.42118863049095606,
      "recall": 0.6965811965811965,
      "f1_score": 0.5249597423510467,
      "specificity": 0.4256410256410256,
      "TP": 163,
      "TN": 166,
      "FP": 224,
      "FN": 71
    },
    "PNEUMONIA": {
      "precision": 0.70042194092827,
      "recall": 0.4256410256410256,
      "f1_score": 0.5295055821371611,
      "specificity": 0.6965811965811965,
      "TP": 166,
      "TN": 163,
      "FP": 71,
      "FN": 224
    },
    "macro_avg": {
      "precision": 0.5608052857096131,
      "recall": 0.5611111111111111,
      "f1_score": 0.5272326622441039
    },
    "accuracy": 0.5272435897435898
  },
  "test_config": {
    "model_path": "results/efficientnet/CXR8/layers_5/batch_size_32/loss_focal_loss/sampler_weighted/epochs_100/",
    "cross_dataset_path": "../../datasets/chest_xray",
    "pretrained_model": "efficientnet",
    "batch_size": 32,
    "device": "cuda"
  }
}