{
  "confusion_matrix": [
    [
      7894,
      4179
    ],
    [
      128,
      158
    ]
  ],
  "total_samples": 12359,
  "correct_predictions": 8052,
  "accuracy": 0.6515090217655151,
  "loss": 0.6766744115676914,
  "classification_report": {
    "NORMAL": {
      "precision": 0.9840438793318375,
      "recall": 0.6538557110908639,
      "f1_score": 0.7856680766359792,
      "specificity": 0.5524475524475524,
      "TP": 7894,
      "TN": 158,
      "FP": 128,
      "FN": 4179
    },
    "PNEUMONIA": {
      "precision": 0.03643071247406041,
      "recall": 0.5524475524475524,
      "f1_score": 0.06835388276011248,
      "specificity": 0.6538557110908639,
      "TP": 158,
      "TN": 7894,
      "FP": 4179,
      "FN": 128
    },
    "macro_avg": {
      "precision": 0.510237295902949,
      "recall": 0.6031516317692082,
      "f1_score": 0.4270109796980458
    },
    "accuracy": 0.6515090217655151
  },
  "test_config": {
    "model_path": "results/efficientnet/CXR8/layers_5/batch_size_32/loss_focal_loss/sampler_weighted/epochs_100/",
    "cross_dataset_path": "../../datasets/CXR8",
    "pretrained_model": "efficientnet",
    "batch_size": 32,
    "device": "cuda"
  }
}