{
  "confusion_matrix": [
    [
      3632,
      8441
    ],
    [
      31,
      255
    ]
  ],
  "total_samples": 12359,
  "correct_predictions": 3887,
  "accuracy": 0.31450764624969657,
  "loss": 3.6945899871235017,
  "classification_report": {
    "NORMAL": {
      "precision": 0.9915369915369915,
      "recall": 0.30083657748695436,
      "f1_score": 0.4616163179549116,
      "specificity": 0.8916083916083916,
      "TP": 3632,
      "TN": 255,
      "FP": 31,
      "FN": 8441
    },
    "PNEUMONIA": {
      "precision": 0.029323827046918122,
      "recall": 0.8916083916083916,
      "f1_score": 0.05678016546581127,
      "specificity": 0.30083657748695436,
      "TP": 255,
      "TN": 3632,
      "FP": 8441,
      "FN": 31
    },
    "macro_avg": {
      "precision": 0.5104304092919548,
      "recall": 0.5962224845476729,
      "f1_score": 0.25919824171036143
    },
    "accuracy": 0.31450764624969657
  },
  "test_config": {
    "model_path": "results/densenet/chest_xray/layers_5/batch_size_32/epochs_500/",
    "cross_dataset_path": "../../datasets/CXR8",
    "pretrained_model": "densenet",
    "batch_size": 32,
    "device": "cuda"
  }
}