{
  "confusion_matrix": [
    [
      4761,
      7312
    ],
    [
      40,
      246
    ]
  ],
  "total_samples": 12359,
  "correct_predictions": 5007,
  "accuracy": 0.405129864875799,
  "loss": 2.379723311319389,
  "classification_report": {
    "NORMAL": {
      "precision": 0.9916684024161633,
      "recall": 0.39435103122670423,
      "f1_score": 0.5642996995360564,
      "specificity": 0.8601398601398601,
      "TP": 4761,
      "TN": 246,
      "FP": 40,
      "FN": 7312
    },
    "PNEUMONIA": {
      "precision": 0.03254829319925907,
      "recall": 0.8601398601398601,
      "f1_score": 0.06272303019585712,
      "specificity": 0.39435103122670423,
      "TP": 246,
      "TN": 4761,
      "FP": 7312,
      "FN": 40
    },
    "macro_avg": {
      "precision": 0.5121083478077112,
      "recall": 0.6272454456832821,
      "f1_score": 0.31351136486595677
    },
    "accuracy": 0.405129864875799
  },
  "test_config": {
    "model_path": "results/densenet/chest_xray/layers_5/batch_size_32/epochs_500/",
    "cross_dataset_path": "../../datasets/CXR8",
    "pretrained_model": "densenet",
    "batch_size": 32,
    "device": "cuda"
  }
}