{
  "confusion_matrix": [
    [
      136,
      98
    ],
    [
      5,
      385
    ]
  ],
  "total_samples": 624,
  "correct_predictions": 521,
  "accuracy": 0.8349358974358975,
  "loss": 0.7452195439523516,
  "classification_report": {
    "NORMAL": {
      "precision": 0.9645390070921985,
      "recall": 0.5811965811965812,
      "f1_score": 0.7253328640856369,
      "specificity": 0.9871794871794872,
      "TP": 136,
      "TN": 385,
      "FP": 5,
      "FN": 98
    },
    "PNEUMONIA": {
      "precision": 0.7971014492753623,
      "recall": 0.9871794871794872,
      "f1_score": 0.8820155423297252,
      "specificity": 0.5811965811965812,
      "TP": 385,
      "TN": 136,
      "FP": 98,
      "FN": 5
    },
    "macro_avg": {
      "precision": 0.8808202281837805,
      "recall": 0.7841880341880343,
      "f1_score": 0.8036742032076811
    },
    "accuracy": 0.8349358974358975
  },
  "test_config": {
    "model_path": "results/densenet/chest_xray/layers_5/batch_size_32/epochs_500/",
    "cross_dataset_path": "../../datasets/chest_xray",
    "pretrained_model": "densenet",
    "batch_size": 32,
    "device": "cuda"
  }
}