{
  "confusion_matrix": [
    [
      164,
      70
    ],
    [
      10,
      380
    ]
  ],
  "total_samples": 624,
  "correct_predictions": 544,
  "accuracy": 0.8717948717948718,
  "loss": 0.4152926362764377,
  "classification_report": {
    "NORMAL": {
      "precision": 0.9425287356321839,
      "recall": 0.7008547008547008,
      "f1_score": 0.8039210794408974,
      "specificity": 0.9743589743589743,
      "TP": 164,
      "TN": 380,
      "FP": 10,
      "FN": 70
    },
    "PNEUMONIA": {
      "precision": 0.8444444444444444,
      "recall": 0.9743589743589743,
      "f1_score": 0.9047614073131988,
      "specificity": 0.7008547008547008,
      "TP": 380,
      "TN": 164,
      "FP": 70,
      "FN": 10
    },
    "macro_avg": {
      "precision": 0.8934865900383142,
      "recall": 0.8376068376068375,
      "f1_score": 0.8543412433770481
    },
    "accuracy": 0.8717948717948718
  },
  "test_config": {
    "model_path": "results/densenet/chest_xray/layers_5/batch_size_32/epochs_500/",
    "cross_dataset_path": "../../datasets/chest_xray",
    "pretrained_model": "densenet",
    "batch_size": 32,
    "device": "cuda"
  }
}