{
  "confusion_matrix": [
    [
      163,
      71
    ],
    [
      17,
      373
    ]
  ],
  "total_samples": 624,
  "correct_predictions": 536,
  "accuracy": 0.8589743589743589,
  "loss": 0.38836235247361356,
  "classification_report": {
    "NORMAL": {
      "precision": 0.9055555555555556,
      "recall": 0.6965811965811965,
      "f1_score": 0.787439122033493,
      "specificity": 0.9564102564102565,
      "TP": 163,
      "TN": 373,
      "FP": 17,
      "FN": 71
    },
    "PNEUMONIA": {
      "precision": 0.8400900900900901,
      "recall": 0.9564102564102565,
      "f1_score": 0.8944839145664659,
      "specificity": 0.6965811965811965,
      "TP": 373,
      "TN": 163,
      "FP": 71,
      "FN": 17
    },
    "macro_avg": {
      "precision": 0.8728228228228228,
      "recall": 0.8264957264957264,
      "f1_score": 0.8409615182999794
    },
    "accuracy": 0.8589743589743589
  },
  "test_config": {
    "model_path": "results/densenet/chest_xray/layers_5/batch_size_32/epochs_500/",
    "cross_dataset_path": "../../datasets/chest_xray",
    "pretrained_model": "densenet",
    "batch_size": 32,
    "device": "cuda"
  }
}