{
  "confusion_matrix": [
    [
      227,
      7
    ],
    [
      388,
      2
    ]
  ],
  "total_samples": 624,
  "correct_predictions": 229,
  "accuracy": 0.36698717948717946,
  "loss": 5.32655189320063,
  "classification_report": {
    "NORMAL": {
      "precision": 0.36910569105691055,
      "recall": 0.9700854700854701,
      "f1_score": 0.5347467608951708,
      "specificity": 0.005128205128205128,
      "TP": 227,
      "TN": 2,
      "FP": 388,
      "FN": 7
    },
    "PNEUMONIA": {
      "precision": 0.2222222222222222,
      "recall": 0.005128205128205128,
      "f1_score": 0.010025062656641603,
      "specificity": 0.9700854700854701,
      "TP": 2,
      "TN": 227,
      "FP": 7,
      "FN": 388
    },
    "macro_avg": {
      "precision": 0.29566395663956635,
      "recall": 0.4876068376068376,
      "f1_score": 0.2723859117759062
    },
    "accuracy": 0.36698717948717946
  },
  "test_config": {
    "model_path": "results/densenet/layers_2/kfolds_None/batch_size_64/epochs_100/fold_0.pt",
    "cross_dataset_path": "../../datasets/chest_xray",
    "pretrained_model": "densenet",
    "batch_size": 64,
    "device": "cuda"
  }
}