{
  "confusion_matrix": [
    [
      12035,
      38
    ],
    [
      281,
      5
    ]
  ],
  "total_samples": 12359,
  "correct_predictions": 12040,
  "accuracy": 0.9741888502306012,
  "loss": 0.2056451898555133,
  "classification_report": {
    "NORMAL": {
      "precision": 0.9771841506982787,
      "recall": 0.9968524807421519,
      "f1_score": 0.9869203329369799,
      "specificity": 0.017482517482517484,
      "TP": 12035,
      "TN": 5,
      "FP": 281,
      "FN": 38
    },
    "PNEUMONIA": {
      "precision": 0.11627906976744186,
      "recall": 0.017482517482517484,
      "f1_score": 0.030395136778115502,
      "specificity": 0.9968524807421519,
      "TP": 5,
      "TN": 12035,
      "FP": 38,
      "FN": 281
    },
    "macro_avg": {
      "precision": 0.5467316102328603,
      "recall": 0.5071674991123347,
      "f1_score": 0.5086577348575477
    },
    "accuracy": 0.9741888502306012
  },
  "test_config": {
    "model_path": "results/densenet/layers_2/kfolds_None/batch_size_64/epochs_100/fold_0.pt",
    "cross_dataset_path": "../../datasets/CXR8",
    "pretrained_model": "densenet",
    "batch_size": 64,
    "device": "cuda"
  }
}