{
  "confusion_matrix": [
    [
      131,
      103
    ],
    [
      1,
      389
    ]
  ],
  "total_samples": 624,
  "correct_predictions": 520,
  "accuracy": 0.8333333333333334,
  "loss": 0.8441225801928877,
  "classification_report": {
    "NORMAL": {
      "precision": 0.9924242424242424,
      "recall": 0.5598290598290598,
      "f1_score": 0.7158465333694632,
      "specificity": 0.9974358974358974,
      "TP": 131,
      "TN": 389,
      "FP": 1,
      "FN": 103
    },
    "PNEUMONIA": {
      "precision": 0.790650406504065,
      "recall": 0.9974358974358974,
      "f1_score": 0.8820856744877581,
      "specificity": 0.5598290598290598,
      "TP": 389,
      "TN": 131,
      "FP": 103,
      "FN": 1
    },
    "macro_avg": {
      "precision": 0.8915373244641538,
      "recall": 0.7786324786324786,
      "f1_score": 0.7989661039286107
    },
    "accuracy": 0.8333333333333334
  },
  "test_config": {
    "model_path": "results/resnet/chest_xray/layers_5/batch_size_32/epochs_500/timestamp_11122025_172630/",
    "cross_dataset_path": "../../datasets/chest_xray",
    "pretrained_model": "resnet",
    "batch_size": 32,
    "device": "cuda"
  }
}