{
  "confusion_matrix": [
    [
      202,
      32
    ],
    [
      334,
      56
    ]
  ],
  "total_samples": 624,
  "correct_predictions": 258,
  "accuracy": 0.41346153846153844,
  "loss": 0.911481648683548,
  "classification_report": {
    "NORMAL": {
      "precision": 0.376865671641791,
      "recall": 0.8632478632478633,
      "f1_score": 0.5246753246753246,
      "specificity": 0.14358974358974358,
      "TP": 202,
      "TN": 56,
      "FP": 334,
      "FN": 32
    },
    "PNEUMONIA": {
      "precision": 0.6363636363636364,
      "recall": 0.14358974358974358,
      "f1_score": 0.23430962343096232,
      "specificity": 0.8632478632478633,
      "TP": 56,
      "TN": 202,
      "FP": 32,
      "FN": 334
    },
    "macro_avg": {
      "precision": 0.5066146540027137,
      "recall": 0.5034188034188034,
      "f1_score": 0.37949247405314346
    },
    "accuracy": 0.41346153846153844
  },
  "test_config": {
    "model_path": "results/densenet/CXR8/layers_2/batch_size_32/loss_cross_entropy/sampler_balanced/epochs_500/",
    "cross_dataset_path": "../../datasets/chest_xray",
    "pretrained_model": "densenet",
    "batch_size": 32,
    "device": "cuda"
  }
}