{
  "confusion_matrix": [
    [
      9126,
      2947
    ],
    [
      80,
      206
    ]
  ],
  "total_samples": 12359,
  "correct_predictions": 9332,
  "accuracy": 0.7550772716239178,
  "loss": 0.5173991408362745,
  "classification_report": {
    "NORMAL": {
      "precision": 0.9913100152074734,
      "recall": 0.7559015986084652,
      "f1_score": 0.8577470745805723,
      "specificity": 0.7202797202797203,
      "TP": 9126,
      "TN": 206,
      "FP": 80,
      "FN": 2947
    },
    "PNEUMONIA": {
      "precision": 0.06533460196638123,
      "recall": 0.7202797202797203,
      "f1_score": 0.11980226810119222,
      "specificity": 0.7559015986084652,
      "TP": 206,
      "TN": 9126,
      "FP": 2947,
      "FN": 80
    },
    "macro_avg": {
      "precision": 0.5283223085869273,
      "recall": 0.7380906594440928,
      "f1_score": 0.48877467134088226
    },
    "accuracy": 0.7550772716239178
  },
  "test_config": {
    "model_path": "results/densenet/CXR8/layers_2/batch_size_32/loss_cross_entropy/sampler_balanced/epochs_500/",
    "cross_dataset_path": "../../datasets/CXR8",
    "pretrained_model": "densenet",
    "batch_size": 32,
    "device": "cuda"
  }
}