{
  "confusion_matrix": [
    [
      233,
      1
    ],
    [
      369,
      21
    ]
  ],
  "total_samples": 624,
  "correct_predictions": 254,
  "accuracy": 0.40705128205128205,
  "loss": 0.7628968740120913,
  "classification_report": {
    "NORMAL": {
      "precision": 0.38704318936877075,
      "recall": 0.9957264957264957,
      "f1_score": 0.5574158648271041,
      "specificity": 0.05384615384615385,
      "TP": 233,
      "TN": 21,
      "FP": 369,
      "FN": 1
    },
    "PNEUMONIA": {
      "precision": 0.9545454545454546,
      "recall": 0.05384615384615385,
      "f1_score": 0.10194164647950454,
      "specificity": 0.9957264957264957,
      "TP": 21,
      "TN": 233,
      "FP": 1,
      "FN": 369
    },
    "macro_avg": {
      "precision": 0.6707943219571126,
      "recall": 0.5247863247863248,
      "f1_score": 0.32967875565330435
    },
    "accuracy": 0.40705128205128205
  },
  "test_config": {
    "model_path": "results/mobilenet/CXR8/layers_None/batch_size_32/epochs_500/timestamp_11122025_141551/",
    "cross_dataset_path": "../../datasets/chest_xray",
    "pretrained_model": "mobilenet",
    "batch_size": 32,
    "device": "cuda"
  }
}