{
  "confusion_matrix": [
    [
      126,
      108
    ],
    [
      47,
      343
    ]
  ],
  "total_samples": 624,
  "correct_predictions": 469,
  "accuracy": 0.7516025641025641,
  "loss": 0.6150945929380564,
  "classification_report": {
    "NORMAL": {
      "precision": 0.7283236994219653,
      "recall": 0.5384615384615384,
      "f1_score": 0.619164130396585,
      "specificity": 0.8794871794871795,
      "TP": 126,
      "TN": 343,
      "FP": 47,
      "FN": 108
    },
    "PNEUMONIA": {
      "precision": 0.7605321507760532,
      "recall": 0.8794871794871795,
      "f1_score": 0.8156951031064238,
      "specificity": 0.5384615384615384,
      "TP": 343,
      "TN": 126,
      "FP": 108,
      "FN": 47
    },
    "macro_avg": {
      "precision": 0.7444279250990092,
      "recall": 0.7089743589743589,
      "f1_score": 0.7174296167515044
    },
    "accuracy": 0.7516025641025641
  },
  "test_config": {
    "model_path": "results/resnet/CXR8/layers_None/batch_size_32/epochs_500/timestamp_11122025_140134/",
    "cross_dataset_path": "../../datasets/chest_xray",
    "pretrained_model": "resnet",
    "batch_size": 32,
    "device": "cuda"
  }
}