{
  "confusion_matrix": [
    [
      2697,
      1438
    ],
    [
      373,
      1402
    ]
  ],
  "total_samples": 5910,
  "correct_predictions": 4099,
  "accuracy": 0.6935702199661591,
  "loss": 0.6269779063521707,
  "classification_report": {
    "NORMAL": {
      "precision": 0.8785016286644951,
      "recall": 0.6522370012091898,
      "f1_score": 0.7486462839990655,
      "specificity": 0.7898591549295775,
      "TP": 2697,
      "TN": 1402,
      "FP": 373,
      "FN": 1438
    },
    "PNEUMONIA": {
      "precision": 0.4936619718309859,
      "recall": 0.7898591549295775,
      "f1_score": 0.6075834919580321,
      "specificity": 0.6522370012091898,
      "TP": 1402,
      "TN": 2697,
      "FP": 1438,
      "FN": 373
    },
    "macro_avg": {
      "precision": 0.6860818002477405,
      "recall": 0.7210480780693836,
      "f1_score": 0.6781148879785488
    },
    "accuracy": 0.6935702199661591
  },
  "test_config": {
    "model_path": "results/resnet/CXR8/layers_None/batch_size_32/epochs_500/timestamp_11122025_140134/",
    "cross_dataset_path": "../../datasets/rsna",
    "pretrained_model": "resnet",
    "batch_size": 32,
    "device": "cuda"
  }
}