{
  "confusion_matrix": [
    [
      4815,
      7258
    ],
    [
      41,
      245
    ]
  ],
  "total_samples": 12359,
  "correct_predictions": 5060,
  "accuracy": 0.4094182377214985,
  "loss": 2.501745445682582,
  "classification_report": {
    "NORMAL": {
      "precision": 0.9915568369028006,
      "recall": 0.39882382175101466,
      "f1_score": 0.5688459491903948,
      "specificity": 0.8566433566433567,
      "TP": 4815,
      "TN": 245,
      "FP": 41,
      "FN": 7258
    },
    "PNEUMONIA": {
      "precision": 0.03265360522457684,
      "recall": 0.8566433566433567,
      "f1_score": 0.06290916022641835,
      "specificity": 0.39882382175101466,
      "TP": 245,
      "TN": 4815,
      "FP": 7258,
      "FN": 41
    },
    "macro_avg": {
      "precision": 0.5121052210636887,
      "recall": 0.6277335891971857,
      "f1_score": 0.31587755470840656
    },
    "accuracy": 0.4094182377214985
  },
  "test_config": {
    "model_path": "results/resnet/chest_xray/layers_6/batch_size_32/epochs_5/",
    "cross_dataset_path": "../../datasets/CXR8",
    "pretrained_model": "resnet",
    "batch_size": 32,
    "device": "cuda"
  }
}