{
  "confusion_matrix": [
    [
      144,
      90
    ],
    [
      5,
      385
    ]
  ],
  "total_samples": 624,
  "correct_predictions": 529,
  "accuracy": 0.8477564102564102,
  "loss": 0.5351687099139851,
  "classification_report": {
    "NORMAL": {
      "precision": 0.9664429530201343,
      "recall": 0.6153846153846154,
      "f1_score": 0.7519577491703134,
      "specificity": 0.9871794871794872,
      "TP": 144,
      "TN": 385,
      "FP": 5,
      "FN": 90
    },
    "PNEUMONIA": {
      "precision": 0.8105263157894737,
      "recall": 0.9871794871794872,
      "f1_score": 0.8901729152329929,
      "specificity": 0.6153846153846154,
      "TP": 385,
      "TN": 144,
      "FP": 90,
      "FN": 5
    },
    "macro_avg": {
      "precision": 0.888484634404804,
      "recall": 0.8012820512820513,
      "f1_score": 0.8210653322016532
    },
    "accuracy": 0.8477564102564102
  },
  "test_config": {
    "model_path": "results/resnet/chest_xray/layers_6/batch_size_32/epochs_5/",
    "cross_dataset_path": "../../datasets/chest_xray",
    "pretrained_model": "resnet",
    "batch_size": 32,
    "device": "cuda"
  }
}