{
  "confusion_matrix": [
    [
      62,
      172
    ],
    [
      1,
      389
    ]
  ],
  "total_samples": 624,
  "correct_predictions": 451,
  "accuracy": 0.7227564102564102,
  "loss": 2.0073732860215294,
  "classification_report": {
    "NORMAL": {
      "precision": 0.9841269841269841,
      "recall": 0.26495726495726496,
      "f1_score": 0.41750808325707817,
      "specificity": 0.9974358974358974,
      "TP": 62,
      "TN": 389,
      "FP": 1,
      "FN": 172
    },
    "PNEUMONIA": {
      "precision": 0.6934046345811051,
      "recall": 0.9974358974358974,
      "f1_score": 0.8180857411925228,
      "specificity": 0.26495726495726496,
      "TP": 389,
      "TN": 62,
      "FP": 172,
      "FN": 1
    },
    "macro_avg": {
      "precision": 0.8387658093540447,
      "recall": 0.6311965811965812,
      "f1_score": 0.6177969122248005
    },
    "accuracy": 0.7227564102564102
  },
  "test_config": {
    "model_path": "results/resnet/chest_xray/layers_6/batch_size_32/epochs_5/",
    "cross_dataset_path": "../../datasets/chest_xray",
    "pretrained_model": "resnet",
    "batch_size": 32,
    "device": "cuda"
  }
}