{
  "confusion_matrix": [
    [
      1580,
      10493
    ],
    [
      12,
      274
    ]
  ],
  "total_samples": 12359,
  "correct_predictions": 1854,
  "accuracy": 0.15001213690428028,
  "loss": 2.0854852897216705,
  "classification_report": {
    "NORMAL": {
      "precision": 0.992462311557789,
      "recall": 0.13087053756315745,
      "f1_score": 0.23124771313574824,
      "specificity": 0.958041958041958,
      "TP": 1580,
      "TN": 274,
      "FP": 12,
      "FN": 10493
    },
    "PNEUMONIA": {
      "precision": 0.025448128540912045,
      "recall": 0.958041958041958,
      "f1_score": 0.04957929973762779,
      "specificity": 0.13087053756315745,
      "TP": 274,
      "TN": 1580,
      "FP": 10493,
      "FN": 12
    },
    "macro_avg": {
      "precision": 0.5089552200493505,
      "recall": 0.5444562478025577,
      "f1_score": 0.140413506436688
    },
    "accuracy": 0.15001213690428028
  },
  "test_config": {
    "model_path": "results/densenet/chest_xray/layers_5/batch_size_32/loss_cross_entropy/sampler_balanced/epochs_100/",
    "cross_dataset_path": "../../datasets/CXR8",
    "pretrained_model": "densenet",
    "batch_size": 32,
    "device": "cuda"
  }
}