{
  "confusion_matrix": [
    [
      195,
      39
    ],
    [
      32,
      358
    ]
  ],
  "total_samples": 624,
  "correct_predictions": 553,
  "accuracy": 0.8862179487179487,
  "loss": 0.2856544080453041,
  "classification_report": {
    "NORMAL": {
      "precision": 0.8590308370044053,
      "recall": 0.8333333333333334,
      "f1_score": 0.8459869848156183,
      "specificity": 0.9179487179487179,
      "TP": 195,
      "TN": 358,
      "FP": 32,
      "FN": 39
    },
    "PNEUMONIA": {
      "precision": 0.9017632241813602,
      "recall": 0.9179487179487179,
      "f1_score": 0.9097839898348157,
      "specificity": 0.8333333333333334,
      "TP": 358,
      "TN": 195,
      "FP": 39,
      "FN": 32
    },
    "macro_avg": {
      "precision": 0.8803970305928828,
      "recall": 0.8756410256410256,
      "f1_score": 0.877885487325217
    },
    "accuracy": 0.8862179487179487
  },
  "test_config": {
    "model_path": "results/densenet/chest_xray/layers_5/batch_size_32/loss_cross_entropy/sampler_balanced/epochs_100/",
    "cross_dataset_path": "../../datasets/chest_xray",
    "pretrained_model": "densenet",
    "batch_size": 32,
    "device": "cuda"
  }
}