{
  "train_loss": [
    0.08533343335918486,
    0.05084318023713544,
    0.04622903158943855,
    0.044089177510786795,
    0.042736223810035265,
    0.04238952653150974,
    0.041218442129796834,
    0.0405636259927687,
    0.04036378713598388,
    0.03985361933904025,
    0.04001722409698129,
    0.039527220727615456,
    0.039274231908818444,
    0.03955595931093895,
    0.03910302811946493,
    0.038987449342062254,
    0.03914994918246138,
    0.03893263369104341,
    0.039111856604384404,
    0.03881599736915125,
    0.038811755361505024,
    0.038779259383625024,
    0.038791295347497166,
    0.03857401455691353,
    0.03861386432727463,
    0.0388788493552658,
    0.03834108407547967,
    0.03848779020183402,
    0.038448221082470896,
    0.03843297795297994,
    0.03848860751183229,
    0.03820602693544921,
    0.03845418366017165,
    0.038364945277304635,
    0.03829330499133756,
    0.038123001181381434,
    0.03827992162557058,
    0.03825071044844823,
    0.038136268014548926,
    0.03822304159402847,
    0.03825680611870978,
    0.038203381536931265,
    0.03810990222483838,
    0.038076339200085636,
    0.03825317459312249,
    0.03816721825242897,
    0.03813587574459604,
    0.038116111997136645,
    0.03809460551303276,
    0.03809715849097057,
    0.038103249013922404
  ],
  "val_loss": [
    0.04075907597739922,
    0.037276010095731574,
    0.04254726982660371,
    0.04067883507100422,
    0.04513846517121553,
    0.04005484363738423,
    0.03685718104100956,
    0.04186600952657383,
    0.03797207828237539,
    0.03772551199170443,
    0.03582941263259425,
    0.03568421950369874,
    0.036157959807084195,
    0.03494974686172653,
    0.041942253385055826,
    0.04012241324457876,
    0.039202373030078674,
    0.041033006685055655,
    0.03911753131188773,
    0.04306945120408747,
    0.035795736236012086,
    0.040426567691416546,
    0.04100750502351931,
    0.03910248507785592,
    0.037301233182407724,
    0.03250692264597646,
    0.034042449068516466,
    0.035894375593324104,
    0.033319690461344344,
    0.04278463173618517,
    0.03902016602164809,
    0.03961250949526471,
    0.038997453972768416,
    0.035820534970493915,
    0.03819923243399108,
    0.038967341376751403,
    0.035175864507356144,
    0.03688246305629882,
    0.04296367896904007,
    0.03619547357645736,
    0.03850189216769413,
    0.03507292471335064,
    0.04247506429666321,
    0.03765584910226187,
    0.03597734769612351,
    0.03879820989532024,
    0.03867176188638126,
    0.03952007603750644,
    0.03879942233676897,
    0.03716990791453331,
    0.04060295115313079
  ]
}