{
  "train_loss": [
    0.014440165542716134,
    0.005755021967725307,
    0.005059572746117151,
    0.004769012478665879,
    0.0046560343733324065,
    0.004581153718126738,
    0.004519633511472009,
    0.004502339665598292,
    0.0044971573248057005,
    0.004497261115995171,
    0.0044937113450661675,
    0.004494672554222315,
    0.004495274375020974,
    0.0044994778994526695,
    0.004497736915307089,
    0.004497454320514082,
    0.004494285746606777,
    0.004493549216951164,
    0.004495683806477333,
    0.004497617432602907,
    0.004495269230064872,
    0.004494482002265193,
    0.004495086315341517,
    0.004493723817229884,
    0.004494214457702841,
    0.004495552922131661,
    0.004494499364264688,
    0.004495341916634159,
    0.00449343989533218,
    0.0044943123898116225,
    0.004495077842887208
  ],
  "val_loss": [
    0.005358796072451248,
    0.004622264111207225,
    0.004854467969722969,
    0.004600983583008,
    0.004855190765639575,
    0.0044756571821565,
    0.004493909846589187,
    0.0044885786703712655,
    0.004491781346926118,
    0.004483203934145338,
    0.004527561771005503,
    0.0045039256121861175,
    0.004487782391319231,
    0.00449246587191133,
    0.004530320587075015,
    0.004489839984209225,
    0.004482704007154012,
    0.004484403086097358,
    0.004491502880363611,
    0.004489422633849864,
    0.00449534949645241,
    0.004499736156843961,
    0.004489505205652041,
    0.004507841747441114,
    0.004491588784820775,
    0.004548690030444536,
    0.004509857913810934,
    0.004489989478576941,
    0.004486633955489634,
    0.004486974588468353,
    0.004489907687902941
  ]
}