{
  "confusion_matrix": [
    [
      185,
      49
    ],
    [
      33,
      357
    ]
  ],
  "total_samples": 624,
  "correct_predictions": 542,
  "accuracy": 0.8685897435897436,
  "loss": 0.30837478316747224,
  "classification_report": {
    "NORMAL": {
      "precision": 0.8486238532110092,
      "recall": 0.7905982905982906,
      "f1_score": 0.8185835714232822,
      "specificity": 0.9153846153846154,
      "TP": 185,
      "TN": 357,
      "FP": 33,
      "FN": 49
    },
    "PNEUMONIA": {
      "precision": 0.8793103448275862,
      "recall": 0.9153846153846154,
      "f1_score": 0.8969844248254092,
      "specificity": 0.7905982905982906,
      "TP": 357,
      "TN": 185,
      "FP": 49,
      "FN": 33
    },
    "macro_avg": {
      "precision": 0.8639670990192977,
      "recall": 0.852991452991453,
      "f1_score": 0.8577839981243457
    },
    "accuracy": 0.8685897435897436
  },
  "test_config": {
    "model_path": "results/densenet/chest_xray/layers_None/batch_size_32/epochs_1/timestamp_11122025_083336/",
    "cross_dataset_path": "../../datasets/chest_xray",
    "pretrained_model": "densenet",
    "batch_size": 32,
    "device": "cuda"
  }
}