{
  "train_loss": [
    0.05607761104369944,
    0.04040721832076793,
    0.03887823241282287,
    0.038091481663339886,
    0.03770077479381363,
    0.0374264274252767,
    0.03721973149591809,
    0.03710283017457434,
    0.037000010582594105,
    0.03696258929742426,
    0.03694219494980809,
    0.036825139594934664,
    0.03677382611132787,
    0.036743426576517205,
    0.0366973604483686,
    0.03665186378777371,
    0.036681770111767764,
    0.03665537028360399,
    0.03665451876218644,
    0.03666708598554623,
    0.03663238293338681,
    0.03664983613377719,
    0.03665385499682562,
    0.03665871703965868,
    0.036661383788729476,
    0.03667467510531016,
    0.03664064304316385,
    0.03663936173491733,
    0.03665054063751852,
    0.0366355609331739,
    0.03667065013522845,
    0.036647375145978246,
    0.036667641705306245,
    0.03664117752773714,
    0.03662316697714718
  ],
  "val_loss": [
    0.03935974491226066,
    0.03862098248167781,
    0.04268259176189071,
    0.038348235817179714,
    0.035752619919042654,
    0.036991769504521245,
    0.038819638379420325,
    0.03621657971298692,
    0.03886843409567139,
    0.0352349833712775,
    0.03589585990391149,
    0.03683439702619448,
    0.03606120289488691,
    0.03676713275220368,
    0.03694426568949743,
    0.03697544879835164,
    0.036615417734459164,
    0.03687888373226533,
    0.03653884163649354,
    0.03668553913163218,
    0.03658783793626432,
    0.03663261540562616,
    0.036671068590846755,
    0.03642160806575948,
    0.036593004018544935,
    0.036522209878371736,
    0.036804337230669955,
    0.03660942961074376,
    0.03665289415486169,
    0.037145194770103994,
    0.03663947850360237,
    0.0369357702760411,
    0.03661151903049298,
    0.03680565303946048,
    0.03720499944347809
  ]
}