{
  "confusion_matrix": [
    [
      899,
      11174
    ],
    [
      10,
      276
    ]
  ],
  "total_samples": 12359,
  "correct_predictions": 1175,
  "accuracy": 0.09507241686220567,
  "loss": 2.440017642900776,
  "classification_report": {
    "NORMAL": {
      "precision": 0.988998899889989,
      "recall": 0.07446367928435352,
      "f1_score": 0.13849933055754124,
      "specificity": 0.965034965034965,
      "TP": 899,
      "TN": 276,
      "FP": 10,
      "FN": 11174
    },
    "PNEUMONIA": {
      "precision": 0.024104803493449782,
      "recall": 0.965034965034965,
      "f1_score": 0.04703471727504227,
      "specificity": 0.07446367928435352,
      "TP": 276,
      "TN": 899,
      "FP": 11174,
      "FN": 10
    },
    "macro_avg": {
      "precision": 0.5065518516917193,
      "recall": 0.5197493221596593,
      "f1_score": 0.09276702391629175
    },
    "accuracy": 0.09507241686220567
  },
  "test_config": {
    "model_path": "results/densenet/chest_xray/layers_None/batch_size_32/epochs_1/timestamp_11122025_083336/",
    "cross_dataset_path": "../../datasets/CXR8",
    "pretrained_model": "densenet",
    "batch_size": 32,
    "device": "cuda"
  }
}