{
  "confusion_matrix": [
    [
      238,
      3897
    ],
    [
      17,
      1758
    ]
  ],
  "total_samples": 5910,
  "correct_predictions": 1996,
  "accuracy": 0.3377326565143824,
  "loss": 1.8783788600952291,
  "classification_report": {
    "NORMAL": {
      "precision": 0.9333333333333333,
      "recall": 0.057557436517533256,
      "f1_score": 0.10842813658875411,
      "specificity": 0.9904225352112676,
      "TP": 238,
      "TN": 1758,
      "FP": 17,
      "FN": 3897
    },
    "PNEUMONIA": {
      "precision": 0.31087533156498676,
      "recall": 0.9904225352112676,
      "f1_score": 0.47321632544874515,
      "specificity": 0.057557436517533256,
      "TP": 1758,
      "TN": 238,
      "FP": 3897,
      "FN": 17
    },
    "macro_avg": {
      "precision": 0.6221043324491601,
      "recall": 0.5239899858644004,
      "f1_score": 0.2908222310187496
    },
    "accuracy": 0.3377326565143824
  },
  "test_config": {
    "model_path": "results/densenet/chest_xray/layers_None/batch_size_32/epochs_1/timestamp_11122025_083336/",
    "cross_dataset_path": "../../datasets/rsna",
    "pretrained_model": "densenet",
    "batch_size": 32,
    "device": "cuda"
  }
}