{
  "confusion_matrix": [
    [
      100,
      134
    ],
    [
      11,
      379
    ]
  ],
  "total_samples": 624,
  "correct_predictions": 479,
  "accuracy": 0.7676282051282052,
  "loss": 0.7443194220272394,
  "classification_report": {
    "NORMAL": {
      "precision": 0.9009009009009009,
      "recall": 0.42735042735042733,
      "f1_score": 0.5797097084817401,
      "specificity": 0.9717948717948718,
      "TP": 100,
      "TN": 379,
      "FP": 11,
      "FN": 134
    },
    "PNEUMONIA": {
      "precision": 0.7387914230019493,
      "recall": 0.9717948717948718,
      "f1_score": 0.8394236510269496,
      "specificity": 0.42735042735042733,
      "TP": 379,
      "TN": 100,
      "FP": 134,
      "FN": 11
    },
    "macro_avg": {
      "precision": 0.8198461619514251,
      "recall": 0.6995726495726495,
      "f1_score": 0.7095666797543448
    },
    "accuracy": 0.7676282051282052
  }
}