{
  "confusion_matrix": [
    [
      146,
      88
    ],
    [
      28,
      362
    ]
  ],
  "total_samples": 624,
  "correct_predictions": 508,
  "accuracy": 0.8141025641025641,
  "loss": 0.47151289268946034,
  "classification_report": {
    "NORMAL": {
      "precision": 0.8390804597701149,
      "recall": 0.6239316239316239,
      "f1_score": 0.7156857853232871,
      "specificity": 0.9282051282051282,
      "TP": 146,
      "TN": 362,
      "FP": 28,
      "FN": 88
    },
    "PNEUMONIA": {
      "precision": 0.8044444444444444,
      "recall": 0.9282051282051282,
      "f1_score": 0.8619042644560695,
      "specificity": 0.6239316239316239,
      "TP": 362,
      "TN": 146,
      "FP": 88,
      "FN": 28
    },
    "macro_avg": {
      "precision": 0.8217624521072797,
      "recall": 0.7760683760683761,
      "f1_score": 0.7887950248896782
    },
    "accuracy": 0.8141025641025641
  },
  "test_config": {
    "model_path": "results/efficientnet/chest_xray/layers_None/batch_size_32/epochs_500/timestamp_11122025_020634/",
    "cross_dataset_path": "../../datasets/chest_xray",
    "pretrained_model": "efficientnet",
    "batch_size": 32,
    "device": "cuda"
  }
}