{
  "confusion_matrix": [
    [
      12064,
      9
    ],
    [
      286,
      0
    ]
  ],
  "total_samples": 12359,
  "correct_predictions": 12064,
  "accuracy": 0.9761307549154462,
  "loss": 0.12300880779841154,
  "classification_report": {
    "NORMAL": {
      "precision": 0.9768421052631578,
      "recall": 0.999254534912615,
      "f1_score": 0.9879207218636946,
      "specificity": 0.0,
      "TP": 12064,
      "TN": 0,
      "FP": 286,
      "FN": 9
    },
    "PNEUMONIA": {
      "precision": 0.0,
      "recall": 0.0,
      "f1_score": 0.0,
      "specificity": 0.999254534912615,
      "TP": 0,
      "TN": 12064,
      "FP": 9,
      "FN": 286
    },
    "macro_avg": {
      "precision": 0.4884210526315789,
      "recall": 0.4996272674563075,
      "f1_score": 0.4939603609318473
    },
    "accuracy": 0.9761307549154462
  }
}