{
  "confusion_matrix": [
    [
      2543,
      9530
    ],
    [
      31,
      255
    ]
  ],
  "total_samples": 12359,
  "correct_predictions": 2798,
  "accuracy": 0.22639372117485235,
  "loss": 2.8536461035751373,
  "classification_report": {
    "NORMAL": {
      "precision": 0.9879564879564879,
      "recall": 0.21063530191336038,
      "f1_score": 0.3472380526176448,
      "specificity": 0.8916083916083916,
      "TP": 2543,
      "TN": 255,
      "FP": 31,
      "FN": 9530
    },
    "PNEUMONIA": {
      "precision": 0.026060296371997957,
      "recall": 0.8916083916083916,
      "f1_score": 0.05064039760147693,
      "specificity": 0.21063530191336038,
      "TP": 255,
      "TN": 2543,
      "FP": 9530,
      "FN": 31
    },
    "macro_avg": {
      "precision": 0.507008392164243,
      "recall": 0.5511218467608759,
      "f1_score": 0.19893922510956086
    },
    "accuracy": 0.22639372117485235
  },
  "test_config": {
    "model_path": "results/efficientnet/chest_xray/layers_None/batch_size_32/epochs_500/timestamp_11122025_020634/",
    "cross_dataset_path": "../../datasets/CXR8",
    "pretrained_model": "efficientnet",
    "batch_size": 32,
    "device": "cuda"
  }
}