{
  "confusion_matrix": [
    [
      763,
      3372
    ],
    [
      76,
      1699
    ]
  ],
  "total_samples": 5910,
  "correct_predictions": 2462,
  "accuracy": 0.4165820642978003,
  "loss": 5.274161327651713,
  "classification_report": {
    "NORMAL": {
      "precision": 0.9094159713945172,
      "recall": 0.1845223700120919,
      "f1_score": 0.30679505529583523,
      "specificity": 0.9571830985915493,
      "TP": 763,
      "TN": 1699,
      "FP": 76,
      "FN": 3372
    },
    "PNEUMONIA": {
      "precision": 0.33504239794912244,
      "recall": 0.9571830985915493,
      "f1_score": 0.4963478484414289,
      "specificity": 0.1845223700120919,
      "TP": 1699,
      "TN": 763,
      "FP": 3372,
      "FN": 76
    },
    "macro_avg": {
      "precision": 0.6222291846718199,
      "recall": 0.5708527343018206,
      "f1_score": 0.4015714518686321
    },
    "accuracy": 0.4165820642978003
  },
  "test_config": {
    "model_path": "results/efficientnet/chest_xray/layers_None/batch_size_32/epochs_500/timestamp_11122025_020634/",
    "cross_dataset_path": "../../datasets/rsna",
    "pretrained_model": "efficientnet",
    "batch_size": 32,
    "device": "cuda"
  }
}