{
  "confusion_matrix": [
    [
      4419,
      7654
    ],
    [
      39,
      247
    ]
  ],
  "total_samples": 12359,
  "correct_predictions": 4666,
  "accuracy": 0.3775386358119589,
  "loss": 2.0221186689655704,
  "classification_report": {
    "NORMAL": {
      "precision": 0.9912516823687753,
      "recall": 0.3660233579060714,
      "f1_score": 0.5346315097954442,
      "specificity": 0.8636363636363636,
      "TP": 4419,
      "TN": 247,
      "FP": 39,
      "FN": 7654
    },
    "PNEUMONIA": {
      "precision": 0.0312618655866346,
      "recall": 0.8636363636363636,
      "f1_score": 0.060339495295290015,
      "specificity": 0.3660233579060714,
      "TP": 247,
      "TN": 4419,
      "FP": 7654,
      "FN": 39
    },
    "macro_avg": {
      "precision": 0.511256773977705,
      "recall": 0.6148298607712175,
      "f1_score": 0.2974855025453671
    },
    "accuracy": 0.3775386358119589
  },
  "test_config": {
    "model_path": "results/resnet/chest_xray/layers_2/batch_size_32/epochs_500/",
    "cross_dataset_path": "../../datasets/CXR8",
    "pretrained_model": "resnet",
    "batch_size": 32,
    "device": "cuda"
  }
}