{
  "confusion_matrix": [
    [
      3777,
      8296
    ],
    [
      35,
      251
    ]
  ],
  "total_samples": 12359,
  "correct_predictions": 4028,
  "accuracy": 0.32591633627316124,
  "loss": 4.38118547389727,
  "classification_report": {
    "NORMAL": {
      "precision": 0.9908184679958028,
      "recall": 0.31284684833926946,
      "f1_score": 0.475542600287848,
      "specificity": 0.8776223776223776,
      "TP": 3777,
      "TN": 251,
      "FP": 35,
      "FN": 8296
    },
    "PNEUMONIA": {
      "precision": 0.029367029367029368,
      "recall": 0.8776223776223776,
      "f1_score": 0.05683227063524943,
      "specificity": 0.31284684833926946,
      "TP": 251,
      "TN": 3777,
      "FP": 8296,
      "FN": 35
    },
    "macro_avg": {
      "precision": 0.5100927486814161,
      "recall": 0.5952346129808235,
      "f1_score": 0.2661874354615487
    },
    "accuracy": 0.32591633627316124
  },
  "test_config": {
    "model_path": "results/resnet/chest_xray/layers_2/batch_size_32/epochs_500/",
    "cross_dataset_path": "../../datasets/CXR8",
    "pretrained_model": "resnet",
    "batch_size": 32,
    "device": "cuda"
  }
}