{
  "confusion_matrix": [
    [
      4270,
      7803
    ],
    [
      41,
      245
    ]
  ],
  "total_samples": 12359,
  "correct_predictions": 4515,
  "accuracy": 0.36532081883647544,
  "loss": 3.179078640236767,
  "classification_report": {
    "NORMAL": {
      "precision": 0.9904894456042681,
      "recall": 0.35368176923714073,
      "f1_score": 0.521239846597133,
      "specificity": 0.8566433566433567,
      "TP": 4270,
      "TN": 245,
      "FP": 41,
      "FN": 7803
    },
    "PNEUMONIA": {
      "precision": 0.03044234592445328,
      "recall": 0.8566433566433567,
      "f1_score": 0.0587952300972033,
      "specificity": 0.35368176923714073,
      "TP": 245,
      "TN": 4270,
      "FP": 7803,
      "FN": 41
    },
    "macro_avg": {
      "precision": 0.5104658957643607,
      "recall": 0.6051625629402487,
      "f1_score": 0.29001753834716815
    },
    "accuracy": 0.36532081883647544
  },
  "test_config": {
    "model_path": "results/resnet/chest_xray/layers_2/batch_size_32/epochs_500/",
    "cross_dataset_path": "../../datasets/CXR8",
    "pretrained_model": "resnet",
    "batch_size": 32,
    "device": "cuda"
  }
}