{
  "confusion_matrix": [
    [
      136,
      98
    ],
    [
      4,
      386
    ]
  ],
  "total_samples": 624,
  "correct_predictions": 522,
  "accuracy": 0.8365384615384616,
  "loss": 0.8854278118800348,
  "classification_report": {
    "NORMAL": {
      "precision": 0.9714285714285714,
      "recall": 0.5811965811965812,
      "f1_score": 0.7272722588581473,
      "specificity": 0.9897435897435898,
      "TP": 136,
      "TN": 386,
      "FP": 4,
      "FN": 98
    },
    "PNEUMONIA": {
      "precision": 0.7975206611570248,
      "recall": 0.9897435897435898,
      "f1_score": 0.883294700291947,
      "specificity": 0.5811965811965812,
      "TP": 386,
      "TN": 136,
      "FP": 98,
      "FN": 4
    },
    "macro_avg": {
      "precision": 0.8844746162927981,
      "recall": 0.7854700854700856,
      "f1_score": 0.8052834795750472
    },
    "accuracy": 0.8365384615384616
  },
  "test_config": {
    "model_path": "results/resnet/chest_xray/layers_2/batch_size_32/epochs_500/",
    "cross_dataset_path": "../../datasets/chest_xray",
    "pretrained_model": "resnet",
    "batch_size": 32,
    "device": "cuda"
  }
}