{
  "confusion_matrix": [
    [
      119,
      115
    ],
    [
      2,
      388
    ]
  ],
  "total_samples": 624,
  "correct_predictions": 507,
  "accuracy": 0.8125,
  "loss": 0.9144519995774877,
  "classification_report": {
    "NORMAL": {
      "precision": 0.9834710743801653,
      "recall": 0.5085470085470085,
      "f1_score": 0.670422085872152,
      "specificity": 0.9948717948717949,
      "TP": 119,
      "TN": 388,
      "FP": 2,
      "FN": 115
    },
    "PNEUMONIA": {
      "precision": 0.7713717693836978,
      "recall": 0.9948717948717949,
      "f1_score": 0.8689804710523458,
      "specificity": 0.5085470085470085,
      "TP": 388,
      "TN": 119,
      "FP": 115,
      "FN": 2
    },
    "macro_avg": {
      "precision": 0.8774214218819316,
      "recall": 0.7517094017094017,
      "f1_score": 0.7697012784622489
    },
    "accuracy": 0.8125
  },
  "test_config": {
    "model_path": "results/resnet/chest_xray/layers_2/batch_size_32/epochs_500/",
    "cross_dataset_path": "../../datasets/chest_xray",
    "pretrained_model": "resnet",
    "batch_size": 32,
    "device": "cuda"
  }
}