{
  "confusion_matrix": [
    [
      140,
      94
    ],
    [
      4,
      386
    ]
  ],
  "total_samples": 624,
  "correct_predictions": 526,
  "accuracy": 0.842948717948718,
  "loss": 0.6887846072443212,
  "classification_report": {
    "NORMAL": {
      "precision": 0.9722222222222222,
      "recall": 0.5982905982905983,
      "f1_score": 0.7407402690857122,
      "specificity": 0.9897435897435898,
      "TP": 140,
      "TN": 386,
      "FP": 4,
      "FN": 94
    },
    "PNEUMONIA": {
      "precision": 0.8041666666666667,
      "recall": 0.9897435897435898,
      "f1_score": 0.8873558271901292,
      "specificity": 0.5982905982905983,
      "TP": 386,
      "TN": 140,
      "FP": 94,
      "FN": 4
    },
    "macro_avg": {
      "precision": 0.8881944444444445,
      "recall": 0.7940170940170941,
      "f1_score": 0.8140480481379206
    },
    "accuracy": 0.842948717948718
  },
  "test_config": {
    "model_path": "results/resnet/chest_xray/layers_2/batch_size_32/epochs_500/",
    "cross_dataset_path": "../../datasets/chest_xray",
    "pretrained_model": "resnet",
    "batch_size": 32,
    "device": "cuda"
  }
}