{
  "confusion_matrix": [
    [
      137,
      97
    ],
    [
      3,
      387
    ]
  ],
  "total_samples": 624,
  "correct_predictions": 524,
  "accuracy": 0.8397435897435898,
  "loss": 0.5525683930669075,
  "classification_report": {
    "NORMAL": {
      "precision": 0.9785714285714285,
      "recall": 0.5854700854700855,
      "f1_score": 0.7326198524410327,
      "specificity": 0.9923076923076923,
      "TP": 137,
      "TN": 387,
      "FP": 3,
      "FN": 97
    },
    "PNEUMONIA": {
      "precision": 0.7995867768595041,
      "recall": 0.9923076923076923,
      "f1_score": 0.8855830298113971,
      "specificity": 0.5854700854700855,
      "TP": 387,
      "TN": 137,
      "FP": 97,
      "FN": 3
    },
    "macro_avg": {
      "precision": 0.8890791027154663,
      "recall": 0.788888888888889,
      "f1_score": 0.809101441126215
    },
    "accuracy": 0.8397435897435898
  },
  "test_config": {
    "model_path": "results/resnet/chest_xray/layers_2/batch_size_32/epochs_500/",
    "cross_dataset_path": "../../datasets/chest_xray",
    "pretrained_model": "resnet",
    "batch_size": 32,
    "device": "cuda"
  }
}