{
  "confusion_matrix": [
    [
      231,
      3
    ],
    [
      377,
      13
    ]
  ],
  "total_samples": 624,
  "correct_predictions": 244,
  "accuracy": 0.391025641025641,
  "loss": 4.6258454788416525,
  "classification_report": {
    "NORMAL": {
      "precision": 0.37993421052631576,
      "recall": 0.9871794871794872,
      "f1_score": 0.5486935866983372,
      "specificity": 0.03333333333333333,
      "TP": 231,
      "TN": 13,
      "FP": 377,
      "FN": 3
    },
    "PNEUMONIA": {
      "precision": 0.8125,
      "recall": 0.03333333333333333,
      "f1_score": 0.06403940886699508,
      "specificity": 0.9871794871794872,
      "TP": 13,
      "TN": 231,
      "FP": 3,
      "FN": 377
    },
    "macro_avg": {
      "precision": 0.5962171052631579,
      "recall": 0.5102564102564103,
      "f1_score": 0.30636649778266617
    },
    "accuracy": 0.391025641025641
  },
  "test_config": {
    "model_path": "results/densenet/CXR8/layers_5/batch_size_32/epochs_10/model.pt",
    "cross_dataset_path": "../../datasets/chest_xray",
    "pretrained_model": "densenet",
    "batch_size": 32,
    "device": "cuda"
  }
}