{
  "confusion_matrix": [
    [
      4133,
      2
    ],
    [
      1772,
      3
    ]
  ],
  "total_samples": 5910,
  "correct_predictions": 4136,
  "accuracy": 0.6998307952622673,
  "loss": 0.7085982688540331,
  "classification_report": {
    "NORMAL": {
      "precision": 0.6999153259949196,
      "recall": 0.9995163240628778,
      "f1_score": 0.8233062884485836,
      "specificity": 0.0016901408450704226,
      "TP": 4133,
      "TN": 3,
      "FP": 1772,
      "FN": 2
    },
    "PNEUMONIA": {
      "precision": 0.6,
      "recall": 0.0016901408450704226,
      "f1_score": 0.003370780914666551,
      "specificity": 0.9995163240628778,
      "TP": 3,
      "TN": 4133,
      "FP": 2,
      "FN": 1772
    },
    "macro_avg": {
      "precision": 0.6499576629974597,
      "recall": 0.5006032324539741,
      "f1_score": 0.41333853468162507
    },
    "accuracy": 0.6998307952622673
  }
}