{
  "confusion_matrix": [
    [
      151,
      83
    ],
    [
      17,
      373
    ]
  ],
  "total_samples": 624,
  "correct_predictions": 524,
  "accuracy": 0.8397435897435898,
  "loss": 0.48624663962385595,
  "classification_report": {
    "NORMAL": {
      "precision": 0.8988095238095238,
      "recall": 0.6452991452991453,
      "f1_score": 0.7512432945722316,
      "specificity": 0.9564102564102565,
      "TP": 151,
      "TN": 373,
      "FP": 17,
      "FN": 83
    },
    "PNEUMONIA": {
      "precision": 0.8179824561403509,
      "recall": 0.9564102564102565,
      "f1_score": 0.8817961933507152,
      "specificity": 0.6452991452991453,
      "TP": 373,
      "TN": 151,
      "FP": 83,
      "FN": 17
    },
    "macro_avg": {
      "precision": 0.8583959899749374,
      "recall": 0.8008547008547009,
      "f1_score": 0.8165197439614734
    },
    "accuracy": 0.8397435897435898
  },
  "test_config": {
    "model_path": "results/efficientnet/chest_xray/layers_2/batch_size_32/epochs_500/timestamp_11122025_022810/",
    "cross_dataset_path": "../../datasets/chest_xray",
    "pretrained_model": "efficientnet",
    "batch_size": 32,
    "device": "cuda"
  }
}