{
  "confusion_matrix": [
    [
      115,
      119
    ],
    [
      7,
      383
    ]
  ],
  "total_samples": 624,
  "correct_predictions": 498,
  "accuracy": 0.7980769230769231,
  "loss": 0.7904660395131662,
  "classification_report": {
    "NORMAL": {
      "precision": 0.9426229508196722,
      "recall": 0.49145299145299143,
      "f1_score": 0.6460669652193521,
      "specificity": 0.982051282051282,
      "TP": 115,
      "TN": 383,
      "FP": 7,
      "FN": 119
    },
    "PNEUMONIA": {
      "precision": 0.7629482071713147,
      "recall": 0.982051282051282,
      "f1_score": 0.8587439025018405,
      "specificity": 0.49145299145299143,
      "TP": 383,
      "TN": 115,
      "FP": 119,
      "FN": 7
    },
    "macro_avg": {
      "precision": 0.8527855789954935,
      "recall": 0.7367521367521367,
      "f1_score": 0.7524054338605963
    },
    "accuracy": 0.7980769230769231
  }
}