{
  "confusion_matrix": [
    [
      2276,
      9797
    ],
    [
      22,
      264
    ]
  ],
  "total_samples": 12359,
  "correct_predictions": 2540,
  "accuracy": 0.20551824581276804,
  "loss": 2.5105168238862143,
  "classification_report": {
    "NORMAL": {
      "precision": 0.9904264577893821,
      "recall": 0.18851983765426986,
      "f1_score": 0.3167487397486836,
      "specificity": 0.9230769230769231,
      "TP": 2276,
      "TN": 264,
      "FP": 22,
      "FN": 9797
    },
    "PNEUMONIA": {
      "precision": 0.026239936388033,
      "recall": 0.9230769230769231,
      "f1_score": 0.05102923009675839,
      "specificity": 0.18851983765426986,
      "TP": 264,
      "TN": 2276,
      "FP": 9797,
      "FN": 22
    },
    "macro_avg": {
      "precision": 0.5083331970887075,
      "recall": 0.5557983803655965,
      "f1_score": 0.183888984922721
    },
    "accuracy": 0.20551824581276804
  },
  "test_config": {
    "model_path": "results/efficientnet/chest_xray/layers_2/batch_size_32/epochs_500/timestamp_11122025_022810/",
    "cross_dataset_path": "../../datasets/CXR8",
    "pretrained_model": "efficientnet",
    "batch_size": 32,
    "device": "cuda"
  }
}