{
  "confusion_matrix": [
    [
      667,
      3468
    ],
    [
      52,
      1723
    ]
  ],
  "total_samples": 5910,
  "correct_predictions": 2390,
  "accuracy": 0.40439932318104904,
  "loss": 3.5266560793729806,
  "classification_report": {
    "NORMAL": {
      "precision": 0.9276773296244785,
      "recall": 0.16130592503022975,
      "f1_score": 0.27482463432328913,
      "specificity": 0.9707042253521126,
      "TP": 667,
      "TN": 1723,
      "FP": 52,
      "FN": 3468
    },
    "PNEUMONIA": {
      "precision": 0.33192063186283954,
      "recall": 0.9707042253521126,
      "f1_score": 0.4946881071740223,
      "specificity": 0.16130592503022975,
      "TP": 1723,
      "TN": 667,
      "FP": 3468,
      "FN": 52
    },
    "macro_avg": {
      "precision": 0.629798980743659,
      "recall": 0.5660050751911712,
      "f1_score": 0.3847563707486557
    },
    "accuracy": 0.40439932318104904
  },
  "test_config": {
    "model_path": "results/efficientnet/chest_xray/layers_2/batch_size_32/epochs_500/timestamp_11122025_022810/",
    "cross_dataset_path": "../../datasets/rsna",
    "pretrained_model": "efficientnet",
    "batch_size": 32,
    "device": "cuda"
  }
}