{
  "confusion_matrix": [
    [
      1002,
      3133
    ],
    [
      77,
      1698
    ]
  ],
  "total_samples": 5910,
  "correct_predictions": 2700,
  "accuracy": 0.45685279187817257,
  "loss": 2.018794594238656,
  "classification_report": {
    "NORMAL": {
      "precision": 0.9286376274328082,
      "recall": 0.24232164449818622,
      "f1_score": 0.3843494991530732,
      "specificity": 0.9566197183098591,
      "TP": 1002,
      "TN": 1698,
      "FP": 77,
      "FN": 3133
    },
    "PNEUMONIA": {
      "precision": 0.35148002483957774,
      "recall": 0.9566197183098591,
      "f1_score": 0.5140777178125463,
      "specificity": 0.24232164449818622,
      "TP": 1698,
      "TN": 1002,
      "FP": 3133,
      "FN": 77
    },
    "macro_avg": {
      "precision": 0.640058826136193,
      "recall": 0.5994706814040227,
      "f1_score": 0.4492136084828098
    },
    "accuracy": 0.45685279187817257
  },
  "test_config": {
    "model_path": "results/densenet/chest_xray/layers_None/batch_size_32/epochs_500/timestamp_11122025_165919/",
    "cross_dataset_path": "../../datasets/rsna",
    "pretrained_model": "densenet",
    "batch_size": 32,
    "device": "cuda"
  }
}