{
  "confusion_matrix": [
    [
      3578,
      8495
    ],
    [
      25,
      261
    ]
  ],
  "total_samples": 12359,
  "correct_predictions": 3839,
  "accuracy": 0.3106238368800065,
  "loss": 2.198970588774287,
  "classification_report": {
    "NORMAL": {
      "precision": 0.9930613377740771,
      "recall": 0.2963637869626439,
      "f1_score": 0.4564940035723399,
      "specificity": 0.9125874125874126,
      "TP": 3578,
      "TN": 261,
      "FP": 25,
      "FN": 8495
    },
    "PNEUMONIA": {
      "precision": 0.029808131566925536,
      "recall": 0.9125874125874126,
      "f1_score": 0.0577305905773059,
      "specificity": 0.2963637869626439,
      "TP": 261,
      "TN": 3578,
      "FP": 8495,
      "FN": 25
    },
    "macro_avg": {
      "precision": 0.5114347346705014,
      "recall": 0.6044755997750283,
      "f1_score": 0.2571122970748229
    },
    "accuracy": 0.3106238368800065
  },
  "test_config": {
    "model_path": "results/densenet/chest_xray/layers_2/batch_size_32/loss_cross_entropy/sampler_balanced/epochs_500/",
    "cross_dataset_path": "../../datasets/CXR8",
    "pretrained_model": "densenet",
    "batch_size": 32,
    "device": "cuda"
  }
}