{
  "confusion_matrix": [
    [
      196,
      38
    ],
    [
      25,
      365
    ]
  ],
  "total_samples": 624,
  "correct_predictions": 561,
  "accuracy": 0.8990384615384616,
  "loss": 0.26304038977011657,
  "classification_report": {
    "NORMAL": {
      "precision": 0.8868778280542986,
      "recall": 0.8376068376068376,
      "f1_score": 0.8615379619469146,
      "specificity": 0.9358974358974359,
      "TP": 196,
      "TN": 365,
      "FP": 25,
      "FN": 38
    },
    "PNEUMONIA": {
      "precision": 0.9057071960297767,
      "recall": 0.9358974358974359,
      "f1_score": 0.9205543551157285,
      "specificity": 0.8376068376068376,
      "TP": 365,
      "TN": 196,
      "FP": 38,
      "FN": 25
    },
    "macro_avg": {
      "precision": 0.8962925120420376,
      "recall": 0.8867521367521367,
      "f1_score": 0.8910461585313215
    },
    "accuracy": 0.8990384615384616
  },
  "test_config": {
    "model_path": "results/resnet/chest_xray/layers_None/batch_size_32/epochs_500/timestamp_11122025_163233/",
    "cross_dataset_path": "../../datasets/chest_xray",
    "pretrained_model": "resnet",
    "batch_size": 32,
    "device": "cuda"
  }
}