{
  "confusion_matrix": [
    [
      218,
      16
    ],
    [
      354,
      36
    ]
  ],
  "total_samples": 624,
  "correct_predictions": 254,
  "accuracy": 0.40705128205128205,
  "loss": 0.986365257929533,
  "classification_report": {
    "NORMAL": {
      "precision": 0.3811188811188811,
      "recall": 0.9316239316239316,
      "f1_score": 0.5409429280397022,
      "specificity": 0.09230769230769231,
      "TP": 218,
      "TN": 36,
      "FP": 354,
      "FN": 16
    },
    "PNEUMONIA": {
      "precision": 0.6923076923076923,
      "recall": 0.09230769230769231,
      "f1_score": 0.16289592760180996,
      "specificity": 0.9316239316239316,
      "TP": 36,
      "TN": 218,
      "FP": 16,
      "FN": 354
    },
    "macro_avg": {
      "precision": 0.5367132867132867,
      "recall": 0.5119658119658119,
      "f1_score": 0.3519194278207561
    },
    "accuracy": 0.40705128205128205
  },
  "test_config": {
    "model_path": "results/densenet/CXR8/layers_5/batch_size_32/loss_cross_entropy/sampler_balanced/epochs_500/",
    "cross_dataset_path": "../../datasets/chest_xray",
    "pretrained_model": "densenet",
    "batch_size": 32,
    "device": "cuda"
  }
}