{
  "confusion_matrix": [
    [
      8995,
      3078
    ],
    [
      78,
      208
    ]
  ],
  "total_samples": 12359,
  "correct_predictions": 9203,
  "accuracy": 0.7446395339428756,
  "loss": 0.5155966086001909,
  "classification_report": {
    "NORMAL": {
      "precision": 0.9914030640361512,
      "recall": 0.7450509401143046,
      "f1_score": 0.8507519152558404,
      "specificity": 0.7272727272727273,
      "TP": 8995,
      "TN": 208,
      "FP": 78,
      "FN": 3078
    },
    "PNEUMONIA": {
      "precision": 0.06329884357881924,
      "recall": 0.7272727272727273,
      "f1_score": 0.11646136618141098,
      "specificity": 0.7450509401143046,
      "TP": 208,
      "TN": 8995,
      "FP": 3078,
      "FN": 78
    },
    "macro_avg": {
      "precision": 0.5273509538074852,
      "recall": 0.736161833693516,
      "f1_score": 0.4836066407186257
    },
    "accuracy": 0.7446395339428756
  },
  "test_config": {
    "model_path": "results/densenet/CXR8/layers_5/batch_size_32/loss_cross_entropy/sampler_balanced/epochs_500/",
    "cross_dataset_path": "../../datasets/CXR8",
    "pretrained_model": "densenet",
    "batch_size": 32,
    "device": "cuda"
  }
}