{
  "confusion_matrix": [
    [
      195,
      39
    ],
    [
      240,
      150
    ]
  ],
  "total_samples": 624,
  "correct_predictions": 345,
  "accuracy": 0.5528846153846154,
  "loss": 0.7028433183828989,
  "classification_report": {
    "NORMAL": {
      "precision": 0.4482758620689655,
      "recall": 0.8333333333333334,
      "f1_score": 0.5829591863905901,
      "specificity": 0.38461538461538464,
      "TP": 195,
      "TN": 150,
      "FP": 240,
      "FN": 39
    },
    "PNEUMONIA": {
      "precision": 0.7936507936507936,
      "recall": 0.38461538461538464,
      "f1_score": 0.5181342752829312,
      "specificity": 0.8333333333333334,
      "TP": 150,
      "TN": 195,
      "FP": 39,
      "FN": 240
    },
    "macro_avg": {
      "precision": 0.6209633278598796,
      "recall": 0.608974358974359,
      "f1_score": 0.5505467308367606
    },
    "accuracy": 0.5528846153846154
  },
  "test_config": {
    "model_path": "results/densenet/CXR8/layers_5/batch_size_32/epochs_500/timestamp_11122025_034736/",
    "cross_dataset_path": "../../datasets/chest_xray",
    "pretrained_model": "densenet",
    "batch_size": 32,
    "device": "cuda"
  }
}