{
  "confusion_matrix": [
    [
      144,
      90
    ],
    [
      100,
      290
    ]
  ],
  "total_samples": 624,
  "correct_predictions": 434,
  "accuracy": 0.6955128205128205,
  "loss": 0.5734651531928625,
  "classification_report": {
    "NORMAL": {
      "precision": 0.5901639344262295,
      "recall": 0.6153846153846154,
      "f1_score": 0.6025099604702944,
      "specificity": 0.7435897435897436,
      "TP": 144,
      "TN": 290,
      "FP": 100,
      "FN": 90
    },
    "PNEUMONIA": {
      "precision": 0.7631578947368421,
      "recall": 0.7435897435897436,
      "f1_score": 0.7532462533314165,
      "specificity": 0.6153846153846154,
      "TP": 290,
      "TN": 144,
      "FP": 90,
      "FN": 100
    },
    "macro_avg": {
      "precision": 0.6766609145815359,
      "recall": 0.6794871794871795,
      "f1_score": 0.6778781069008555
    },
    "accuracy": 0.6955128205128205
  },
  "test_config": {
    "model_path": "results/resnet/rsna/layers_None/batch_size_32/epochs_500/timestamp_11122025_005355/",
    "cross_dataset_path": "../../datasets/chest_xray",
    "pretrained_model": "resnet",
    "batch_size": 32,
    "device": "cuda"
  }
}