{
  "confusion_matrix": [
    [
      156,
      78
    ],
    [
      113,
      277
    ]
  ],
  "total_samples": 624,
  "correct_predictions": 433,
  "accuracy": 0.6939102564102564,
  "loss": 0.5907150300649496,
  "classification_report": {
    "NORMAL": {
      "precision": 0.5799256505576208,
      "recall": 0.6666666666666666,
      "f1_score": 0.6202778324411424,
      "specificity": 0.7102564102564103,
      "TP": 156,
      "TN": 277,
      "FP": 113,
      "FN": 78
    },
    "PNEUMONIA": {
      "precision": 0.780281690140845,
      "recall": 0.7102564102564103,
      "f1_score": 0.7436236621777141,
      "specificity": 0.6666666666666666,
      "TP": 277,
      "TN": 156,
      "FP": 78,
      "FN": 113
    },
    "macro_avg": {
      "precision": 0.6801036703492329,
      "recall": 0.6884615384615385,
      "f1_score": 0.6819507473094283
    },
    "accuracy": 0.6939102564102564
  },
  "test_config": {
    "model_path": "results/mobilenet/rsna/layers_None/batch_size_32/epochs_500/timestamp_11122025_005355/",
    "cross_dataset_path": "../../datasets/chest_xray",
    "pretrained_model": "mobilenet",
    "batch_size": 32,
    "device": "cuda"
  }
}