{
  "confusion_matrix": [
    [
      4133,
      2
    ],
    [
      1773,
      2
    ]
  ],
  "total_samples": 5910,
  "correct_predictions": 4135,
  "accuracy": 0.6996615905245347,
  "loss": 0.920370849310192,
  "classification_report": {
    "NORMAL": {
      "precision": 0.6997968167964782,
      "recall": 0.9995163240628778,
      "f1_score": 0.8232242939632077,
      "specificity": 0.0011267605633802818,
      "TP": 4133,
      "TN": 2,
      "FP": 1773,
      "FN": 2
    },
    "PNEUMONIA": {
      "precision": 0.5,
      "recall": 0.0011267605633802818,
      "f1_score": 0.0022484497009575954,
      "specificity": 0.9995163240628778,
      "TP": 2,
      "TN": 4133,
      "FP": 2,
      "FN": 1773
    },
    "macro_avg": {
      "precision": 0.599898408398239,
      "recall": 0.5003215423131291,
      "f1_score": 0.41273637183208267
    },
    "accuracy": 0.6996615905245347
  }
}