{
  "confusion_matrix": [
    [
      228,
      6
    ],
    [
      370,
      20
    ]
  ],
  "total_samples": 624,
  "correct_predictions": 248,
  "accuracy": 0.3974358974358974,
  "loss": 3.601713339272791,
  "classification_report": {
    "NORMAL": {
      "precision": 0.38127090301003347,
      "recall": 0.9743589743589743,
      "f1_score": 0.548076923076923,
      "specificity": 0.05128205128205128,
      "TP": 228,
      "TN": 20,
      "FP": 370,
      "FN": 6
    },
    "PNEUMONIA": {
      "precision": 0.7692307692307693,
      "recall": 0.05128205128205128,
      "f1_score": 0.09615384615384615,
      "specificity": 0.9743589743589743,
      "TP": 20,
      "TN": 228,
      "FP": 6,
      "FN": 370
    },
    "macro_avg": {
      "precision": 0.5752508361204014,
      "recall": 0.5128205128205128,
      "f1_score": 0.3221153846153846
    },
    "accuracy": 0.3974358974358974
  },
  "test_config": {
    "model_path": "results/densenet/layers_1/batch_size_32/epochs_100/model.pt",
    "cross_dataset_path": "../../datasets/chest_xray",
    "pretrained_model": "densenet",
    "batch_size": 32,
    "device": "cuda"
  }
}