{
  "confusion_matrix": [
    [
      112,
      122
    ],
    [
      3,
      387
    ]
  ],
  "total_samples": 624,
  "correct_predictions": 499,
  "accuracy": 0.7996794871794872,
  "loss": 0.5040613218234518,
  "classification_report": {
    "NORMAL": {
      "precision": 0.9739130434782609,
      "recall": 0.47863247863247865,
      "f1_score": 0.6418338108882522,
      "specificity": 0.9923076923076923,
      "TP": 112,
      "TN": 387,
      "FP": 3,
      "FN": 122
    },
    "PNEUMONIA": {
      "precision": 0.7603143418467584,
      "recall": 0.9923076923076923,
      "f1_score": 0.8609566184649611,
      "specificity": 0.47863247863247865,
      "TP": 387,
      "TN": 112,
      "FP": 122,
      "FN": 3
    },
    "macro_avg": {
      "precision": 0.8671136926625096,
      "recall": 0.7354700854700855,
      "f1_score": 0.7513952146766066
    },
    "accuracy": 0.7996794871794872
  },
  "test_config": {
    "model_path": "results/densenet/chest_xray/layers_5/batch_size_16/loss_cross_entropy/sampler_balanced/epochs_500/",
    "cross_dataset_path": "../../datasets/chest_xray",
    "pretrained_model": "densenet",
    "batch_size": 16,
    "device": "cuda"
  }
}