{
  "confusion_matrix": [
    [
      11340,
      733
    ],
    [
      263,
      23
    ]
  ],
  "total_samples": 12359,
  "correct_predictions": 11363,
  "accuracy": 0.9194109555789304,
  "loss": 0.6472956581026598,
  "classification_report": {
    "NORMAL": {
      "precision": 0.9773334482461432,
      "recall": 0.9392860101051934,
      "f1_score": 0.957932083122149,
      "specificity": 0.08041958041958042,
      "TP": 11340,
      "TN": 23,
      "FP": 263,
      "FN": 733
    },
    "PNEUMONIA": {
      "precision": 0.03042328042328042,
      "recall": 0.08041958041958042,
      "f1_score": 0.044145873320537425,
      "specificity": 0.9392860101051934,
      "TP": 23,
      "TN": 11340,
      "FP": 733,
      "FN": 263
    },
    "macro_avg": {
      "precision": 0.5038783643347118,
      "recall": 0.5098527952623869,
      "f1_score": 0.5010389782213431
    },
    "accuracy": 0.9194109555789304
  },
  "test_config": {
    "model_path": "results/efficientnet/CXR8/layers_5/batch_size_32/loss_cross_entropy/sampler_balanced/epochs_100/",
    "cross_dataset_path": "../../datasets/CXR8",
    "pretrained_model": "efficientnet",
    "batch_size": 32,
    "device": "cuda"
  }
}