{
  "confusion_matrix": [
    [
      206,
      28
    ],
    [
      335,
      55
    ]
  ],
  "total_samples": 624,
  "correct_predictions": 261,
  "accuracy": 0.4182692307692308,
  "loss": 0.9482731849719317,
  "classification_report": {
    "NORMAL": {
      "precision": 0.3807763401109057,
      "recall": 0.8803418803418803,
      "f1_score": 0.5316129032258065,
      "specificity": 0.14102564102564102,
      "TP": 206,
      "TN": 55,
      "FP": 335,
      "FN": 28
    },
    "PNEUMONIA": {
      "precision": 0.6626506024096386,
      "recall": 0.14102564102564102,
      "f1_score": 0.23255813953488375,
      "specificity": 0.8803418803418803,
      "TP": 55,
      "TN": 206,
      "FP": 28,
      "FN": 335
    },
    "macro_avg": {
      "precision": 0.5217134712602721,
      "recall": 0.5106837606837606,
      "f1_score": 0.38208552138034513
    },
    "accuracy": 0.4182692307692308
  },
  "test_config": {
    "model_path": "results/densenet/CXR8/layers_5/batch_size_32/epochs_100/",
    "cross_dataset_path": "../../datasets/chest_xray",
    "pretrained_model": "densenet",
    "batch_size": 32,
    "device": "cuda"
  }
}