{
  "confusion_matrix": [
    [
      11,
      223
    ],
    [
      11,
      379
    ]
  ],
  "total_samples": 624,
  "correct_predictions": 390,
  "accuracy": 0.625,
  "loss": 0.6752583934710576,
  "classification_report": {
    "NORMAL": {
      "precision": 0.5,
      "recall": 0.04700854700854701,
      "f1_score": 0.08593749999999999,
      "specificity": 0.9717948717948718,
      "TP": 11,
      "TN": 379,
      "FP": 11,
      "FN": 223
    },
    "PNEUMONIA": {
      "precision": 0.6295681063122923,
      "recall": 0.9717948717948718,
      "f1_score": 0.7641129032258065,
      "specificity": 0.04700854700854701,
      "TP": 379,
      "TN": 11,
      "FP": 223,
      "FN": 11
    },
    "macro_avg": {
      "precision": 0.5647840531561461,
      "recall": 0.5094017094017094,
      "f1_score": 0.42502520161290325
    },
    "accuracy": 0.625
  },
  "test_config": {
    "model_path": "results/efficientnet/chest_xray/layers_5/batch_size_32/loss_focal_loss/sampler_weighted/epochs_100/",
    "cross_dataset_path": "../../datasets/chest_xray",
    "pretrained_model": "efficientnet",
    "batch_size": 32,
    "device": "cuda"
  }
}