{
  "total_time_seconds": 0.15157818794250488,
  "epoch_times": [
    {
      "epoch": 0,
      "time_seconds": 0.15027093887329102
    }
  ],
  "batch_times": {
    "train": [
      {
        "epoch": 0,
        "avg_batch_time_seconds": 0.0007274369247087085,
        "total_batches": 131,
        "total_time_seconds": 0.13631272315979004
      }
    ],
    "val": [
      {
        "epoch": 0,
        "avg_batch_time_seconds": 0.000142588759913589,
        "total_batches": 33,
        "total_time_seconds": 0.01222372055053711
      }
    ]
  },
  "throughput": {
    "train": [
      {
        "epoch": 0,
        "total_samples": 4185,
        "total_time_seconds": 0.13631272315979004
      }
    ],
    "val": [
      {
        "epoch": 0,
        "total_samples": 1047,
        "total_time_seconds": 0.01222372055053711
      }
    ]
  },
  "memory_usage": [
    {
      "epoch": 0,
      "cpu_memory_mb": 1682.5703125,
      "gpu_memory_allocated_mb": 30.58154296875,
      "gpu_memory_reserved_mb": 86.0,
      "gpu_memory_max_allocated_mb": 403.1240234375,
      "gpu_utilization": 0
    }
  ],
  "model_info": {
    "total_params": 83008,
    "trainable_params": 83008,
    "model_size_mb": 0.3186187744140625
  },
  "initial_memory": {
    "cpu_memory_mb": 1656.8203125,
    "gpu_memory_allocated_mb": 29.52587890625,
    "gpu_memory_reserved_mb": 586.0,
    "gpu_memory_max_allocated_mb": 403.1240234375,
    "gpu_utilization": 0
  },
  "final_memory": {
    "cpu_memory_mb": 1682.5703125,
    "gpu_memory_allocated_mb": 30.58154296875,
    "gpu_memory_reserved_mb": 86.0,
    "gpu_memory_max_allocated_mb": 403.1240234375,
    "gpu_utilization": 0
  }
}