{
  "confusion_matrix": [
    [
      104,
      130
    ],
    [
      6,
      384
    ]
  ],
  "total_samples": 624,
  "correct_predictions": 488,
  "accuracy": 0.782051282051282,
  "loss": 0.5096907811478163,
  "classification_report": {
    "NORMAL": {
      "precision": 0.9454545454545454,
      "recall": 0.4444444444444444,
      "f1_score": 0.6046507277585607,
      "specificity": 0.9846153846153847,
      "TP": 104,
      "TN": 384,
      "FP": 6,
      "FN": 130
    },
    "PNEUMONIA": {
      "precision": 0.7470817120622568,
      "recall": 0.9846153846153847,
      "f1_score": 0.8495570315317267,
      "specificity": 0.4444444444444444,
      "TP": 384,
      "TN": 104,
      "FP": 130,
      "FN": 6
    },
    "macro_avg": {
      "precision": 0.8462681287584011,
      "recall": 0.7145299145299145,
      "f1_score": 0.7271038796451437
    },
    "accuracy": 0.782051282051282
  },
  "training_history": {
    "train_loss": [
      0.07381699957229473
    ],
    "val_loss": [
      0.019105946737650245
    ]
  },
  "computational_metrics": {
    "total_time_seconds": 0.15157818794250488,
    "epoch_times": [
      {
        "epoch": 0,
        "time_seconds": 0.15027093887329102
      }
    ],
    "batch_times": {
      "train": [
        {
          "epoch": 0,
          "avg_batch_time_seconds": 0.0007274369247087085,
          "total_batches": 131,
          "total_time_seconds": 0.13631272315979004
        }
      ],
      "val": [
        {
          "epoch": 0,
          "avg_batch_time_seconds": 0.000142588759913589,
          "total_batches": 33,
          "total_time_seconds": 0.01222372055053711
        }
      ]
    },
    "throughput": {
      "train": [
        {
          "epoch": 0,
          "total_samples": 4185,
          "total_time_seconds": 0.13631272315979004
        }
      ],
      "val": [
        {
          "epoch": 0,
          "total_samples": 1047,
          "total_time_seconds": 0.01222372055053711
        }
      ]
    },
    "memory_usage": [
      {
        "epoch": 0,
        "cpu_memory_mb": 1682.5703125,
        "gpu_memory_allocated_mb": 30.58154296875,
        "gpu_memory_reserved_mb": 86.0,
        "gpu_memory_max_allocated_mb": 403.1240234375,
        "gpu_utilization": 0
      }
    ],
    "model_info": {
      "total_params": 83008,
      "trainable_params": 83008,
      "model_size_mb": 0.3186187744140625
    },
    "initial_memory": {
      "cpu_memory_mb": 1656.8203125,
      "gpu_memory_allocated_mb": 29.52587890625,
      "gpu_memory_reserved_mb": 586.0,
      "gpu_memory_max_allocated_mb": 403.1240234375,
      "gpu_utilization": 0
    },
    "final_memory": {
      "cpu_memory_mb": 1682.5703125,
      "gpu_memory_allocated_mb": 30.58154296875,
      "gpu_memory_reserved_mb": 86.0,
      "gpu_memory_max_allocated_mb": 403.1240234375,
      "gpu_utilization": 0
    }
  },
  "training_config": {
    "source_name": "chest_xray",
    "target_name": "chest_xray",
    "pretrained_model": "densenet",
    "epochs": 1,
    "batch_size": 32,
    "early_stopping_patience": 100,
    "device": "cuda"
  }
}