{
  "train_loss": [
    0.0668981492471714
  ],
  "val_loss": [
    0.05168792139334523
  ]
}