{
  "train_loss": [
    0.07381699957229473
  ],
  "val_loss": [
    0.019105946737650245
  ]
}