{
  "confusion_matrix": [
    [
      3490,
      645
    ],
    [
      641,
      1134
    ]
  ],
  "total_samples": 5910,
  "correct_predictions": 4624,
  "accuracy": 0.7824027072758037,
  "loss": 0.48694556341356837,
  "classification_report": {
    "NORMAL": {
      "precision": 0.8448317598644396,
      "recall": 0.8440145102781137,
      "f1_score": 0.8444224373340691,
      "specificity": 0.6388732394366197,
      "TP": 3490,
      "TN": 1134,
      "FP": 641,
      "FN": 645
    },
    "PNEUMONIA": {
      "precision": 0.6374367622259697,
      "recall": 0.6388732394366197,
      "f1_score": 0.6381536924602261,
      "specificity": 0.8440145102781137,
      "TP": 1134,
      "TN": 3490,
      "FP": 645,
      "FN": 641
    },
    "macro_avg": {
      "precision": 0.7411342610452046,
      "recall": 0.7414438748573666,
      "f1_score": 0.7412880648971476
    },
    "accuracy": 0.7824027072758037
  },
  "training_history": {
    "train_loss": [
      0.0668981492471714
    ],
    "val_loss": [
      0.05168792139334523
    ]
  },
  "computational_metrics": {
    "total_time_seconds": 0.5207066535949707,
    "epoch_times": [
      {
        "epoch": 0,
        "time_seconds": 0.5193424224853516
      }
    ],
    "batch_times": {
      "train": [
        {
          "epoch": 0,
          "avg_batch_time_seconds": 0.0006007974165199446,
          "total_batches": 548,
          "total_time_seconds": 0.4693741798400879
        }
      ],
      "val": [
        {
          "epoch": 0,
          "avg_batch_time_seconds": 0.00013668345708916658,
          "total_batches": 137,
          "total_time_seconds": 0.048456430435180664
        }
      ]
    },
    "throughput": {
      "train": [
        {
          "epoch": 0,
          "total_samples": 17507,
          "total_time_seconds": 0.4693741798400879
        }
      ],
      "val": [
        {
          "epoch": 0,
          "total_samples": 4377,
          "total_time_seconds": 0.048456430435180664
        }
      ]
    },
    "memory_usage": [
      {
        "epoch": 0,
        "cpu_memory_mb": 1764.58984375,
        "gpu_memory_allocated_mb": 62.5146484375,
        "gpu_memory_reserved_mb": 136.0,
        "gpu_memory_max_allocated_mb": 372.94921875,
        "gpu_utilization": 0
      }
    ],
    "model_info": {
      "total_params": 83008,
      "trainable_params": 83008,
      "model_size_mb": 0.3186187744140625
    },
    "initial_memory": {
      "cpu_memory_mb": 1764.58984375,
      "gpu_memory_allocated_mb": 61.48779296875,
      "gpu_memory_reserved_mb": 540.0,
      "gpu_memory_max_allocated_mb": 372.94921875,
      "gpu_utilization": 0
    },
    "final_memory": {
      "cpu_memory_mb": 1764.58984375,
      "gpu_memory_allocated_mb": 62.5146484375,
      "gpu_memory_reserved_mb": 136.0,
      "gpu_memory_max_allocated_mb": 372.94921875,
      "gpu_utilization": 0
    }
  },
  "training_config": {
    "source_name": "chest_xray",
    "target_name": "rsna",
    "pretrained_model": "densenet",
    "epochs": 1,
    "batch_size": 32,
    "early_stopping_patience": 100,
    "device": "cuda"
  }
}