{
  "total_time_seconds": 0.5207066535949707,
  "epoch_times": [
    {
      "epoch": 0,
      "time_seconds": 0.5193424224853516
    }
  ],
  "batch_times": {
    "train": [
      {
        "epoch": 0,
        "avg_batch_time_seconds": 0.0006007974165199446,
        "total_batches": 548,
        "total_time_seconds": 0.4693741798400879
      }
    ],
    "val": [
      {
        "epoch": 0,
        "avg_batch_time_seconds": 0.00013668345708916658,
        "total_batches": 137,
        "total_time_seconds": 0.048456430435180664
      }
    ]
  },
  "throughput": {
    "train": [
      {
        "epoch": 0,
        "total_samples": 17507,
        "total_time_seconds": 0.4693741798400879
      }
    ],
    "val": [
      {
        "epoch": 0,
        "total_samples": 4377,
        "total_time_seconds": 0.048456430435180664
      }
    ]
  },
  "memory_usage": [
    {
      "epoch": 0,
      "cpu_memory_mb": 1764.58984375,
      "gpu_memory_allocated_mb": 62.5146484375,
      "gpu_memory_reserved_mb": 136.0,
      "gpu_memory_max_allocated_mb": 372.94921875,
      "gpu_utilization": 0
    }
  ],
  "model_info": {
    "total_params": 83008,
    "trainable_params": 83008,
    "model_size_mb": 0.3186187744140625
  },
  "initial_memory": {
    "cpu_memory_mb": 1764.58984375,
    "gpu_memory_allocated_mb": 61.48779296875,
    "gpu_memory_reserved_mb": 540.0,
    "gpu_memory_max_allocated_mb": 372.94921875,
    "gpu_utilization": 0
  },
  "final_memory": {
    "cpu_memory_mb": 1764.58984375,
    "gpu_memory_allocated_mb": 62.5146484375,
    "gpu_memory_reserved_mb": 136.0,
    "gpu_memory_max_allocated_mb": 372.94921875,
    "gpu_utilization": 0
  }
}