{
  "confusion_matrix": [
    [
      144,
      90
    ],
    [
      14,
      376
    ]
  ],
  "total_samples": 624,
  "correct_predictions": 520,
  "accuracy": 0.8333333333333334,
  "loss": 0.3946135496863952,
  "classification_report": {
    "NORMAL": {
      "precision": 0.9113924050632911,
      "recall": 0.6153846153846154,
      "f1_score": 0.7346933963455881,
      "specificity": 0.9641025641025641,
      "TP": 144,
      "TN": 376,
      "FP": 14,
      "FN": 90
    },
    "PNEUMONIA": {
      "precision": 0.8068669527896996,
      "recall": 0.9641025641025641,
      "f1_score": 0.8785041768388686,
      "specificity": 0.6153846153846154,
      "TP": 376,
      "TN": 144,
      "FP": 90,
      "FN": 14
    },
    "macro_avg": {
      "precision": 0.8591296789264953,
      "recall": 0.7897435897435898,
      "f1_score": 0.8065987865922284
    },
    "accuracy": 0.8333333333333334
  },
  "test_config": {
    "model_path": "results/densenet/chest_xray/layers_None/batch_size_32/epochs_1/data_aug_True/mini_batch_False/timestamp_13122025_152959/",
    "cross_dataset_path": "../../datasets/chest_xray",
    "pretrained_model": "densenet",
    "batch_size": 32,
    "device": "cuda"
  }
}