{
  "confusion_matrix": [
    [
      2944,
      9129
    ],
    [
      20,
      266
    ]
  ],
  "total_samples": 12359,
  "correct_predictions": 3210,
  "accuracy": 0.25972975159802575,
  "loss": 2.299832863091593,
  "classification_report": {
    "NORMAL": {
      "precision": 0.9932523616734144,
      "recall": 0.24384991302907313,
      "f1_score": 0.3915674669149431,
      "specificity": 0.9300699300699301,
      "TP": 2944,
      "TN": 266,
      "FP": 20,
      "FN": 9129
    },
    "PNEUMONIA": {
      "precision": 0.028312932410856837,
      "recall": 0.9300699300699301,
      "f1_score": 0.0549530007230658,
      "specificity": 0.24384991302907313,
      "TP": 266,
      "TN": 2944,
      "FP": 9129,
      "FN": 20
    },
    "macro_avg": {
      "precision": 0.5107826470421356,
      "recall": 0.5869599215495016,
      "f1_score": 0.22326023381900445
    },
    "accuracy": 0.25972975159802575
  },
  "test_config": {
    "model_path": "results/densenet/chest_xray/layers_5/batch_size_32/loss_cross_entropy/sampler_balanced/epochs_500/",
    "cross_dataset_path": "../../datasets/CXR8",
    "pretrained_model": "densenet",
    "batch_size": 32,
    "device": "cuda"
  }
}