{
  "confusion_matrix": [
    [
      113,
      121
    ],
    [
      3,
      387
    ]
  ],
  "total_samples": 624,
  "correct_predictions": 500,
  "accuracy": 0.8012820512820513,
  "loss": 0.47122068531238115,
  "classification_report": {
    "NORMAL": {
      "precision": 0.9741379310344828,
      "recall": 0.4829059829059829,
      "f1_score": 0.6457142857142858,
      "specificity": 0.9923076923076923,
      "TP": 113,
      "TN": 387,
      "FP": 3,
      "FN": 121
    },
    "PNEUMONIA": {
      "precision": 0.7618110236220472,
      "recall": 0.9923076923076923,
      "f1_score": 0.8619153674832962,
      "specificity": 0.4829059829059829,
      "TP": 387,
      "TN": 113,
      "FP": 121,
      "FN": 3
    },
    "macro_avg": {
      "precision": 0.8679744773282649,
      "recall": 0.7376068376068377,
      "f1_score": 0.753814826598791
    },
    "accuracy": 0.8012820512820513
  },
  "test_config": {
    "model_path": "results/densenet/chest_xray/layers_5/batch_size_32/loss_cross_entropy/sampler_balanced/epochs_500/",
    "cross_dataset_path": "../../datasets/chest_xray",
    "pretrained_model": "densenet",
    "batch_size": 32,
    "device": "cuda"
  }
}