{
  "confusion_matrix": [
    [
      223,
      11
    ],
    [
      281,
      109
    ]
  ],
  "total_samples": 624,
  "correct_predictions": 332,
  "accuracy": 0.532051282051282,
  "loss": 0.7808346121739118,
  "classification_report": {
    "NORMAL": {
      "precision": 0.44246031746031744,
      "recall": 0.9529914529914529,
      "f1_score": 0.6043356102851937,
      "specificity": 0.2794871794871795,
      "TP": 223,
      "TN": 109,
      "FP": 281,
      "FN": 11
    },
    "PNEUMONIA": {
      "precision": 0.9083333333333333,
      "recall": 0.2794871794871795,
      "f1_score": 0.4274506205308682,
      "specificity": 0.9529914529914529,
      "TP": 109,
      "TN": 223,
      "FP": 11,
      "FN": 281
    },
    "macro_avg": {
      "precision": 0.6753968253968254,
      "recall": 0.6162393162393163,
      "f1_score": 0.515893115408031
    },
    "accuracy": 0.532051282051282
  },
  "test_config": {
    "model_path": "results/densenet/rsna/layers_2/batch_size_32/epochs_500/timestamp_11122025_005355/",
    "cross_dataset_path": "../../datasets/chest_xray",
    "pretrained_model": "densenet",
    "batch_size": 32,
    "device": "cuda"
  }
}