{
  "confusion_matrix": [
    [
      186,
      48
    ],
    [
      38,
      352
    ]
  ],
  "total_samples": 624,
  "correct_predictions": 538,
  "accuracy": 0.8621794871794872,
  "loss": 0.3370317274179214,
  "classification_report": {
    "NORMAL": {
      "precision": 0.8303571428571429,
      "recall": 0.7948717948717948,
      "f1_score": 0.8122265744744785,
      "specificity": 0.9025641025641026,
      "TP": 186,
      "TN": 352,
      "FP": 38,
      "FN": 48
    },
    "PNEUMONIA": {
      "precision": 0.88,
      "recall": 0.9025641025641026,
      "f1_score": 0.8911387405867249,
      "specificity": 0.7948717948717948,
      "TP": 352,
      "TN": 186,
      "FP": 48,
      "FN": 38
    },
    "macro_avg": {
      "precision": 0.8551785714285715,
      "recall": 0.8487179487179487,
      "f1_score": 0.8516826575306018
    },
    "accuracy": 0.8621794871794872
  },
  "test_config": {
    "model_path": "results/densenet/chest_xray/layers_None/batch_size_32/epochs_1/timestamp_10122025_215228/",
    "cross_dataset_path": "../../datasets/chest_xray",
    "pretrained_model": "densenet",
    "batch_size": 32,
    "device": "cuda"
  }
}