{
  "confusion_matrix": [
    [
      110,
      124
    ],
    [
      11,
      379
    ]
  ],
  "total_samples": 624,
  "correct_predictions": 489,
  "accuracy": 0.7836538461538461,
  "loss": 0.5331581057264254,
  "classification_report": {
    "NORMAL": {
      "precision": 0.9090909090909091,
      "recall": 0.4700854700854701,
      "f1_score": 0.619717860520064,
      "specificity": 0.9717948717948718,
      "TP": 110,
      "TN": 379,
      "FP": 11,
      "FN": 124
    },
    "PNEUMONIA": {
      "precision": 0.7534791252485089,
      "recall": 0.9717948717948718,
      "f1_score": 0.8488236961363389,
      "specificity": 0.4700854700854701,
      "TP": 379,
      "TN": 110,
      "FP": 124,
      "FN": 11
    },
    "macro_avg": {
      "precision": 0.831285017169709,
      "recall": 0.7209401709401709,
      "f1_score": 0.7342707783282014
    },
    "accuracy": 0.7836538461538461
  },
  "test_config": {
    "model_path": "results/mobilenet/chest_xray/layers_None/batch_size_32/epochs_500/timestamp_11122025_170125/",
    "cross_dataset_path": "../../datasets/chest_xray",
    "pretrained_model": "mobilenet",
    "batch_size": 32,
    "device": "cuda"
  }
}