{
  "confusion_matrix": [
    [
      158,
      76
    ],
    [
      160,
      230
    ]
  ],
  "total_samples": 624,
  "correct_predictions": 388,
  "accuracy": 0.6217948717948718,
  "loss": 0.660924474398295,
  "classification_report": {
    "NORMAL": {
      "precision": 0.4968553459119497,
      "recall": 0.6752136752136753,
      "f1_score": 0.5724632796948087,
      "specificity": 0.5897435897435898,
      "TP": 158,
      "TN": 230,
      "FP": 160,
      "FN": 76
    },
    "PNEUMONIA": {
      "precision": 0.7516339869281046,
      "recall": 0.5897435897435898,
      "f1_score": 0.6609190475132488,
      "specificity": 0.6752136752136753,
      "TP": 230,
      "TN": 158,
      "FP": 76,
      "FN": 160
    },
    "macro_avg": {
      "precision": 0.6242446664200272,
      "recall": 0.6324786324786325,
      "f1_score": 0.6166911636040288
    },
    "accuracy": 0.6217948717948718
  },
  "test_config": {
    "model_path": "results/resnet/CXR8/layers_5/batch_size_32/epochs_500/timestamp_11122025_153943/",
    "cross_dataset_path": "../../datasets/chest_xray",
    "pretrained_model": "resnet",
    "batch_size": 32,
    "device": "cuda"
  }
}