{
  "confusion_matrix": [
    [
      10059,
      2014
    ],
    [
      118,
      168
    ]
  ],
  "total_samples": 12359,
  "correct_predictions": 10227,
  "accuracy": 0.8274941338295979,
  "loss": 0.3666804764506905,
  "classification_report": {
    "NORMAL": {
      "precision": 0.9884052274737153,
      "recall": 0.8331814793340512,
      "f1_score": 0.9041792789118402,
      "specificity": 0.5874125874125874,
      "TP": 10059,
      "TN": 168,
      "FP": 118,
      "FN": 2014
    },
    "PNEUMONIA": {
      "precision": 0.076993583868011,
      "recall": 0.5874125874125874,
      "f1_score": 0.1361424206993567,
      "specificity": 0.8331814793340512,
      "TP": 168,
      "TN": 10059,
      "FP": 2014,
      "FN": 118
    },
    "macro_avg": {
      "precision": 0.5326994056708632,
      "recall": 0.7102970333733193,
      "f1_score": 0.5201608498055985
    },
    "accuracy": 0.8274941338295979
  },
  "test_config": {
    "model_path": "results/resnet/CXR8/layers_5/batch_size_32/epochs_500/timestamp_11122025_153943/",
    "cross_dataset_path": "../../datasets/CXR8",
    "pretrained_model": "resnet",
    "batch_size": 32,
    "device": "cuda"
  }
}