{
  "confusion_matrix": [
    [
      788,
      3347
    ],
    [
      54,
      1721
    ]
  ],
  "total_samples": 5910,
  "correct_predictions": 2509,
  "accuracy": 0.4245346869712352,
  "loss": 2.2455419290388496,
  "classification_report": {
    "NORMAL": {
      "precision": 0.9358669833729216,
      "recall": 0.1905683192261185,
      "f1_score": 0.3166563393404389,
      "specificity": 0.9695774647887324,
      "TP": 788,
      "TN": 1721,
      "FP": 54,
      "FN": 3347
    },
    "PNEUMONIA": {
      "precision": 0.3395816890292028,
      "recall": 0.9695774647887324,
      "f1_score": 0.5029953778800987,
      "specificity": 0.1905683192261185,
      "TP": 1721,
      "TN": 788,
      "FP": 3347,
      "FN": 54
    },
    "macro_avg": {
      "precision": 0.6377243362010623,
      "recall": 0.5800728920074254,
      "f1_score": 0.4098258586102688
    },
    "accuracy": 0.4245346869712352
  },
  "test_config": {
    "model_path": "results/densenet/chest_xray/layers_None/batch_size_32/epochs_10/timestamp_11122025_084654/",
    "cross_dataset_path": "../../datasets/rsna",
    "pretrained_model": "densenet",
    "batch_size": 32,
    "device": "cuda"
  }
}