{
  "confusion_matrix": [
    [
      201,
      33
    ],
    [
      284,
      106
    ]
  ],
  "total_samples": 624,
  "correct_predictions": 307,
  "accuracy": 0.49198717948717946,
  "loss": 0.6973900107237009,
  "classification_report": {
    "NORMAL": {
      "precision": 0.4144329896907217,
      "recall": 0.8589743589743589,
      "f1_score": 0.5591098748261475,
      "specificity": 0.2717948717948718,
      "TP": 201,
      "TN": 106,
      "FP": 284,
      "FN": 33
    },
    "PNEUMONIA": {
      "precision": 0.762589928057554,
      "recall": 0.2717948717948718,
      "f1_score": 0.4007561436672967,
      "specificity": 0.8589743589743589,
      "TP": 106,
      "TN": 201,
      "FP": 33,
      "FN": 284
    },
    "macro_avg": {
      "precision": 0.5885114588741378,
      "recall": 0.5653846153846154,
      "f1_score": 0.4799330092467221
    },
    "accuracy": 0.49198717948717946
  },
  "test_config": {
    "model_path": "results/densenet/CXR8/layers_5/batch_size_32/loss_focal_loss/sampler_balanced/epochs_100/",
    "cross_dataset_path": "../../datasets/chest_xray",
    "pretrained_model": "densenet",
    "batch_size": 32,
    "device": "cuda"
  }
}