{
  "confusion_matrix": [
    [
      7597,
      4476
    ],
    [
      129,
      157
    ]
  ],
  "total_samples": 12359,
  "correct_predictions": 7754,
  "accuracy": 0.6273970385953556,
  "loss": 0.6729937614394542,
  "classification_report": {
    "NORMAL": {
      "precision": 0.983303132280611,
      "recall": 0.6292553632071565,
      "f1_score": 0.7674124955805849,
      "specificity": 0.548951048951049,
      "TP": 7597,
      "TN": 157,
      "FP": 129,
      "FN": 4476
    },
    "PNEUMONIA": {
      "precision": 0.033887330023742716,
      "recall": 0.548951048951049,
      "f1_score": 0.06383411262451719,
      "specificity": 0.6292553632071565,
      "TP": 157,
      "TN": 7597,
      "FP": 4476,
      "FN": 129
    },
    "macro_avg": {
      "precision": 0.5085952311521769,
      "recall": 0.5891032060791027,
      "f1_score": 0.41562330410255105
    },
    "accuracy": 0.6273970385953556
  },
  "test_config": {
    "model_path": "results/densenet/CXR8/layers_5/batch_size_32/loss_focal_loss/sampler_balanced/epochs_100/",
    "cross_dataset_path": "../../datasets/CXR8",
    "pretrained_model": "densenet",
    "batch_size": 32,
    "device": "cuda"
  }
}