{
  "confusion_matrix": [
    [
      9225,
      2848
    ],
    [
      177,
      109
    ]
  ],
  "total_samples": 12359,
  "correct_predictions": 9334,
  "accuracy": 0.7552390970143216,
  "loss": 0.6544421036919206,
  "classification_report": {
    "NORMAL": {
      "precision": 0.9811742182514359,
      "recall": 0.764101714569701,
      "f1_score": 0.8591385331781142,
      "specificity": 0.3811188811188811,
      "TP": 9225,
      "TN": 109,
      "FP": 177,
      "FN": 2848
    },
    "PNEUMONIA": {
      "precision": 0.0368616841393304,
      "recall": 0.3811188811188811,
      "f1_score": 0.06722170829478877,
      "specificity": 0.764101714569701,
      "TP": 109,
      "TN": 9225,
      "FP": 2848,
      "FN": 177
    },
    "macro_avg": {
      "precision": 0.5090179511953832,
      "recall": 0.5726102978442911,
      "f1_score": 0.4631801207364515
    },
    "accuracy": 0.7552390970143216
  },
  "test_config": {
    "model_path": "results/resnet/chest_xray/layers_5/batch_size_32/loss_focal_loss/sampler_weighted/epochs_100/",
    "cross_dataset_path": "../../datasets/CXR8",
    "pretrained_model": "resnet",
    "batch_size": 32,
    "device": "cuda"
  }
}