{
  "confusion_matrix": [
    [
      8172,
      3901
    ],
    [
      137,
      149
    ]
  ],
  "total_samples": 12359,
  "correct_predictions": 8321,
  "accuracy": 0.67327453677482,
  "loss": 0.6143751455815597,
  "classification_report": {
    "NORMAL": {
      "precision": 0.9835118546154772,
      "recall": 0.6768822993456474,
      "f1_score": 0.8018840153076244,
      "specificity": 0.5209790209790209,
      "TP": 8172,
      "TN": 149,
      "FP": 137,
      "FN": 3901
    },
    "PNEUMONIA": {
      "precision": 0.03679012345679012,
      "recall": 0.5209790209790209,
      "f1_score": 0.06872693726937269,
      "specificity": 0.6768822993456474,
      "TP": 149,
      "TN": 8172,
      "FP": 3901,
      "FN": 137
    },
    "macro_avg": {
      "precision": 0.5101509890361337,
      "recall": 0.5989306601623341,
      "f1_score": 0.4353054762884986
    },
    "accuracy": 0.67327453677482
  },
  "test_config": {
    "model_path": "results/mobilenet/chest_xray/layers_5/batch_size_32/loss_cross_entropy/sampler_weighted/epochs_100/",
    "cross_dataset_path": "../../datasets/CXR8",
    "pretrained_model": "mobilenet",
    "batch_size": 32,
    "device": "cuda"
  }
}