{
  "confusion_matrix": [
    [
      215,
      19
    ],
    [
      97,
      293
    ]
  ],
  "total_samples": 624,
  "correct_predictions": 508,
  "accuracy": 0.8141025641025641,
  "loss": 0.44488664315297055,
  "classification_report": {
    "NORMAL": {
      "precision": 0.6891025641025641,
      "recall": 0.9188034188034188,
      "f1_score": 0.7875457875457875,
      "specificity": 0.7512820512820513,
      "TP": 215,
      "TN": 293,
      "FP": 97,
      "FN": 19
    },
    "PNEUMONIA": {
      "precision": 0.9391025641025641,
      "recall": 0.7512820512820513,
      "f1_score": 0.8347578347578348,
      "specificity": 0.9188034188034188,
      "TP": 293,
      "TN": 215,
      "FP": 19,
      "FN": 97
    },
    "macro_avg": {
      "precision": 0.8141025641025641,
      "recall": 0.835042735042735,
      "f1_score": 0.8111518111518112
    },
    "accuracy": 0.8141025641025641
  },
  "test_config": {
    "model_path": "results/mobilenet/chest_xray/layers_5/batch_size_32/loss_cross_entropy/sampler_weighted/epochs_100/",
    "cross_dataset_path": "../../datasets/chest_xray",
    "pretrained_model": "mobilenet",
    "batch_size": 32,
    "device": "cuda"
  }
}