{
  "confusion_matrix": [
    [
      151,
      83
    ],
    [
      7,
      383
    ]
  ],
  "total_samples": 624,
  "correct_predictions": 534,
  "accuracy": 0.8557692307692307,
  "loss": 0.3712913214396208,
  "classification_report": {
    "NORMAL": {
      "precision": 0.9556962025316456,
      "recall": 0.6452991452991453,
      "f1_score": 0.7704076820598591,
      "specificity": 0.982051282051282,
      "TP": 151,
      "TN": 383,
      "FP": 7,
      "FN": 83
    },
    "PNEUMONIA": {
      "precision": 0.8218884120171673,
      "recall": 0.982051282051282,
      "f1_score": 0.8948593170257794,
      "specificity": 0.6452991452991453,
      "TP": 383,
      "TN": 151,
      "FP": 83,
      "FN": 7
    },
    "macro_avg": {
      "precision": 0.8887923072744064,
      "recall": 0.8136752136752137,
      "f1_score": 0.8326334995428193
    },
    "accuracy": 0.8557692307692307
  }
}