{
  "confusion_matrix": [
    [
      12055,
      18
    ],
    [
      281,
      5
    ]
  ],
  "total_samples": 12359,
  "correct_predictions": 12060,
  "accuracy": 0.9758071041346387,
  "loss": 0.13272509154091183,
  "classification_report": {
    "NORMAL": {
      "precision": 0.9772211413748378,
      "recall": 0.9985090698252298,
      "f1_score": 0.9877499199853764,
      "specificity": 0.017482517482517484,
      "TP": 12055,
      "TN": 5,
      "FP": 281,
      "FN": 18
    },
    "PNEUMONIA": {
      "precision": 0.21739130434782608,
      "recall": 0.017482517482517484,
      "f1_score": 0.03236232176093687,
      "specificity": 0.9985090698252298,
      "TP": 5,
      "TN": 12055,
      "FP": 18,
      "FN": 281
    },
    "macro_avg": {
      "precision": 0.597306222861332,
      "recall": 0.5079957936538736,
      "f1_score": 0.5100561208731567
    },
    "accuracy": 0.9758071041346387
  }
}