{
  "confusion_matrix": [
    [
      3681,
      454
    ],
    [
      686,
      1089
    ]
  ],
  "total_samples": 5910,
  "correct_predictions": 4770,
  "accuracy": 0.8071065989847716,
  "loss": 0.45595540123441697,
  "classification_report": {
    "NORMAL": {
      "precision": 0.8429127547515457,
      "recall": 0.8902055622732769,
      "f1_score": 0.8659134029837479,
      "specificity": 0.6135211267605634,
      "TP": 3681,
      "TN": 1089,
      "FP": 686,
      "FN": 454
    },
    "PNEUMONIA": {
      "precision": 0.7057679844458846,
      "recall": 0.6135211267605634,
      "f1_score": 0.6564190322821464,
      "specificity": 0.8902055622732769,
      "TP": 1089,
      "TN": 3681,
      "FP": 454,
      "FN": 686
    },
    "macro_avg": {
      "precision": 0.7743403695987152,
      "recall": 0.75186334451692,
      "f1_score": 0.7611662176329471
    },
    "accuracy": 0.8071065989847716
  }
}