{
  "confusion_matrix": [
    [
      179,
      55
    ],
    [
      28,
      362
    ]
  ],
  "total_samples": 624,
  "correct_predictions": 541,
  "accuracy": 0.8669871794871795,
  "loss": 0.333050121099521,
  "classification_report": {
    "NORMAL": {
      "precision": 0.8647342995169082,
      "recall": 0.7649572649572649,
      "f1_score": 0.8117908850944794,
      "specificity": 0.9282051282051282,
      "TP": 179,
      "TN": 362,
      "FP": 28,
      "FN": 55
    },
    "PNEUMONIA": {
      "precision": 0.86810551558753,
      "recall": 0.9282051282051282,
      "f1_score": 0.8971494386021032,
      "specificity": 0.7649572649572649,
      "TP": 362,
      "TN": 179,
      "FP": 55,
      "FN": 28
    },
    "macro_avg": {
      "precision": 0.8664199075522191,
      "recall": 0.8465811965811966,
      "f1_score": 0.8544701618482913
    },
    "accuracy": 0.8669871794871795
  },
  "test_config": {
    "model_path": "results/densenet/chest_xray/layers_None/batch_size_32/epochs_1/timestamp_11122025_003953/",
    "cross_dataset_path": "../../datasets/chest_xray",
    "pretrained_model": "densenet",
    "batch_size": 32,
    "device": "cuda"
  }
}