{
  "confusion_matrix": [
    [
      822,
      11251
    ],
    [
      10,
      276
    ]
  ],
  "total_samples": 12359,
  "correct_predictions": 1098,
  "accuracy": 0.08884213933166114,
  "loss": 2.2104153545053853,
  "classification_report": {
    "NORMAL": {
      "precision": 0.9879807692307693,
      "recall": 0.06808581131450343,
      "f1_score": 0.1273923629044125,
      "specificity": 0.965034965034965,
      "TP": 822,
      "TN": 276,
      "FP": 10,
      "FN": 11251
    },
    "PNEUMONIA": {
      "precision": 0.023943784158931204,
      "recall": 0.965034965034965,
      "f1_score": 0.04672813356886789,
      "specificity": 0.06808581131450343,
      "TP": 276,
      "TN": 822,
      "FP": 11251,
      "FN": 10
    },
    "macro_avg": {
      "precision": 0.5059622766948503,
      "recall": 0.5165603881747343,
      "f1_score": 0.08706024823664019
    },
    "accuracy": 0.08884213933166114
  },
  "test_config": {
    "model_path": "results/densenet/chest_xray/layers_None/batch_size_32/epochs_1/timestamp_11122025_003953/",
    "cross_dataset_path": "../../datasets/CXR8",
    "pretrained_model": "densenet",
    "batch_size": 32,
    "device": "cuda"
  }
}