{
  "confusion_matrix": [
    [
      218,
      3917
    ],
    [
      18,
      1757
    ]
  ],
  "total_samples": 5910,
  "correct_predictions": 1975,
  "accuracy": 0.33417935702199664,
  "loss": 1.6872895116935123,
  "classification_report": {
    "NORMAL": {
      "precision": 0.923728813559322,
      "recall": 0.05272067714631197,
      "f1_score": 0.09974823918663595,
      "specificity": 0.9898591549295774,
      "TP": 218,
      "TN": 1757,
      "FP": 18,
      "FN": 3917
    },
    "PNEUMONIA": {
      "precision": 0.30965808953119495,
      "recall": 0.9898591549295774,
      "f1_score": 0.4717408102995028,
      "specificity": 0.05272067714631197,
      "TP": 1757,
      "TN": 218,
      "FP": 3917,
      "FN": 18
    },
    "macro_avg": {
      "precision": 0.6166934515452585,
      "recall": 0.5212899160379447,
      "f1_score": 0.2857445247430694
    },
    "accuracy": 0.33417935702199664
  },
  "test_config": {
    "model_path": "results/densenet/chest_xray/layers_None/batch_size_32/epochs_1/timestamp_11122025_003953/",
    "cross_dataset_path": "../../datasets/rsna",
    "pretrained_model": "densenet",
    "batch_size": 32,
    "device": "cuda"
  }
}