{
  "confusion_matrix": [
    [
      158,
      76
    ],
    [
      151,
      239
    ]
  ],
  "total_samples": 624,
  "correct_predictions": 397,
  "accuracy": 0.6362179487179487,
  "loss": 0.6382083067527184,
  "classification_report": {
    "NORMAL": {
      "precision": 0.511326860841424,
      "recall": 0.6752136752136753,
      "f1_score": 0.5819516274029143,
      "specificity": 0.6128205128205129,
      "TP": 158,
      "TN": 239,
      "FP": 151,
      "FN": 76
    },
    "PNEUMONIA": {
      "precision": 0.7587301587301587,
      "recall": 0.6128205128205129,
      "f1_score": 0.6780136900561927,
      "specificity": 0.6752136752136753,
      "TP": 239,
      "TN": 158,
      "FP": 76,
      "FN": 151
    },
    "macro_avg": {
      "precision": 0.6350285097857913,
      "recall": 0.6440170940170941,
      "f1_score": 0.6299826587295535
    },
    "accuracy": 0.6362179487179487
  },
  "test_config": {
    "model_path": "results/densenet/CXR8/layers_2/batch_size_32/epochs_500/",
    "cross_dataset_path": "../../datasets/chest_xray",
    "pretrained_model": "densenet",
    "batch_size": 32,
    "device": "cuda"
  }
}