{
  "confusion_matrix": [
    [
      170,
      64
    ],
    [
      200,
      190
    ]
  ],
  "total_samples": 624,
  "correct_predictions": 360,
  "accuracy": 0.5769230769230769,
  "loss": 0.6775801724348313,
  "classification_report": {
    "NORMAL": {
      "precision": 0.4594594594594595,
      "recall": 0.7264957264957265,
      "f1_score": 0.5629134326349339,
      "specificity": 0.48717948717948717,
      "TP": 170,
      "TN": 190,
      "FP": 200,
      "FN": 64
    },
    "PNEUMONIA": {
      "precision": 0.7480314960629921,
      "recall": 0.48717948717948717,
      "f1_score": 0.5900616341001514,
      "specificity": 0.7264957264957265,
      "TP": 190,
      "TN": 170,
      "FP": 64,
      "FN": 200
    },
    "macro_avg": {
      "precision": 0.6037454777612258,
      "recall": 0.6068376068376068,
      "f1_score": 0.5764875333675427
    },
    "accuracy": 0.5769230769230769
  },
  "test_config": {
    "model_path": "results/densenet/CXR8/layers_2/batch_size_32/epochs_500/",
    "cross_dataset_path": "../../datasets/chest_xray",
    "pretrained_model": "densenet",
    "batch_size": 32,
    "device": "cuda"
  }
}