{
  "confusion_matrix": [
    [
      8925,
      3148
    ],
    [
      82,
      204
    ]
  ],
  "total_samples": 12359,
  "correct_predictions": 9129,
  "accuracy": 0.7386519944979367,
  "loss": 0.5289012311837735,
  "classification_report": {
    "NORMAL": {
      "precision": 0.9908959698012657,
      "recall": 0.7392528783235318,
      "f1_score": 0.8467737041259278,
      "specificity": 0.7132867132867133,
      "TP": 8925,
      "TN": 204,
      "FP": 82,
      "FN": 3148
    },
    "PNEUMONIA": {
      "precision": 0.060859188544152745,
      "recall": 0.7132867132867133,
      "f1_score": 0.1121493878417387,
      "specificity": 0.7392528783235318,
      "TP": 204,
      "TN": 8925,
      "FP": 3148,
      "FN": 82
    },
    "macro_avg": {
      "precision": 0.5258775791727093,
      "recall": 0.7262697958051225,
      "f1_score": 0.4794615459838332
    },
    "accuracy": 0.7386519944979367
  },
  "test_config": {
    "model_path": "results/densenet/CXR8/layers_2/batch_size_32/epochs_500/",
    "cross_dataset_path": "../../datasets/CXR8",
    "pretrained_model": "densenet",
    "batch_size": 32,
    "device": "cuda"
  }
}