{
  "train_loss": [
    0.04260834087263668
  ],
  "val_loss": [
    0.025328441192573655
  ]
}