{
  "train_loss": [
    0.0553947996908939
  ],
  "val_loss": [
    0.010537595723407856
  ]
}