{
  "total_time_seconds": 0.5200455188751221,
  "epoch_times": [
    {
      "epoch": 0,
      "time_seconds": 0.5186350345611572
    }
  ],
  "batch_times": {
    "train": [
      {
        "epoch": 0,
        "avg_batch_time_seconds": 0.0006020669519466205,
        "total_batches": 548,
        "total_time_seconds": 0.4688851833343506
      }
    ],
    "val": [
      {
        "epoch": 0,
        "avg_batch_time_seconds": 0.00013607609881101734,
        "total_batches": 137,
        "total_time_seconds": 0.04817938804626465
      }
    ]
  },
  "throughput": {
    "train": [
      {
        "epoch": 0,
        "total_samples": 17507,
        "total_time_seconds": 0.4688851833343506
      }
    ],
    "val": [
      {
        "epoch": 0,
        "total_samples": 4377,
        "total_time_seconds": 0.04817938804626465
      }
    ]
  },
  "memory_usage": [
    {
      "epoch": 0,
      "cpu_memory_mb": 1742.08984375,
      "gpu_memory_allocated_mb": 62.5146484375,
      "gpu_memory_reserved_mb": 136.0,
      "gpu_memory_max_allocated_mb": 372.94921875,
      "gpu_utilization": 62
    }
  ],
  "model_info": {
    "total_params": 83008,
    "trainable_params": 83008,
    "model_size_mb": 0.3186187744140625
  },
  "initial_memory": {
    "cpu_memory_mb": 1742.08984375,
    "gpu_memory_allocated_mb": 61.48779296875,
    "gpu_memory_reserved_mb": 540.0,
    "gpu_memory_max_allocated_mb": 372.94921875,
    "gpu_utilization": 0
  },
  "final_memory": {
    "cpu_memory_mb": 1742.08984375,
    "gpu_memory_allocated_mb": 62.5146484375,
    "gpu_memory_reserved_mb": 136.0,
    "gpu_memory_max_allocated_mb": 372.94921875,
    "gpu_utilization": 62
  }
}