{
  "confusion_matrix": [
    [
      217,
      17
    ],
    [
      349,
      41
    ]
  ],
  "total_samples": 624,
  "correct_predictions": 258,
  "accuracy": 0.41346153846153844,
  "loss": 0.6998099501316364,
  "classification_report": {
    "NORMAL": {
      "precision": 0.3833922261484099,
      "recall": 0.9273504273504274,
      "f1_score": 0.5425,
      "specificity": 0.10512820512820513,
      "TP": 217,
      "TN": 41,
      "FP": 349,
      "FN": 17
    },
    "PNEUMONIA": {
      "precision": 0.7068965517241379,
      "recall": 0.10512820512820513,
      "f1_score": 0.1830357142857143,
      "specificity": 0.9273504273504274,
      "TP": 41,
      "TN": 217,
      "FP": 17,
      "FN": 349
    },
    "macro_avg": {
      "precision": 0.5451443889362739,
      "recall": 0.5162393162393163,
      "f1_score": 0.36276785714285714
    },
    "accuracy": 0.41346153846153844
  },
  "test_config": {
    "model_path": "results/densenet/CXR8/layers_2/batch_size_64/loss_cross_entropy/sampler_balanced/epochs_500/",
    "cross_dataset_path": "../../datasets/chest_xray",
    "pretrained_model": "densenet",
    "batch_size": 64,
    "device": "cuda"
  }
}