{
  "confusion_matrix": [
    [
      2293,
      9780
    ],
    [
      18,
      268
    ]
  ],
  "total_samples": 12359,
  "correct_predictions": 2561,
  "accuracy": 0.20721741241200745,
  "loss": 2.416862835572736,
  "classification_report": {
    "NORMAL": {
      "precision": 0.9922111639982691,
      "recall": 0.1899279383748861,
      "f1_score": 0.31882647385984425,
      "specificity": 0.9370629370629371,
      "TP": 2293,
      "TN": 268,
      "FP": 18,
      "FN": 9780
    },
    "PNEUMONIA": {
      "precision": 0.026671974522292995,
      "recall": 0.9370629370629371,
      "f1_score": 0.05186762144377782,
      "specificity": 0.1899279383748861,
      "TP": 268,
      "TN": 2293,
      "FP": 9780,
      "FN": 18
    },
    "macro_avg": {
      "precision": 0.5094415692602811,
      "recall": 0.5634954377189116,
      "f1_score": 0.18534704765181104
    },
    "accuracy": 0.20721741241200745
  },
  "test_config": {
    "model_path": "results/resnet/chest_xray/layers_5/batch_size_32/loss_cross_entropy/sampler_balanced/epochs_500/",
    "cross_dataset_path": "../../datasets/CXR8",
    "pretrained_model": "resnet",
    "batch_size": 32,
    "device": "cuda"
  }
}