{
  "confusion_matrix": [
    [
      107,
      127
    ],
    [
      2,
      388
    ]
  ],
  "total_samples": 624,
  "correct_predictions": 495,
  "accuracy": 0.7932692307692307,
  "loss": 0.5699249802109523,
  "classification_report": {
    "NORMAL": {
      "precision": 0.981651376146789,
      "recall": 0.45726495726495725,
      "f1_score": 0.6239067055393586,
      "specificity": 0.9948717948717949,
      "TP": 107,
      "TN": 388,
      "FP": 2,
      "FN": 127
    },
    "PNEUMONIA": {
      "precision": 0.7533980582524272,
      "recall": 0.9948717948717949,
      "f1_score": 0.8574585635359117,
      "specificity": 0.45726495726495725,
      "TP": 388,
      "TN": 107,
      "FP": 127,
      "FN": 2
    },
    "macro_avg": {
      "precision": 0.8675247171996081,
      "recall": 0.726068376068376,
      "f1_score": 0.7406826345376352
    },
    "accuracy": 0.7932692307692307
  },
  "test_config": {
    "model_path": "results/resnet/chest_xray/layers_5/batch_size_32/loss_cross_entropy/sampler_balanced/epochs_500/",
    "cross_dataset_path": "../../datasets/chest_xray",
    "pretrained_model": "resnet",
    "batch_size": 32,
    "device": "cuda"
  }
}