{
  "train_loss": [
    0.01401549580302375
  ],
  "val_loss": [
    0.0042600812135038255
  ]
}