{
  "confusion_matrix": [
    [
      4126,
      9
    ],
    [
      1691,
      84
    ]
  ],
  "total_samples": 5910,
  "correct_predictions": 4210,
  "accuracy": 0.7123519458544839,
  "loss": 0.542999331579999,
  "classification_report": {
    "NORMAL": {
      "precision": 0.7093003266288465,
      "recall": 0.9978234582829504,
      "f1_score": 0.8291795785913683,
      "specificity": 0.04732394366197183,
      "TP": 4126,
      "TN": 84,
      "FP": 1691,
      "FN": 9
    },
    "PNEUMONIA": {
      "precision": 0.9032258064516129,
      "recall": 0.04732394366197183,
      "f1_score": 0.08993566555693644,
      "specificity": 0.9978234582829504,
      "TP": 84,
      "TN": 4126,
      "FP": 9,
      "FN": 1691
    },
    "macro_avg": {
      "precision": 0.8062630665402297,
      "recall": 0.5225737009724611,
      "f1_score": 0.45955762207415235
    },
    "accuracy": 0.7123519458544839
  },
  "training_history": {
    "train_loss": [
      0.042608340931791916
    ],
    "val_loss": [
      0.02532867767914248
    ]
  },
  "computational_metrics": {
    "total_time_seconds": 0.512354850769043,
    "epoch_times": [
      {
        "epoch": 0,
        "time_seconds": 0.5109233856201172
      }
    ],
    "batch_times": {
      "train": [
        {
          "epoch": 0,
          "avg_batch_time_seconds": 0.0005953659976485872,
          "total_batches": 548,
          "total_time_seconds": 0.46094703674316406
        }
      ],
      "val": [
        {
          "epoch": 0,
          "avg_batch_time_seconds": 0.00013643807738366787,
          "total_batches": 137,
          "total_time_seconds": 0.04819440841674805
        }
      ]
    },
    "throughput": {
      "train": [
        {
          "epoch": 0,
          "total_samples": 17507,
          "total_time_seconds": 0.46094703674316406
        }
      ],
      "val": [
        {
          "epoch": 0,
          "total_samples": 4377,
          "total_time_seconds": 0.04819440841674805
        }
      ]
    },
    "memory_usage": [
      {
        "epoch": 0,
        "cpu_memory_mb": 1736.3046875,
        "gpu_memory_allocated_mb": 62.5146484375,
        "gpu_memory_reserved_mb": 136.0,
        "gpu_memory_max_allocated_mb": 372.94921875,
        "gpu_utilization": 0
      }
    ],
    "model_info": {
      "total_params": 83008,
      "trainable_params": 83008,
      "model_size_mb": 0.3186187744140625
    },
    "initial_memory": {
      "cpu_memory_mb": 1736.3046875,
      "gpu_memory_allocated_mb": 61.48779296875,
      "gpu_memory_reserved_mb": 540.0,
      "gpu_memory_max_allocated_mb": 372.94921875,
      "gpu_utilization": 0
    },
    "final_memory": {
      "cpu_memory_mb": 1736.3046875,
      "gpu_memory_allocated_mb": 62.5146484375,
      "gpu_memory_reserved_mb": 136.0,
      "gpu_memory_max_allocated_mb": 372.94921875,
      "gpu_utilization": 0
    }
  },
  "training_config": {
    "source_name": "chest_xray",
    "target_name": "rsna",
    "pretrained_model": "densenet",
    "epochs": 1,
    "batch_size": 32,
    "early_stopping_patience": 100,
    "device": "cuda"
  }
}