{
  "train_loss": [
    0.042608340931791916
  ],
  "val_loss": [
    0.02532867767914248
  ]
}