{
  "train_loss": [
    0.05539479977634859
  ],
  "val_loss": [
    0.01053767657012402
  ]
}