{
  "total_time_seconds": 0.15070223808288574,
  "epoch_times": [
    {
      "epoch": 0,
      "time_seconds": 0.14939188957214355
    }
  ],
  "batch_times": {
    "train": [
      {
        "epoch": 0,
        "avg_batch_time_seconds": 0.0007191559740605245,
        "total_batches": 131,
        "total_time_seconds": 0.13587164878845215
      }
    ],
    "val": [
      {
        "epoch": 0,
        "avg_batch_time_seconds": 0.00014053691517223012,
        "total_batches": 33,
        "total_time_seconds": 0.012048482894897461
      }
    ]
  },
  "throughput": {
    "train": [
      {
        "epoch": 0,
        "total_samples": 4185,
        "total_time_seconds": 0.13587164878845215
      }
    ],
    "val": [
      {
        "epoch": 0,
        "total_samples": 1047,
        "total_time_seconds": 0.012048482894897461
      }
    ]
  },
  "memory_usage": [
    {
      "epoch": 0,
      "cpu_memory_mb": 1650.79296875,
      "gpu_memory_allocated_mb": 30.58154296875,
      "gpu_memory_reserved_mb": 86.0,
      "gpu_memory_max_allocated_mb": 403.1240234375,
      "gpu_utilization": 21
    }
  ],
  "model_info": {
    "total_params": 83008,
    "trainable_params": 83008,
    "model_size_mb": 0.3186187744140625
  },
  "initial_memory": {
    "cpu_memory_mb": 1625.04296875,
    "gpu_memory_allocated_mb": 29.52587890625,
    "gpu_memory_reserved_mb": 586.0,
    "gpu_memory_max_allocated_mb": 403.1240234375,
    "gpu_utilization": 76
  },
  "final_memory": {
    "cpu_memory_mb": 1650.79296875,
    "gpu_memory_allocated_mb": 30.58154296875,
    "gpu_memory_reserved_mb": 86.0,
    "gpu_memory_max_allocated_mb": 403.1240234375,
    "gpu_utilization": 21
  }
}