{
  "total_time_seconds": 0.512354850769043,
  "epoch_times": [
    {
      "epoch": 0,
      "time_seconds": 0.5109233856201172
    }
  ],
  "batch_times": {
    "train": [
      {
        "epoch": 0,
        "avg_batch_time_seconds": 0.0005953659976485872,
        "total_batches": 548,
        "total_time_seconds": 0.46094703674316406
      }
    ],
    "val": [
      {
        "epoch": 0,
        "avg_batch_time_seconds": 0.00013643807738366787,
        "total_batches": 137,
        "total_time_seconds": 0.04819440841674805
      }
    ]
  },
  "throughput": {
    "train": [
      {
        "epoch": 0,
        "total_samples": 17507,
        "total_time_seconds": 0.46094703674316406
      }
    ],
    "val": [
      {
        "epoch": 0,
        "total_samples": 4377,
        "total_time_seconds": 0.04819440841674805
      }
    ]
  },
  "memory_usage": [
    {
      "epoch": 0,
      "cpu_memory_mb": 1736.3046875,
      "gpu_memory_allocated_mb": 62.5146484375,
      "gpu_memory_reserved_mb": 136.0,
      "gpu_memory_max_allocated_mb": 372.94921875,
      "gpu_utilization": 0
    }
  ],
  "model_info": {
    "total_params": 83008,
    "trainable_params": 83008,
    "model_size_mb": 0.3186187744140625
  },
  "initial_memory": {
    "cpu_memory_mb": 1736.3046875,
    "gpu_memory_allocated_mb": 61.48779296875,
    "gpu_memory_reserved_mb": 540.0,
    "gpu_memory_max_allocated_mb": 372.94921875,
    "gpu_utilization": 0
  },
  "final_memory": {
    "cpu_memory_mb": 1736.3046875,
    "gpu_memory_allocated_mb": 62.5146484375,
    "gpu_memory_reserved_mb": 136.0,
    "gpu_memory_max_allocated_mb": 372.94921875,
    "gpu_utilization": 0
  }
}