{
  "confusion_matrix": [
    [
      1216,
      10857
    ],
    [
      11,
      275
    ]
  ],
  "total_samples": 12359,
  "correct_predictions": 1491,
  "accuracy": 0.12064082854599886,
  "loss": 1.939438124499339,
  "classification_report": {
    "NORMAL": {
      "precision": 0.9910350448247759,
      "recall": 0.1007206162511389,
      "f1_score": 0.18285697536822398,
      "specificity": 0.9615384615384616,
      "TP": 1216,
      "TN": 275,
      "FP": 11,
      "FN": 10857
    },
    "PNEUMONIA": {
      "precision": 0.024703557312252964,
      "recall": 0.9615384615384616,
      "f1_score": 0.04816950799860908,
      "specificity": 0.1007206162511389,
      "TP": 275,
      "TN": 1216,
      "FP": 10857,
      "FN": 11
    },
    "macro_avg": {
      "precision": 0.5078693010685145,
      "recall": 0.5311295388948002,
      "f1_score": 0.11551324168341653
    },
    "accuracy": 0.12064082854599886
  },
  "test_config": {
    "model_path": "results/densenet/chest_xray/layers_None/batch_size_32/epochs_1/data_aug_True/seed_42/timestamp_13122025_150337/",
    "cross_dataset_path": "../../datasets/CXR8",
    "pretrained_model": "densenet",
    "batch_size": 32,
    "device": "cuda"
  }
}