{
  "confusion_matrix": [
    [
      193,
      41
    ],
    [
      41,
      349
    ]
  ],
  "total_samples": 624,
  "correct_predictions": 542,
  "accuracy": 0.8685897435897436,
  "loss": 0.32635850707689923,
  "classification_report": {
    "NORMAL": {
      "precision": 0.8247863247863247,
      "recall": 0.8247863247863247,
      "f1_score": 0.8247858247866279,
      "specificity": 0.8948717948717949,
      "TP": 193,
      "TN": 349,
      "FP": 41,
      "FN": 41
    },
    "PNEUMONIA": {
      "precision": 0.8948717948717949,
      "recall": 0.8948717948717949,
      "f1_score": 0.8948712948720743,
      "specificity": 0.8247863247863247,
      "TP": 349,
      "TN": 193,
      "FP": 41,
      "FN": 41
    },
    "macro_avg": {
      "precision": 0.8598290598290599,
      "recall": 0.8598290598290599,
      "f1_score": 0.8598285598293511
    },
    "accuracy": 0.8685897435897436
  },
  "test_config": {
    "model_path": "results/densenet/chest_xray/layers_None/batch_size_32/epochs_1/timestamp_10122025_214922/",
    "cross_dataset_path": "../../datasets/chest_xray",
    "pretrained_model": "densenet",
    "batch_size": 32,
    "device": "cuda"
  }
}