{
  "confusion_matrix": [
    [
      2171,
      9902
    ],
    [
      15,
      271
    ]
  ],
  "total_samples": 12359,
  "correct_predictions": 2442,
  "accuracy": 0.19758880168298407,
  "loss": 2.7806756295416286,
  "classification_report": {
    "NORMAL": {
      "precision": 0.9931381518755719,
      "recall": 0.17982274496811065,
      "f1_score": 0.304509432639035,
      "specificity": 0.9475524475524476,
      "TP": 2171,
      "TN": 271,
      "FP": 15,
      "FN": 9902
    },
    "PNEUMONIA": {
      "precision": 0.02663914282905731,
      "recall": 0.9475524475524476,
      "f1_score": 0.05182139783918156,
      "specificity": 0.17982274496811065,
      "TP": 271,
      "TN": 2171,
      "FP": 9902,
      "FN": 15
    },
    "macro_avg": {
      "precision": 0.5098886473523145,
      "recall": 0.5636875962602791,
      "f1_score": 0.17816541523910828
    },
    "accuracy": 0.19758880168298407
  },
  "test_config": {
    "model_path": "results/resnet/chest_xray/layers_2/batch_size_16/loss_cross_entropy/sampler_balanced/epochs_500/",
    "cross_dataset_path": "../../datasets/CXR8",
    "pretrained_model": "resnet",
    "batch_size": 16,
    "device": "cuda"
  }
}