{
  "confusion_matrix": [
    [
      210,
      24
    ],
    [
      214,
      176
    ]
  ],
  "total_samples": 624,
  "correct_predictions": 386,
  "accuracy": 0.6185897435897436,
  "loss": 0.6529216338426639,
  "classification_report": {
    "NORMAL": {
      "precision": 0.49528301886792453,
      "recall": 0.8974358974358975,
      "f1_score": 0.638297414030133,
      "specificity": 0.4512820512820513,
      "TP": 210,
      "TN": 176,
      "FP": 214,
      "FN": 24
    },
    "PNEUMONIA": {
      "precision": 0.88,
      "recall": 0.4512820512820513,
      "f1_score": 0.5966097213447779,
      "specificity": 0.8974358974358975,
      "TP": 176,
      "TN": 210,
      "FP": 24,
      "FN": 214
    },
    "macro_avg": {
      "precision": 0.6876415094339623,
      "recall": 0.6743589743589744,
      "f1_score": 0.6174535676874554
    },
    "accuracy": 0.6185897435897436
  },
  "test_config": {
    "model_path": "results/efficientnet/rsna/layers_5/batch_size_32/epochs_500/timestamp_11122025_134105/",
    "cross_dataset_path": "../../datasets/chest_xray",
    "pretrained_model": "efficientnet",
    "batch_size": 32,
    "device": "cuda"
  }
}