{
  "confusion_matrix": [
    [
      104,
      130
    ],
    [
      6,
      384
    ]
  ],
  "total_samples": 624,
  "correct_predictions": 488,
  "accuracy": 0.782051282051282,
  "loss": 0.48914496538539726,
  "classification_report": {
    "NORMAL": {
      "precision": 0.9454545454545454,
      "recall": 0.4444444444444444,
      "f1_score": 0.6046511627906976,
      "specificity": 0.9846153846153847,
      "TP": 104,
      "TN": 384,
      "FP": 6,
      "FN": 130
    },
    "PNEUMONIA": {
      "precision": 0.7470817120622568,
      "recall": 0.9846153846153847,
      "f1_score": 0.8495575221238938,
      "specificity": 0.4444444444444444,
      "TP": 384,
      "TN": 104,
      "FP": 130,
      "FN": 6
    },
    "macro_avg": {
      "precision": 0.8462681287584011,
      "recall": 0.7145299145299145,
      "f1_score": 0.7271043424572957
    },
    "accuracy": 0.782051282051282
  },
  "test_config": {
    "model_path": "results/densenet/chest_xray/layers_None/batch_size_16/loss_cross_entropy/sampler_balanced/epochs_500/",
    "cross_dataset_path": "../../datasets/chest_xray",
    "pretrained_model": "densenet",
    "batch_size": 16,
    "device": "cuda"
  }
}