{
  "confusion_matrix": [
    [
      154,
      80
    ],
    [
      216,
      174
    ]
  ],
  "total_samples": 624,
  "correct_predictions": 328,
  "accuracy": 0.5256410256410257,
  "loss": 0.6930484832861484,
  "classification_report": {
    "NORMAL": {
      "precision": 0.41621621621621624,
      "recall": 0.6581196581196581,
      "f1_score": 0.5099337748344371,
      "specificity": 0.4461538461538462,
      "TP": 154,
      "TN": 174,
      "FP": 216,
      "FN": 80
    },
    "PNEUMONIA": {
      "precision": 0.6850393700787402,
      "recall": 0.4461538461538462,
      "f1_score": 0.5403726708074534,
      "specificity": 0.6581196581196581,
      "TP": 174,
      "TN": 154,
      "FP": 80,
      "FN": 216
    },
    "macro_avg": {
      "precision": 0.5506277931474782,
      "recall": 0.5521367521367522,
      "f1_score": 0.5251532228209452
    },
    "accuracy": 0.5256410256410257
  },
  "test_config": {
    "model_path": "results/resnet/CXR8/layers_5/batch_size_32/loss_cross_entropy/sampler_weighted/epochs_100/",
    "cross_dataset_path": "../../datasets/chest_xray",
    "pretrained_model": "resnet",
    "batch_size": 32,
    "device": "cuda"
  }
}