{
  "confusion_matrix": [
    [
      58,
      176
    ],
    [
      68,
      322
    ]
  ],
  "total_samples": 624,
  "correct_predictions": 380,
  "accuracy": 0.6089743589743589,
  "loss": 0.6811411686432667,
  "classification_report": {
    "NORMAL": {
      "precision": 0.4603174603174603,
      "recall": 0.24786324786324787,
      "f1_score": 0.32222222222222224,
      "specificity": 0.8256410256410256,
      "TP": 58,
      "TN": 322,
      "FP": 68,
      "FN": 176
    },
    "PNEUMONIA": {
      "precision": 0.6465863453815262,
      "recall": 0.8256410256410256,
      "f1_score": 0.7252252252252251,
      "specificity": 0.24786324786324787,
      "TP": 322,
      "TN": 58,
      "FP": 176,
      "FN": 68
    },
    "macro_avg": {
      "precision": 0.5534519028494932,
      "recall": 0.5367521367521367,
      "f1_score": 0.5237237237237237
    },
    "accuracy": 0.6089743589743589
  },
  "test_config": {
    "model_path": "results/densenet/CXR8/layers_None/batch_size_32/loss_focal_loss/sampler_balanced/epochs_5/",
    "cross_dataset_path": "../../datasets/chest_xray",
    "pretrained_model": "densenet",
    "batch_size": 32,
    "device": "cuda"
  }
}