{
  "confusion_matrix": [
    [
      5133,
      6940
    ],
    [
      77,
      209
    ]
  ],
  "total_samples": 12359,
  "correct_predictions": 5342,
  "accuracy": 0.4322356177684279,
  "loss": 0.7074512664829414,
  "classification_report": {
    "NORMAL": {
      "precision": 0.9852207293666027,
      "recall": 0.42516358817195393,
      "f1_score": 0.5939940982468321,
      "specificity": 0.7307692307692307,
      "TP": 5133,
      "TN": 209,
      "FP": 77,
      "FN": 6940
    },
    "PNEUMONIA": {
      "precision": 0.029234858022100994,
      "recall": 0.7307692307692307,
      "f1_score": 0.05622057834566241,
      "specificity": 0.42516358817195393,
      "TP": 209,
      "TN": 5133,
      "FP": 6940,
      "FN": 77
    },
    "macro_avg": {
      "precision": 0.5072277936943518,
      "recall": 0.5779664094705923,
      "f1_score": 0.3251073382962473
    },
    "accuracy": 0.4322356177684279
  },
  "test_config": {
    "model_path": "results/densenet/CXR8/layers_None/batch_size_32/loss_focal_loss/sampler_balanced/epochs_5/",
    "cross_dataset_path": "../../datasets/CXR8",
    "pretrained_model": "densenet",
    "batch_size": 32,
    "device": "cuda"
  }
}