{
  "confusion_matrix": [
    [
      12073,
      0
    ],
    [
      286,
      0
    ]
  ],
  "total_samples": 12359,
  "correct_predictions": 12073,
  "accuracy": 0.9768589691722631,
  "loss": 0.5831192986306775,
  "classification_report": {
    "NORMAL": {
      "precision": 0.9768589691722631,
      "recall": 1.0,
      "f1_score": 0.9882940406024885,
      "specificity": 0.0,
      "TP": 12073,
      "TN": 0,
      "FP": 286,
      "FN": 0
    },
    "PNEUMONIA": {
      "precision": 0.0,
      "recall": 0.0,
      "f1_score": 0.0,
      "specificity": 1.0,
      "TP": 0,
      "TN": 12073,
      "FP": 0,
      "FN": 286
    },
    "macro_avg": {
      "precision": 0.48842948458613156,
      "recall": 0.5,
      "f1_score": 0.49414702030124424
    },
    "accuracy": 0.9768589691722631
  },
  "test_config": {
    "model_path": "results/resnet/chest_xray/layers_5/batch_size_32/epochs_100/model.pt",
    "cross_dataset_path": "../../datasets/CXR8",
    "pretrained_model": "resnet",
    "batch_size": 32,
    "device": "cuda"
  }
}