{
  "confusion_matrix": [
    [
      206,
      28
    ],
    [
      89,
      301
    ]
  ],
  "total_samples": 624,
  "correct_predictions": 507,
  "accuracy": 0.8125,
  "loss": 0.4129530328970689,
  "classification_report": {
    "NORMAL": {
      "precision": 0.6983050847457627,
      "recall": 0.8803418803418803,
      "f1_score": 0.77882797731569,
      "specificity": 0.7717948717948718,
      "TP": 206,
      "TN": 301,
      "FP": 89,
      "FN": 28
    },
    "PNEUMONIA": {
      "precision": 0.9148936170212766,
      "recall": 0.7717948717948718,
      "f1_score": 0.8372739916550765,
      "specificity": 0.8803418803418803,
      "TP": 301,
      "TN": 206,
      "FP": 28,
      "FN": 89
    },
    "macro_avg": {
      "precision": 0.8065993508835196,
      "recall": 0.826068376068376,
      "f1_score": 0.8080509844853833
    },
    "accuracy": 0.8125
  },
  "test_config": {
    "model_path": "results/resnet/chest_xray/layers_5/batch_size_32/epochs_100/",
    "cross_dataset_path": "../../datasets/chest_xray",
    "pretrained_model": "resnet",
    "batch_size": 32,
    "device": "cuda"
  }
}