{
  "confusion_matrix": [
    [
      2214,
      9859
    ],
    [
      15,
      271
    ]
  ],
  "total_samples": 12359,
  "correct_predictions": 2485,
  "accuracy": 0.20106804757666477,
  "loss": 2.8963862620556333,
  "classification_report": {
    "NORMAL": {
      "precision": 0.9932705248990579,
      "recall": 0.18338441149672824,
      "f1_score": 0.3096070479653195,
      "specificity": 0.9475524475524476,
      "TP": 2214,
      "TN": 271,
      "FP": 15,
      "FN": 9859
    },
    "PNEUMONIA": {
      "precision": 0.026752221125370186,
      "recall": 0.9475524475524476,
      "f1_score": 0.05203533026113671,
      "specificity": 0.18338441149672824,
      "TP": 271,
      "TN": 2214,
      "FP": 9859,
      "FN": 15
    },
    "macro_avg": {
      "precision": 0.510011373012214,
      "recall": 0.565468429524588,
      "f1_score": 0.18082118911322811
    },
    "accuracy": 0.20106804757666477
  },
  "test_config": {
    "model_path": "results/resnet/chest_xray/layers_5/batch_size_16/loss_cross_entropy/sampler_balanced/epochs_500/",
    "cross_dataset_path": "../../datasets/CXR8",
    "pretrained_model": "resnet",
    "batch_size": 16,
    "device": "cuda"
  }
}