{
  "confusion_matrix": [
    [
      1658,
      10415
    ],
    [
      18,
      268
    ]
  ],
  "total_samples": 12359,
  "correct_predictions": 1926,
  "accuracy": 0.15583785095881544,
  "loss": 2.5071672548203323,
  "classification_report": {
    "NORMAL": {
      "precision": 0.9892601431980907,
      "recall": 0.13733123498716143,
      "f1_score": 0.2411811768128591,
      "specificity": 0.9370629370629371,
      "TP": 1658,
      "TN": 268,
      "FP": 18,
      "FN": 10415
    },
    "PNEUMONIA": {
      "precision": 0.02508658616493494,
      "recall": 0.9370629370629371,
      "f1_score": 0.048864983134287526,
      "specificity": 0.13733123498716143,
      "TP": 268,
      "TN": 1658,
      "FP": 10415,
      "FN": 18
    },
    "macro_avg": {
      "precision": 0.5071733646815129,
      "recall": 0.5371970860250492,
      "f1_score": 0.14502307997357333
    },
    "accuracy": 0.15583785095881544
  },
  "test_config": {
    "model_path": "results/densenet/chest_xray/layers_None/batch_size_32/loss_cross_entropy/sampler_balanced/epochs_500/",
    "cross_dataset_path": "../../datasets/CXR8",
    "pretrained_model": "densenet",
    "batch_size": 32,
    "device": "cuda"
  }
}