{
  "confusion_matrix": [
    [
      101,
      133
    ],
    [
      5,
      385
    ]
  ],
  "total_samples": 624,
  "correct_predictions": 486,
  "accuracy": 0.7788461538461539,
  "loss": 0.49981362391740847,
  "classification_report": {
    "NORMAL": {
      "precision": 0.9528301886792453,
      "recall": 0.43162393162393164,
      "f1_score": 0.5941176470588235,
      "specificity": 0.9871794871794872,
      "TP": 101,
      "TN": 385,
      "FP": 5,
      "FN": 133
    },
    "PNEUMONIA": {
      "precision": 0.7432432432432432,
      "recall": 0.9871794871794872,
      "f1_score": 0.8480176211453744,
      "specificity": 0.43162393162393164,
      "TP": 385,
      "TN": 101,
      "FP": 133,
      "FN": 5
    },
    "macro_avg": {
      "precision": 0.8480367159612443,
      "recall": 0.7094017094017094,
      "f1_score": 0.721067634102099
    },
    "accuracy": 0.7788461538461539
  },
  "test_config": {
    "model_path": "results/densenet/chest_xray/layers_None/batch_size_32/loss_cross_entropy/sampler_balanced/epochs_500/",
    "cross_dataset_path": "../../datasets/chest_xray",
    "pretrained_model": "densenet",
    "batch_size": 32,
    "device": "cuda"
  }
}