{
  "train_loss": [
    0.014052640508891153
  ],
  "val_loss": [
    0.004162664837001868
  ]
}