{
  "total_time_seconds": 1.1737868785858154,
  "epoch_times": [
    {
      "epoch": 0,
      "time_seconds": 1.1724216938018799
    }
  ],
  "batch_times": {
    "train": [
      {
        "epoch": 0,
        "avg_batch_time_seconds": 0.0006129247856757401,
        "total_batches": 1236,
        "total_time_seconds": 1.0585167407989502
      }
    ],
    "val": [
      {
        "epoch": 0,
        "avg_batch_time_seconds": 0.0001397240894897856,
        "total_batches": 309,
        "total_time_seconds": 0.11196446418762207
      }
    ]
  },
  "throughput": {
    "train": [
      {
        "epoch": 0,
        "total_samples": 39546,
        "total_time_seconds": 1.0585167407989502
      }
    ],
    "val": [
      {
        "epoch": 0,
        "total_samples": 9887,
        "total_time_seconds": 0.11196446418762207
      }
    ]
  },
  "memory_usage": [
    {
      "epoch": 0,
      "cpu_memory_mb": 1822.54296875,
      "gpu_memory_allocated_mb": 116.83642578125,
      "gpu_memory_reserved_mb": 186.0,
      "gpu_memory_max_allocated_mb": 373.17041015625,
      "gpu_utilization": 24
    }
  ],
  "model_info": {
    "total_params": 83008,
    "trainable_params": 83008,
    "model_size_mb": 0.3186187744140625
  },
  "initial_memory": {
    "cpu_memory_mb": 1822.54296875,
    "gpu_memory_allocated_mb": 115.71435546875,
    "gpu_memory_reserved_mb": 652.0,
    "gpu_memory_max_allocated_mb": 373.17041015625,
    "gpu_utilization": 0
  },
  "final_memory": {
    "cpu_memory_mb": 1822.54296875,
    "gpu_memory_allocated_mb": 116.83642578125,
    "gpu_memory_reserved_mb": 186.0,
    "gpu_memory_max_allocated_mb": 373.17041015625,
    "gpu_utilization": 24
  }
}