{
  "confusion_matrix": [
    [
      3820,
      315
    ],
    [
      1028,
      747
    ]
  ],
  "total_samples": 5910,
  "correct_predictions": 4567,
  "accuracy": 0.7727580372250423,
  "loss": 0.47159059733505376,
  "classification_report": {
    "NORMAL": {
      "precision": 0.7879537953795379,
      "recall": 0.9238210399032648,
      "f1_score": 0.8504948833127884,
      "specificity": 0.4208450704225352,
      "TP": 3820,
      "TN": 747,
      "FP": 1028,
      "FN": 315
    },
    "PNEUMONIA": {
      "precision": 0.7033898305084746,
      "recall": 0.4208450704225352,
      "f1_score": 0.5266121505454391,
      "specificity": 0.9238210399032648,
      "TP": 747,
      "TN": 3820,
      "FP": 315,
      "FN": 1028
    },
    "macro_avg": {
      "precision": 0.7456718129440063,
      "recall": 0.6723330551629,
      "f1_score": 0.6885535169291137
    },
    "accuracy": 0.7727580372250423
  },
  "training_history": {
    "train_loss": [
      0.04252716082405675
    ],
    "val_loss": [
      0.026354390409065894
    ]
  },
  "computational_metrics": {
    "total_time_seconds": 0.5307543277740479,
    "epoch_times": [
      {
        "epoch": 0,
        "time_seconds": 0.5293917655944824
      }
    ],
    "batch_times": {
      "train": [
        {
          "epoch": 0,
          "avg_batch_time_seconds": 0.0006254976683289465,
          "total_batches": 548,
          "total_time_seconds": 0.48006486892700195
        }
      ],
      "val": [
        {
          "epoch": 0,
          "avg_batch_time_seconds": 0.00013683312130670478,
          "total_batches": 137,
          "total_time_seconds": 0.04782438278198242
        }
      ]
    },
    "throughput": {
      "train": [
        {
          "epoch": 0,
          "total_samples": 17507,
          "total_time_seconds": 0.48006486892700195
        }
      ],
      "val": [
        {
          "epoch": 0,
          "total_samples": 4377,
          "total_time_seconds": 0.04782438278198242
        }
      ]
    },
    "memory_usage": [
      {
        "epoch": 0,
        "cpu_memory_mb": 1701.109375,
        "gpu_memory_allocated_mb": 62.5146484375,
        "gpu_memory_reserved_mb": 136.0,
        "gpu_memory_max_allocated_mb": 372.94921875,
        "gpu_utilization": 0
      }
    ],
    "model_info": {
      "total_params": 83008,
      "trainable_params": 83008,
      "model_size_mb": 0.3186187744140625
    },
    "initial_memory": {
      "cpu_memory_mb": 1701.109375,
      "gpu_memory_allocated_mb": 61.48779296875,
      "gpu_memory_reserved_mb": 540.0,
      "gpu_memory_max_allocated_mb": 372.94921875,
      "gpu_utilization": 0
    },
    "final_memory": {
      "cpu_memory_mb": 1701.109375,
      "gpu_memory_allocated_mb": 62.5146484375,
      "gpu_memory_reserved_mb": 136.0,
      "gpu_memory_max_allocated_mb": 372.94921875,
      "gpu_utilization": 0
    }
  },
  "training_config": {
    "source_name": "chest_xray",
    "target_name": "rsna",
    "pretrained_model": "densenet",
    "epochs": 1,
    "batch_size": 32,
    "early_stopping_patience": 100,
    "device": "cuda"
  }
}