{
  "train_loss": [
    0.05539479934907515
  ],
  "val_loss": [
    0.010537612691802731
  ]
}