{
  "train_loss": [
    0.04252716082405675
  ],
  "val_loss": [
    0.026354390409065894
  ]
}