{
  "confusion_matrix": [
    [
      116,
      118
    ],
    [
      115,
      275
    ]
  ],
  "total_samples": 624,
  "correct_predictions": 391,
  "accuracy": 0.6266025641025641,
  "loss": 0.643119738652156,
  "classification_report": {
    "NORMAL": {
      "precision": 0.5021645021645021,
      "recall": 0.49572649572649574,
      "f1_score": 0.4989242312041084,
      "specificity": 0.7051282051282052,
      "TP": 116,
      "TN": 275,
      "FP": 115,
      "FN": 118
    },
    "PNEUMONIA": {
      "precision": 0.6997455470737913,
      "recall": 0.7051282051282052,
      "f1_score": 0.7024260645032259,
      "specificity": 0.49572649572649574,
      "TP": 275,
      "TN": 116,
      "FP": 118,
      "FN": 115
    },
    "macro_avg": {
      "precision": 0.6009550246191467,
      "recall": 0.6004273504273505,
      "f1_score": 0.6006751478536672
    },
    "accuracy": 0.6266025641025641
  },
  "test_config": {
    "model_path": "results/densenet/CXR8/layers_None/batch_size_32/epochs_500/timestamp_11122025_140223/",
    "cross_dataset_path": "../../datasets/chest_xray",
    "pretrained_model": "densenet",
    "batch_size": 32,
    "device": "cuda"
  }
}