{
  "confusion_matrix": [
    [
      231,
      3
    ],
    [
      359,
      31
    ]
  ],
  "total_samples": 624,
  "correct_predictions": 262,
  "accuracy": 0.4198717948717949,
  "loss": 0.7603477346591461,
  "classification_report": {
    "NORMAL": {
      "precision": 0.39152542372881355,
      "recall": 0.9871794871794872,
      "f1_score": 0.5606792049795579,
      "specificity": 0.07948717948717948,
      "TP": 231,
      "TN": 31,
      "FP": 359,
      "FN": 3
    },
    "PNEUMONIA": {
      "precision": 0.9117647058823529,
      "recall": 0.07948717948717948,
      "f1_score": 0.14622626757757848,
      "specificity": 0.9871794871794872,
      "TP": 31,
      "TN": 231,
      "FP": 3,
      "FN": 359
    },
    "macro_avg": {
      "precision": 0.6516450648055833,
      "recall": 0.5333333333333333,
      "f1_score": 0.3534527362785682
    },
    "accuracy": 0.4198717948717949
  },
  "test_config": {
    "model_path": "results/mobilenet/CXR8/layers_2/batch_size_32/epochs_500/timestamp_11122025_150411/",
    "cross_dataset_path": "../../datasets/chest_xray",
    "pretrained_model": "mobilenet",
    "batch_size": 32,
    "device": "cuda"
  }
}